{"Time":"2026-09-28T23:46:10.5375269+05:30","Action":"start","Package":"resonance"}
{"Time":"2026-09-28T23:46:10.589133+05:30","Action":"run","Package":"resonance","Test":"TestM14TracksPageRepeatedAt304Tracks"}
{"Time":"2026-09-28T23:46:10.589133+05:30","Action":"output","Package":"resonance","Test":"TestM14TracksPageRepeatedAt304Tracks","Output":"=== RUN   TestM14TracksPageRepeatedAt304Tracks\n"}
{"Time":"2026-09-28T23:46:14.8451525+05:30","Action":"output","Package":"resonance","Test":"TestM14TracksPageRepeatedAt304Tracks","Output":"    catalog_integration_test.go:230: 100 successful 304-track Tracks pages; maximum request 30.3903ms\n"}
{"Time":"2026-09-28T23:46:14.950055+05:30","Action":"output","Package":"resonance","Test":"TestM14TracksPageRepeatedAt304Tracks","Output":"--- PASS: TestM14TracksPageRepeatedAt304Tracks (4.36s)\n"}
{"Time":"2026-09-28T23:46:14.9505665+05:30","Action":"pass","Package":"resonance","Test":"TestM14TracksPageRepeatedAt304Tracks","Elapsed":4.36}
{"Time":"2026-09-28T23:46:14.9505665+05:30","Action":"run","Package":"resonance","Test":"TestCatalogHTTPAndRealRanges"}
{"Time":"2026-09-28T23:46:14.9505665+05:30","Action":"output","Package":"resonance","Test":"TestCatalogHTTPAndRealRanges","Output":"=== RUN   TestCatalogHTTPAndRealRanges\n"}
{"Time":"2026-09-28T23:46:15.7013976+05:30","Action":"output","Package":"resonance","Test":"TestCatalogHTTPAndRealRanges","Output":"--- PASS: TestCatalogHTTPAndRealRanges (0.75s)\n"}
{"Time":"2026-09-28T23:46:15.7013976+05:30","Action":"pass","Package":"resonance","Test":"TestCatalogHTTPAndRealRanges","Elapsed":0.75}
{"Time":"2026-09-28T23:46:15.7013976+05:30","Action":"run","Package":"resonance","Test":"TestPublicCatalogStructsHaveNoHostPathFields"}
{"Time":"2026-09-28T23:46:15.7013976+05:30","Action":"output","Package":"resonance","Test":"TestPublicCatalogStructsHaveNoHostPathFields","Output":"=== RUN   TestPublicCatalogStructsHaveNoHostPathFields\n"}
{"Time":"2026-09-28T23:46:15.7013976+05:30","Action":"output","Package":"resonance","Test":"TestPublicCatalogStructsHaveNoHostPathFields","Output":"--- PASS: TestPublicCatalogStructsHaveNoHostPathFields (0.00s)\n"}
{"Time":"2026-09-28T23:46:15.7013976+05:30","Action":"pass","Package":"resonance","Test":"TestPublicCatalogStructsHaveNoHostPathFields","Elapsed":0}
{"Time":"2026-09-28T23:46:15.7013976+05:30","Action":"run","Package":"resonance","Test":"TestVerifiedArtworkRejectsWrongHashAndMIME"}
{"Time":"2026-09-28T23:46:15.7013976+05:30","Action":"output","Package":"resonance","Test":"TestVerifiedArtworkRejectsWrongHashAndMIME","Output":"=== RUN   TestVerifiedArtworkRejectsWrongHashAndMIME\n"}
{"Time":"2026-09-28T23:46:15.7081104+05:30","Action":"output","Package":"resonance","Test":"TestVerifiedArtworkRejectsWrongHashAndMIME","Output":"--- PASS: TestVerifiedArtworkRejectsWrongHashAndMIME (0.01s)\n"}
{"Time":"2026-09-28T23:46:15.7081104+05:30","Action":"pass","Package":"resonance","Test":"TestVerifiedArtworkRejectsWrongHashAndMIME","Elapsed":0.01}
{"Time":"2026-09-28T23:46:15.7081104+05:30","Action":"run","Package":"resonance","Test":"TestStoredMediaPathValidation"}
{"Time":"2026-09-28T23:46:15.7081104+05:30","Action":"output","Package":"resonance","Test":"TestStoredMediaPathValidation","Output":"=== RUN   TestStoredMediaPathValidation\n"}
{"Time":"2026-09-28T23:46:15.7081104+05:30","Action":"output","Package":"resonance","Test":"TestStoredMediaPathValidation","Output":"--- PASS: TestStoredMediaPathValidation (0.00s)\n"}
{"Time":"2026-09-28T23:46:15.7081104+05:30","Action":"pass","Package":"resonance","Test":"TestStoredMediaPathValidation","Elapsed":0}
{"Time":"2026-09-28T23:46:15.7081104+05:30","Action":"run","Package":"resonance","Test":"TestCatalogOpenRejectsLinksAndChangedNativeEvidence"}
{"Time":"2026-09-28T23:46:15.7081104+05:30","Action":"output","Package":"resonance","Test":"TestCatalogOpenRejectsLinksAndChangedNativeEvidence","Output":"=== RUN   TestCatalogOpenRejectsLinksAndChangedNativeEvidence\n"}
{"Time":"2026-09-28T23:46:15.7162949+05:30","Action":"output","Package":"resonance","Test":"TestCatalogOpenRejectsLinksAndChangedNativeEvidence","Output":"--- PASS: TestCatalogOpenRejectsLinksAndChangedNativeEvidence (0.01s)\n"}
{"Time":"2026-09-28T23:46:15.7162949+05:30","Action":"pass","Package":"resonance","Test":"TestCatalogOpenRejectsLinksAndChangedNativeEvidence","Elapsed":0.01}
{"Time":"2026-09-28T23:46:15.7162949+05:30","Action":"run","Package":"resonance","Test":"TestCatalogOpenRejectsPathReplacementAfterOpen"}
{"Time":"2026-09-28T23:46:15.7162949+05:30","Action":"output","Package":"resonance","Test":"TestCatalogOpenRejectsPathReplacementAfterOpen","Output":"=== RUN   TestCatalogOpenRejectsPathReplacementAfterOpen\n"}
{"Time":"2026-09-28T23:46:15.7232322+05:30","Action":"output","Package":"resonance","Test":"TestCatalogOpenRejectsPathReplacementAfterOpen","Output":"--- PASS: TestCatalogOpenRejectsPathReplacementAfterOpen (0.01s)\n"}
{"Time":"2026-09-28T23:46:15.7232322+05:30","Action":"pass","Package":"resonance","Test":"TestCatalogOpenRejectsPathReplacementAfterOpen","Elapsed":0.01}
{"Time":"2026-09-28T23:46:15.7232322+05:30","Action":"run","Package":"resonance","Test":"TestCatalogOpenRejectsRedirectedEnrolledRoot"}
{"Time":"2026-09-28T23:46:15.7232322+05:30","Action":"output","Package":"resonance","Test":"TestCatalogOpenRejectsRedirectedEnrolledRoot","Output":"=== RUN   TestCatalogOpenRejectsRedirectedEnrolledRoot\n"}
{"Time":"2026-09-28T23:46:16.1176994+05:30","Action":"output","Package":"resonance","Test":"TestCatalogOpenRejectsRedirectedEnrolledRoot","Output":"--- PASS: TestCatalogOpenRejectsRedirectedEnrolledRoot (0.39s)\n"}
{"Time":"2026-09-28T23:46:16.1176994+05:30","Action":"pass","Package":"resonance","Test":"TestCatalogOpenRejectsRedirectedEnrolledRoot","Elapsed":0.39}
{"Time":"2026-09-28T23:46:16.1176994+05:30","Action":"run","Package":"resonance","Test":"TestM16BenchmarkIndexedRangeDuringUserLibraryWrite"}
{"Time":"2026-09-28T23:46:16.1176994+05:30","Action":"output","Package":"resonance","Test":"TestM16BenchmarkIndexedRangeDuringUserLibraryWrite","Output":"=== RUN   TestM16BenchmarkIndexedRangeDuringUserLibraryWrite\n"}
{"Time":"2026-09-28T23:46:16.1176994+05:30","Action":"output","Package":"resonance","Test":"TestM16BenchmarkIndexedRangeDuringUserLibraryWrite","Output":"    m16_http_benchmark_integration_test.go:40: set RESONANCE_M16_RANGE_BENCHMARK_OUTPUT to write Range/write overlap evidence\n"}
{"Time":"2026-09-28T23:46:16.1176994+05:30","Action":"output","Package":"resonance","Test":"TestM16BenchmarkIndexedRangeDuringUserLibraryWrite","Output":"--- SKIP: TestM16BenchmarkIndexedRangeDuringUserLibraryWrite (0.00s)\n"}
{"Time":"2026-09-28T23:46:16.1176994+05:30","Action":"skip","Package":"resonance","Test":"TestM16BenchmarkIndexedRangeDuringUserLibraryWrite","Elapsed":0}
{"Time":"2026-09-28T23:46:16.1176994+05:30","Action":"run","Package":"resonance","Test":"TestM16DiagnosticsRemainSeparateFromReadiness"}
{"Time":"2026-09-28T23:46:16.1176994+05:30","Action":"output","Package":"resonance","Test":"TestM16DiagnosticsRemainSeparateFromReadiness","Output":"=== RUN   TestM16DiagnosticsRemainSeparateFromReadiness\n"}
{"Time":"2026-09-28T23:46:16.1243206+05:30","Action":"output","Package":"resonance","Test":"TestM16DiagnosticsRemainSeparateFromReadiness","Output":"--- PASS: TestM16DiagnosticsRemainSeparateFromReadiness (0.01s)\n"}
{"Time":"2026-09-28T23:46:16.1243206+05:30","Action":"pass","Package":"resonance","Test":"TestM16DiagnosticsRemainSeparateFromReadiness","Elapsed":0.01}
{"Time":"2026-09-28T23:46:16.1243206+05:30","Action":"run","Package":"resonance","Test":"TestM17ChangedMediaHTTPConcurrency"}
{"Time":"2026-09-28T23:46:16.1243206+05:30","Action":"output","Package":"resonance","Test":"TestM17ChangedMediaHTTPConcurrency","Output":"=== RUN   TestM17ChangedMediaHTTPConcurrency\n"}
{"Time":"2026-09-28T23:46:16.1248738+05:30","Action":"output","Package":"resonance","Test":"TestM17ChangedMediaHTTPConcurrency","Output":"    m17_concurrency_benchmark_integration_test.go:54: explicit M1.7 changed-media benchmark only\n"}
{"Time":"2026-09-28T23:46:16.1248738+05:30","Action":"output","Package":"resonance","Test":"TestM17ChangedMediaHTTPConcurrency","Output":"--- SKIP: TestM17ChangedMediaHTTPConcurrency (0.00s)\n"}
{"Time":"2026-09-28T23:46:16.1248738+05:30","Action":"skip","Package":"resonance","Test":"TestM17ChangedMediaHTTPConcurrency","Elapsed":0}
{"Time":"2026-09-28T23:46:16.1248738+05:30","Action":"run","Package":"resonance","Test":"TestM17MeasuredIntervalOverlap"}
{"Time":"2026-09-28T23:46:16.1248738+05:30","Action":"output","Package":"resonance","Test":"TestM17MeasuredIntervalOverlap","Output":"=== RUN   TestM17MeasuredIntervalOverlap\n"}
{"Time":"2026-09-28T23:46:16.1248738+05:30","Action":"run","Package":"resonance","Test":"TestM17MeasuredIntervalOverlap/positive"}
{"Time":"2026-09-28T23:46:16.1248738+05:30","Action":"output","Package":"resonance","Test":"TestM17MeasuredIntervalOverlap/positive","Output":"=== RUN   TestM17MeasuredIntervalOverlap/positive\n"}
{"Time":"2026-09-28T23:46:16.1248738+05:30","Action":"output","Package":"resonance","Test":"TestM17MeasuredIntervalOverlap/positive","Output":"--- PASS: TestM17MeasuredIntervalOverlap/positive (0.00s)\n"}
{"Time":"2026-09-28T23:46:16.1248738+05:30","Action":"pass","Package":"resonance","Test":"TestM17MeasuredIntervalOverlap/positive","Elapsed":0}
{"Time":"2026-09-28T23:46:16.1248738+05:30","Action":"run","Package":"resonance","Test":"TestM17MeasuredIntervalOverlap/touching"}
{"Time":"2026-09-28T23:46:16.1248738+05:30","Action":"output","Package":"resonance","Test":"TestM17MeasuredIntervalOverlap/touching","Output":"=== RUN   TestM17MeasuredIntervalOverlap/touching\n"}
{"Time":"2026-09-28T23:46:16.1248738+05:30","Action":"output","Package":"resonance","Test":"TestM17MeasuredIntervalOverlap/touching","Output":"--- PASS: TestM17MeasuredIntervalOverlap/touching (0.00s)\n"}
{"Time":"2026-09-28T23:46:16.1248738+05:30","Action":"pass","Package":"resonance","Test":"TestM17MeasuredIntervalOverlap/touching","Elapsed":0}
{"Time":"2026-09-28T23:46:16.1248738+05:30","Action":"run","Package":"resonance","Test":"TestM17MeasuredIntervalOverlap/zero_inside"}
{"Time":"2026-09-28T23:46:16.1248738+05:30","Action":"output","Package":"resonance","Test":"TestM17MeasuredIntervalOverlap/zero_inside","Output":"=== RUN   TestM17MeasuredIntervalOverlap/zero_inside\n"}
{"Time":"2026-09-28T23:46:16.1248738+05:30","Action":"output","Package":"resonance","Test":"TestM17MeasuredIntervalOverlap/zero_inside","Output":"--- PASS: TestM17MeasuredIntervalOverlap/zero_inside (0.00s)\n"}
{"Time":"2026-09-28T23:46:16.1248738+05:30","Action":"pass","Package":"resonance","Test":"TestM17MeasuredIntervalOverlap/zero_inside","Elapsed":0}
{"Time":"2026-09-28T23:46:16.1248738+05:30","Action":"run","Package":"resonance","Test":"TestM17MeasuredIntervalOverlap/reversed"}
{"Time":"2026-09-28T23:46:16.1248738+05:30","Action":"output","Package":"resonance","Test":"TestM17MeasuredIntervalOverlap/reversed","Output":"=== RUN   TestM17MeasuredIntervalOverlap/reversed\n"}
{"Time":"2026-09-28T23:46:16.1248738+05:30","Action":"output","Package":"resonance","Test":"TestM17MeasuredIntervalOverlap/reversed","Output":"--- PASS: TestM17MeasuredIntervalOverlap/reversed (0.00s)\n"}
{"Time":"2026-09-28T23:46:16.1248738+05:30","Action":"pass","Package":"resonance","Test":"TestM17MeasuredIntervalOverlap/reversed","Elapsed":0}
{"Time":"2026-09-28T23:46:16.1248738+05:30","Action":"run","Package":"resonance","Test":"TestM17MeasuredIntervalOverlap/disjoint"}
{"Time":"2026-09-28T23:46:16.1248738+05:30","Action":"output","Package":"resonance","Test":"TestM17MeasuredIntervalOverlap/disjoint","Output":"=== RUN   TestM17MeasuredIntervalOverlap/disjoint\n"}
{"Time":"2026-09-28T23:46:16.1248738+05:30","Action":"output","Package":"resonance","Test":"TestM17MeasuredIntervalOverlap/disjoint","Output":"--- PASS: TestM17MeasuredIntervalOverlap/disjoint (0.00s)\n"}
{"Time":"2026-09-28T23:46:16.1248738+05:30","Action":"pass","Package":"resonance","Test":"TestM17MeasuredIntervalOverlap/disjoint","Elapsed":0}
{"Time":"2026-09-28T23:46:16.1248738+05:30","Action":"output","Package":"resonance","Test":"TestM17MeasuredIntervalOverlap","Output":"--- PASS: TestM17MeasuredIntervalOverlap (0.00s)\n"}
{"Time":"2026-09-28T23:46:16.1248738+05:30","Action":"pass","Package":"resonance","Test":"TestM17MeasuredIntervalOverlap","Elapsed":0}
{"Time":"2026-09-28T23:46:16.1248738+05:30","Action":"run","Package":"resonance","Test":"TestM17PlaylistSupportedCapBenchmark"}
{"Time":"2026-09-28T23:46:16.1248738+05:30","Action":"output","Package":"resonance","Test":"TestM17PlaylistSupportedCapBenchmark","Output":"=== RUN   TestM17PlaylistSupportedCapBenchmark\n"}
{"Time":"2026-09-28T23:46:16.1254414+05:30","Action":"output","Package":"resonance","Test":"TestM17PlaylistSupportedCapBenchmark","Output":"    m17_playlist_benchmark_integration_test.go:23: explicit 5000-entry playlist evidence run\n"}
{"Time":"2026-09-28T23:46:16.1254414+05:30","Action":"output","Package":"resonance","Test":"TestM17PlaylistSupportedCapBenchmark","Output":"--- SKIP: TestM17PlaylistSupportedCapBenchmark (0.00s)\n"}
{"Time":"2026-09-28T23:46:16.1254414+05:30","Action":"skip","Package":"resonance","Test":"TestM17PlaylistSupportedCapBenchmark","Elapsed":0}
{"Time":"2026-09-28T23:46:16.1254414+05:30","Action":"run","Package":"resonance","Test":"TestM17NormalShutdownStreamPersistenceAndLostResponse"}
{"Time":"2026-09-28T23:46:16.1254414+05:30","Action":"output","Package":"resonance","Test":"TestM17NormalShutdownStreamPersistenceAndLostResponse","Output":"=== RUN   TestM17NormalShutdownStreamPersistenceAndLostResponse\n"}
{"Time":"2026-09-28T23:46:47.3528944+05:30","Action":"output","Package":"resonance","Test":"TestM17NormalShutdownStreamPersistenceAndLostResponse","Output":"    m17_process_windows_integration_test.go:217: {\n"}
{"Time":"2026-09-28T23:46:47.3528944+05:30","Action":"output","Package":"resonance","Test":"TestM17NormalShutdownStreamPersistenceAndLostResponse","Output":"          \"favorite_persisted\": true,\n"}
{"Time":"2026-09-28T23:46:47.3528944+05:30","Action":"output","Package":"resonance","Test":"TestM17NormalShutdownStreamPersistenceAndLostResponse","Output":"          \"media_expected_bytes\": 26460044,\n"}
{"Time":"2026-09-28T23:46:47.3528944+05:30","Action":"output","Package":"resonance","Test":"TestM17NormalShutdownStreamPersistenceAndLostResponse","Output":"          \"media_received_bytes\": 4816640,\n"}
{"Time":"2026-09-28T23:46:47.3528944+05:30","Action":"output","Package":"resonance","Test":"TestM17NormalShutdownStreamPersistenceAndLostResponse","Output":"          \"original_receipt_replayed_after_restart\": true,\n"}
{"Time":"2026-09-28T23:46:47.3528944+05:30","Action":"output","Package":"resonance","Test":"TestM17NormalShutdownStreamPersistenceAndLostResponse","Output":"          \"playlist_persisted\": true,\n"}
{"Time":"2026-09-28T23:46:47.3528944+05:30","Action":"output","Package":"resonance","Test":"TestM17NormalShutdownStreamPersistenceAndLostResponse","Output":"          \"queue_persisted\": true,\n"}
{"Time":"2026-09-28T23:46:47.3528944+05:30","Action":"output","Package":"resonance","Test":"TestM17NormalShutdownStreamPersistenceAndLostResponse","Output":"          \"shutdown_ms\": 10603.619,\n"}
{"Time":"2026-09-28T23:46:47.3528944+05:30","Action":"output","Package":"resonance","Test":"TestM17NormalShutdownStreamPersistenceAndLostResponse","Output":"          \"stream_completed\": false,\n"}
{"Time":"2026-09-28T23:46:47.3528944+05:30","Action":"output","Package":"resonance","Test":"TestM17NormalShutdownStreamPersistenceAndLostResponse","Output":"          \"stream_error\": \"read tcp 127.0.0.1:64135-\\u003e127.0.0.1:64125: wsarecv: An existing connection was forcibly closed by the remote host.\"\n"}
{"Time":"2026-09-28T23:46:47.3528944+05:30","Action":"output","Package":"resonance","Test":"TestM17NormalShutdownStreamPersistenceAndLostResponse","Output":"        }\n"}
{"Time":"2026-09-28T23:46:47.415943+05:30","Action":"output","Package":"resonance","Test":"TestM17NormalShutdownStreamPersistenceAndLostResponse","Output":"--- PASS: TestM17NormalShutdownStreamPersistenceAndLostResponse (31.29s)\n"}
{"Time":"2026-09-28T23:46:47.415943+05:30","Action":"pass","Package":"resonance","Test":"TestM17NormalShutdownStreamPersistenceAndLostResponse","Elapsed":31.29}
{"Time":"2026-09-28T23:46:47.415943+05:30","Action":"run","Package":"resonance","Test":"TestM17ConfiguredStartupRejection"}
{"Time":"2026-09-28T23:46:47.415943+05:30","Action":"output","Package":"resonance","Test":"TestM17ConfiguredStartupRejection","Output":"=== RUN   TestM17ConfiguredStartupRejection\n"}
{"Time":"2026-09-28T23:46:47.415943+05:30","Action":"run","Package":"resonance","Test":"TestM17ConfiguredStartupRejection/unreachable"}
{"Time":"2026-09-28T23:46:47.415943+05:30","Action":"output","Package":"resonance","Test":"TestM17ConfiguredStartupRejection/unreachable","Output":"=== RUN   TestM17ConfiguredStartupRejection/unreachable\n"}
{"Time":"2026-09-28T23:46:47.9793054+05:30","Action":"output","Package":"resonance","Test":"TestM17ConfiguredStartupRejection/unreachable","Output":"--- PASS: TestM17ConfiguredStartupRejection/unreachable (0.56s)\n"}
{"Time":"2026-09-28T23:46:47.9793054+05:30","Action":"pass","Package":"resonance","Test":"TestM17ConfiguredStartupRejection/unreachable","Elapsed":0.56}
{"Time":"2026-09-28T23:46:47.9793054+05:30","Action":"run","Package":"resonance","Test":"TestM17ConfiguredStartupRejection/damaged"}
{"Time":"2026-09-28T23:46:47.9793054+05:30","Action":"output","Package":"resonance","Test":"TestM17ConfiguredStartupRejection/damaged","Output":"=== RUN   TestM17ConfiguredStartupRejection/damaged\n"}
{"Time":"2026-09-28T23:46:48.6590414+05:30","Action":"output","Package":"resonance","Test":"TestM17ConfiguredStartupRejection/damaged","Output":"--- PASS: TestM17ConfiguredStartupRejection/damaged (0.68s)\n"}
{"Time":"2026-09-28T23:46:48.6590414+05:30","Action":"pass","Package":"resonance","Test":"TestM17ConfiguredStartupRejection/damaged","Elapsed":0.68}
{"Time":"2026-09-28T23:46:48.6590414+05:30","Action":"run","Package":"resonance","Test":"TestM17ConfiguredStartupRejection/pending"}
{"Time":"2026-09-28T23:46:48.6590414+05:30","Action":"output","Package":"resonance","Test":"TestM17ConfiguredStartupRejection/pending","Output":"=== RUN   TestM17ConfiguredStartupRejection/pending\n"}
{"Time":"2026-09-28T23:46:49.5344614+05:30","Action":"output","Package":"resonance","Test":"TestM17ConfiguredStartupRejection/pending","Output":"--- PASS: TestM17ConfiguredStartupRejection/pending (0.88s)\n"}
{"Time":"2026-09-28T23:46:49.5344614+05:30","Action":"pass","Package":"resonance","Test":"TestM17ConfiguredStartupRejection/pending","Elapsed":0.88}
{"Time":"2026-09-28T23:46:49.5344614+05:30","Action":"output","Package":"resonance","Test":"TestM17ConfiguredStartupRejection","Output":"--- PASS: TestM17ConfiguredStartupRejection (2.12s)\n"}
{"Time":"2026-09-28T23:46:49.5344614+05:30","Action":"pass","Package":"resonance","Test":"TestM17ConfiguredStartupRejection","Elapsed":2.12}
{"Time":"2026-09-28T23:46:49.5344614+05:30","Action":"run","Package":"resonance","Test":"TestM17AllPublicRoutesPrivacyAndConfinementCanaries"}
{"Time":"2026-09-28T23:46:49.5349718+05:30","Action":"output","Package":"resonance","Test":"TestM17AllPublicRoutesPrivacyAndConfinementCanaries","Output":"=== RUN   TestM17AllPublicRoutesPrivacyAndConfinementCanaries\n"}
{"Time":"2026-09-28T23:46:50.2006657+05:30","Action":"output","Package":"resonance","Test":"TestM17AllPublicRoutesPrivacyAndConfinementCanaries","Output":"--- PASS: TestM17AllPublicRoutesPrivacyAndConfinementCanaries (0.67s)\n"}
{"Time":"2026-09-28T23:46:50.2006657+05:30","Action":"pass","Package":"resonance","Test":"TestM17AllPublicRoutesPrivacyAndConfinementCanaries","Elapsed":0.67}
{"Time":"2026-09-28T23:46:50.2006657+05:30","Action":"run","Package":"resonance","Test":"TestSharedMediaPreHeaderFailureKeepsErrorResponse"}
{"Time":"2026-09-28T23:46:50.2006657+05:30","Action":"output","Package":"resonance","Test":"TestSharedMediaPreHeaderFailureKeepsErrorResponse","Output":"=== RUN   TestSharedMediaPreHeaderFailureKeepsErrorResponse\n"}
{"Time":"2026-09-28T23:46:50.2033924+05:30","Action":"output","Package":"resonance","Test":"TestSharedMediaPreHeaderFailureKeepsErrorResponse","Output":"--- PASS: TestSharedMediaPreHeaderFailureKeepsErrorResponse (0.00s)\n"}
{"Time":"2026-09-28T23:46:50.2033924+05:30","Action":"pass","Package":"resonance","Test":"TestSharedMediaPreHeaderFailureKeepsErrorResponse","Elapsed":0}
{"Time":"2026-09-28T23:46:50.2033924+05:30","Action":"run","Package":"resonance","Test":"TestReadinessSeparateFromLiveness"}
{"Time":"2026-09-28T23:46:50.2033924+05:30","Action":"output","Package":"resonance","Test":"TestReadinessSeparateFromLiveness","Output":"=== RUN   TestReadinessSeparateFromLiveness\n"}
{"Time":"2026-09-28T23:46:50.2039426+05:30","Action":"output","Package":"resonance","Test":"TestReadinessSeparateFromLiveness","Output":"--- PASS: TestReadinessSeparateFromLiveness (0.00s)\n"}
{"Time":"2026-09-28T23:46:50.2039426+05:30","Action":"pass","Package":"resonance","Test":"TestReadinessSeparateFromLiveness","Elapsed":0}
{"Time":"2026-09-28T23:46:50.2039426+05:30","Action":"run","Package":"resonance","Test":"TestDatabaseFailureDoesNotGateDemo"}
{"Time":"2026-09-28T23:46:50.2039426+05:30","Action":"output","Package":"resonance","Test":"TestDatabaseFailureDoesNotGateDemo","Output":"=== RUN   TestDatabaseFailureDoesNotGateDemo\n"}
{"Time":"2026-09-28T23:46:50.2072285+05:30","Action":"output","Package":"resonance","Test":"TestDatabaseFailureDoesNotGateDemo","Output":"--- PASS: TestDatabaseFailureDoesNotGateDemo (0.00s)\n"}
{"Time":"2026-09-28T23:46:50.2072285+05:30","Action":"pass","Package":"resonance","Test":"TestDatabaseFailureDoesNotGateDemo","Elapsed":0}
{"Time":"2026-09-28T23:46:50.2072285+05:30","Action":"run","Package":"resonance","Test":"TestReviewHTTPRangeSemantics"}
{"Time":"2026-09-28T23:46:50.2072285+05:30","Action":"output","Package":"resonance","Test":"TestReviewHTTPRangeSemantics","Output":"=== RUN   TestReviewHTTPRangeSemantics\n"}
{"Time":"2026-09-28T23:46:50.2082913+05:30","Action":"run","Package":"resonance","Test":"TestReviewHTTPRangeSemantics/HEAD_ignores_Range"}
{"Time":"2026-09-28T23:46:50.2082913+05:30","Action":"output","Package":"resonance","Test":"TestReviewHTTPRangeSemantics/HEAD_ignores_Range","Output":"=== RUN   TestReviewHTTPRangeSemantics/HEAD_ignores_Range\n"}
{"Time":"2026-09-28T23:46:50.2088394+05:30","Action":"output","Package":"resonance","Test":"TestReviewHTTPRangeSemantics/HEAD_ignores_Range","Output":"--- PASS: TestReviewHTTPRangeSemantics/HEAD_ignores_Range (0.00s)\n"}
{"Time":"2026-09-28T23:46:50.2088394+05:30","Action":"pass","Package":"resonance","Test":"TestReviewHTTPRangeSemantics/HEAD_ignores_Range","Elapsed":0}
{"Time":"2026-09-28T23:46:50.2088394+05:30","Action":"run","Package":"resonance","Test":"TestReviewHTTPRangeSemantics/HEAD_ignores_invalid_Range"}
{"Time":"2026-09-28T23:46:50.2088394+05:30","Action":"output","Package":"resonance","Test":"TestReviewHTTPRangeSemantics/HEAD_ignores_invalid_Range","Output":"=== RUN   TestReviewHTTPRangeSemantics/HEAD_ignores_invalid_Range\n"}
{"Time":"2026-09-28T23:46:50.2088394+05:30","Action":"output","Package":"resonance","Test":"TestReviewHTTPRangeSemantics/HEAD_ignores_invalid_Range","Output":"--- PASS: TestReviewHTTPRangeSemantics/HEAD_ignores_invalid_Range (0.00s)\n"}
{"Time":"2026-09-28T23:46:50.2088394+05:30","Action":"pass","Package":"resonance","Test":"TestReviewHTTPRangeSemantics/HEAD_ignores_invalid_Range","Elapsed":0}
{"Time":"2026-09-28T23:46:50.2088394+05:30","Action":"run","Package":"resonance","Test":"TestReviewHTTPRangeSemantics/unmatched_If-Range"}
{"Time":"2026-09-28T23:46:50.2088394+05:30","Action":"output","Package":"resonance","Test":"TestReviewHTTPRangeSemantics/unmatched_If-Range","Output":"=== RUN   TestReviewHTTPRangeSemantics/unmatched_If-Range\n"}
{"Time":"2026-09-28T23:46:50.2088394+05:30","Action":"output","Package":"resonance","Test":"TestReviewHTTPRangeSemantics/unmatched_If-Range","Output":"--- PASS: TestReviewHTTPRangeSemantics/unmatched_If-Range (0.00s)\n"}
{"Time":"2026-09-28T23:46:50.2088394+05:30","Action":"pass","Package":"resonance","Test":"TestReviewHTTPRangeSemantics/unmatched_If-Range","Elapsed":0}
{"Time":"2026-09-28T23:46:50.2088394+05:30","Action":"run","Package":"resonance","Test":"TestReviewHTTPRangeSemantics/unknown_unit"}
{"Time":"2026-09-28T23:46:50.2088394+05:30","Action":"output","Package":"resonance","Test":"TestReviewHTTPRangeSemantics/unknown_unit","Output":"=== RUN   TestReviewHTTPRangeSemantics/unknown_unit\n"}
{"Time":"2026-09-28T23:46:50.2093718+05:30","Action":"output","Package":"resonance","Test":"TestReviewHTTPRangeSemantics/unknown_unit","Output":"--- PASS: TestReviewHTTPRangeSemantics/unknown_unit (0.00s)\n"}
{"Time":"2026-09-28T23:46:50.2100188+05:30","Action":"pass","Package":"resonance","Test":"TestReviewHTTPRangeSemantics/unknown_unit","Elapsed":0}
{"Time":"2026-09-28T23:46:50.2100188+05:30","Action":"run","Package":"resonance","Test":"TestReviewHTTPRangeSemantics/multiple_ranges"}
{"Time":"2026-09-28T23:46:50.2100188+05:30","Action":"output","Package":"resonance","Test":"TestReviewHTTPRangeSemantics/multiple_ranges","Output":"=== RUN   TestReviewHTTPRangeSemantics/multiple_ranges\n"}
{"Time":"2026-09-28T23:46:50.210585+05:30","Action":"output","Package":"resonance","Test":"TestReviewHTTPRangeSemantics/multiple_ranges","Output":"--- PASS: TestReviewHTTPRangeSemantics/multiple_ranges (0.00s)\n"}
{"Time":"2026-09-28T23:46:50.210585+05:30","Action":"pass","Package":"resonance","Test":"TestReviewHTTPRangeSemantics/multiple_ranges","Elapsed":0}
{"Time":"2026-09-28T23:46:50.210585+05:30","Action":"run","Package":"resonance","Test":"TestReviewHTTPRangeSemantics/large_end"}
{"Time":"2026-09-28T23:46:50.210585+05:30","Action":"output","Package":"resonance","Test":"TestReviewHTTPRangeSemantics/large_end","Output":"=== RUN   TestReviewHTTPRangeSemantics/large_end\n"}
{"Time":"2026-09-28T23:46:50.210585+05:30","Action":"output","Package":"resonance","Test":"TestReviewHTTPRangeSemantics/large_end","Output":"--- PASS: TestReviewHTTPRangeSemantics/large_end (0.00s)\n"}
{"Time":"2026-09-28T23:46:50.210585+05:30","Action":"pass","Package":"resonance","Test":"TestReviewHTTPRangeSemantics/large_end","Elapsed":0}
{"Time":"2026-09-28T23:46:50.210585+05:30","Action":"run","Package":"resonance","Test":"TestReviewHTTPRangeSemantics/large_suffix"}
{"Time":"2026-09-28T23:46:50.210585+05:30","Action":"output","Package":"resonance","Test":"TestReviewHTTPRangeSemantics/large_suffix","Output":"=== RUN   TestReviewHTTPRangeSemantics/large_suffix\n"}
{"Time":"2026-09-28T23:46:50.2111263+05:30","Action":"output","Package":"resonance","Test":"TestReviewHTTPRangeSemantics/large_suffix","Output":"--- PASS: TestReviewHTTPRangeSemantics/large_suffix (0.00s)\n"}
{"Time":"2026-09-28T23:46:50.2111263+05:30","Action":"pass","Package":"resonance","Test":"TestReviewHTTPRangeSemantics/large_suffix","Elapsed":0}
{"Time":"2026-09-28T23:46:50.2111263+05:30","Action":"run","Package":"resonance","Test":"TestReviewHTTPRangeSemantics/large_start"}
{"Time":"2026-09-28T23:46:50.2111263+05:30","Action":"output","Package":"resonance","Test":"TestReviewHTTPRangeSemantics/large_start","Output":"=== RUN   TestReviewHTTPRangeSemantics/large_start\n"}
{"Time":"2026-09-28T23:46:50.2111263+05:30","Action":"output","Package":"resonance","Test":"TestReviewHTTPRangeSemantics/large_start","Output":"--- PASS: TestReviewHTTPRangeSemantics/large_start (0.00s)\n"}
{"Time":"2026-09-28T23:46:50.2111263+05:30","Action":"pass","Package":"resonance","Test":"TestReviewHTTPRangeSemantics/large_start","Elapsed":0}
{"Time":"2026-09-28T23:46:50.2121948+05:30","Action":"output","Package":"resonance","Test":"TestReviewHTTPRangeSemantics","Output":"--- PASS: TestReviewHTTPRangeSemantics (0.00s)\n"}
{"Time":"2026-09-28T23:46:50.2121948+05:30","Action":"pass","Package":"resonance","Test":"TestReviewHTTPRangeSemantics","Elapsed":0}
{"Time":"2026-09-28T23:46:50.2121948+05:30","Action":"run","Package":"resonance","Test":"TestReviewAllRequestsHaveIDs"}
{"Time":"2026-09-28T23:46:50.2121948+05:30","Action":"output","Package":"resonance","Test":"TestReviewAllRequestsHaveIDs","Output":"=== RUN   TestReviewAllRequestsHaveIDs\n"}
{"Time":"2026-09-28T23:46:50.2143027+05:30","Action":"output","Package":"resonance","Test":"TestReviewAllRequestsHaveIDs","Output":"--- PASS: TestReviewAllRequestsHaveIDs (0.00s)\n"}
{"Time":"2026-09-28T23:46:50.2143027+05:30","Action":"pass","Package":"resonance","Test":"TestReviewAllRequestsHaveIDs","Elapsed":0}
{"Time":"2026-09-28T23:46:50.2143027+05:30","Action":"run","Package":"resonance","Test":"TestReviewAlreadyCanceledDoesNotStream"}
{"Time":"2026-09-28T23:46:50.2143027+05:30","Action":"output","Package":"resonance","Test":"TestReviewAlreadyCanceledDoesNotStream","Output":"=== RUN   TestReviewAlreadyCanceledDoesNotStream\n"}
{"Time":"2026-09-28T23:46:50.2158704+05:30","Action":"output","Package":"resonance","Test":"TestReviewAlreadyCanceledDoesNotStream","Output":"--- PASS: TestReviewAlreadyCanceledDoesNotStream (0.00s)\n"}
{"Time":"2026-09-28T23:46:50.2158704+05:30","Action":"pass","Package":"resonance","Test":"TestReviewAlreadyCanceledDoesNotStream","Elapsed":0}
{"Time":"2026-09-28T23:46:50.2158704+05:30","Action":"run","Package":"resonance","Test":"TestReviewRealDisconnect"}
{"Time":"2026-09-28T23:46:50.2158704+05:30","Action":"output","Package":"resonance","Test":"TestReviewRealDisconnect","Output":"=== RUN   TestReviewRealDisconnect\n"}
{"Time":"2026-09-28T23:46:50.2234264+05:30","Action":"output","Package":"resonance","Test":"TestReviewRealDisconnect","Output":"--- PASS: TestReviewRealDisconnect (0.01s)\n"}
{"Time":"2026-09-28T23:46:50.2234264+05:30","Action":"pass","Package":"resonance","Test":"TestReviewRealDisconnect","Elapsed":0.01}
{"Time":"2026-09-28T23:46:50.2234264+05:30","Action":"run","Package":"resonance","Test":"TestReviewErrorRepresentation"}
{"Time":"2026-09-28T23:46:50.2234264+05:30","Action":"output","Package":"resonance","Test":"TestReviewErrorRepresentation","Output":"=== RUN   TestReviewErrorRepresentation\n"}
{"Time":"2026-09-28T23:46:50.226178+05:30","Action":"output","Package":"resonance","Test":"TestReviewErrorRepresentation","Output":"--- PASS: TestReviewErrorRepresentation (0.00s)\n"}
{"Time":"2026-09-28T23:46:50.226178+05:30","Action":"pass","Package":"resonance","Test":"TestReviewErrorRepresentation","Elapsed":0}
{"Time":"2026-09-28T23:46:50.226178+05:30","Action":"run","Package":"resonance","Test":"TestReviewMediaSymlinkCannotEscape"}
{"Time":"2026-09-28T23:46:50.226178+05:30","Action":"output","Package":"resonance","Test":"TestReviewMediaSymlinkCannotEscape","Output":"=== RUN   TestReviewMediaSymlinkCannotEscape\n"}
{"Time":"2026-09-28T23:46:50.2272329+05:30","Action":"output","Package":"resonance","Test":"TestReviewMediaSymlinkCannotEscape","Output":"    review_test.go:150: symlink creation unavailable: symlink <local-path>"}
{"Time":"2026-09-28T23:46:50.2282748+05:30","Action":"output","Package":"resonance","Test":"TestReviewMediaSymlinkCannotEscape","Output":"--- SKIP: TestReviewMediaSymlinkCannotEscape (0.00s)\n"}
{"Time":"2026-09-28T23:46:50.2282748+05:30","Action":"skip","Package":"resonance","Test":"TestReviewMediaSymlinkCannotEscape","Elapsed":0}
{"Time":"2026-09-28T23:46:50.2282748+05:30","Action":"run","Package":"resonance","Test":"TestReviewStaticAssetsAreEmbedded"}
{"Time":"2026-09-28T23:46:50.2282748+05:30","Action":"output","Package":"resonance","Test":"TestReviewStaticAssetsAreEmbedded","Output":"=== RUN   TestReviewStaticAssetsAreEmbedded\n"}
{"Time":"2026-09-28T23:46:50.2308668+05:30","Action":"output","Package":"resonance","Test":"TestReviewStaticAssetsAreEmbedded","Output":"--- PASS: TestReviewStaticAssetsAreEmbedded (0.00s)\n"}
{"Time":"2026-09-28T23:46:50.2308668+05:30","Action":"pass","Package":"resonance","Test":"TestReviewStaticAssetsAreEmbedded","Elapsed":0}
{"Time":"2026-09-28T23:46:50.2308668+05:30","Action":"run","Package":"resonance","Test":"TestReviewCopyStopsOnReadFailure"}
{"Time":"2026-09-28T23:46:50.2308668+05:30","Action":"output","Package":"resonance","Test":"TestReviewCopyStopsOnReadFailure","Output":"=== RUN   TestReviewCopyStopsOnReadFailure\n"}
{"Time":"2026-09-28T23:46:50.2308668+05:30","Action":"output","Package":"resonance","Test":"TestReviewCopyStopsOnReadFailure","Output":"--- PASS: TestReviewCopyStopsOnReadFailure (0.00s)\n"}
{"Time":"2026-09-28T23:46:50.2308668+05:30","Action":"pass","Package":"resonance","Test":"TestReviewCopyStopsOnReadFailure","Elapsed":0}
{"Time":"2026-09-28T23:46:50.2308668+05:30","Action":"run","Package":"resonance","Test":"TestReviewTelemetrySeparatesRequestedAndSelected"}
{"Time":"2026-09-28T23:46:50.2308668+05:30","Action":"output","Package":"resonance","Test":"TestReviewTelemetrySeparatesRequestedAndSelected","Output":"=== RUN   TestReviewTelemetrySeparatesRequestedAndSelected\n"}
{"Time":"2026-09-28T23:46:50.2324237+05:30","Action":"output","Package":"resonance","Test":"TestReviewTelemetrySeparatesRequestedAndSelected","Output":"--- PASS: TestReviewTelemetrySeparatesRequestedAndSelected (0.00s)\n"}
{"Time":"2026-09-28T23:46:50.2324237+05:30","Action":"pass","Package":"resonance","Test":"TestReviewTelemetrySeparatesRequestedAndSelected","Elapsed":0}
{"Time":"2026-09-28T23:46:50.2324237+05:30","Action":"run","Package":"resonance","Test":"TestReviewTruncationAbortsAndLogsIncomplete"}
{"Time":"2026-09-28T23:46:50.2324237+05:30","Action":"output","Package":"resonance","Test":"TestReviewTruncationAbortsAndLogsIncomplete","Output":"=== RUN   TestReviewTruncationAbortsAndLogsIncomplete\n"}
{"Time":"2026-09-28T23:46:50.2345814+05:30","Action":"output","Package":"resonance","Test":"TestReviewTruncationAbortsAndLogsIncomplete","Output":"--- PASS: TestReviewTruncationAbortsAndLogsIncomplete (0.00s)\n"}
{"Time":"2026-09-28T23:46:50.2345814+05:30","Action":"pass","Package":"resonance","Test":"TestReviewTruncationAbortsAndLogsIncomplete","Elapsed":0}
{"Time":"2026-09-28T23:46:50.2345814+05:30","Action":"run","Package":"resonance","Test":"TestReviewWindowsStyleClientPaths"}
{"Time":"2026-09-28T23:46:50.2345814+05:30","Action":"output","Package":"resonance","Test":"TestReviewWindowsStyleClientPaths","Output":"=== RUN   TestReviewWindowsStyleClientPaths\n"}
{"Time":"2026-09-28T23:46:50.2361774+05:30","Action":"output","Package":"resonance","Test":"TestReviewWindowsStyleClientPaths","Output":"--- PASS: TestReviewWindowsStyleClientPaths (0.00s)\n"}
{"Time":"2026-09-28T23:46:50.2366979+05:30","Action":"pass","Package":"resonance","Test":"TestReviewWindowsStyleClientPaths","Elapsed":0}
{"Time":"2026-09-28T23:46:50.2366979+05:30","Action":"run","Package":"resonance","Test":"TestWindowsJunctionContainment"}
{"Time":"2026-09-28T23:46:50.2366979+05:30","Action":"output","Package":"resonance","Test":"TestWindowsJunctionContainment","Output":"=== RUN   TestWindowsJunctionContainment\n"}
{"Time":"2026-09-28T23:46:50.5683685+05:30","Action":"output","Package":"resonance","Test":"TestWindowsJunctionContainment","Output":"--- PASS: TestWindowsJunctionContainment (0.33s)\n"}
{"Time":"2026-09-28T23:46:50.5683685+05:30","Action":"pass","Package":"resonance","Test":"TestWindowsJunctionContainment","Elapsed":0.33}
{"Time":"2026-09-28T23:46:50.5683685+05:30","Action":"run","Package":"resonance","Test":"TestHealthAndMetadata"}
{"Time":"2026-09-28T23:46:50.5683685+05:30","Action":"output","Package":"resonance","Test":"TestHealthAndMetadata","Output":"=== RUN   TestHealthAndMetadata\n"}
{"Time":"2026-09-28T23:46:50.5700495+05:30","Action":"output","Package":"resonance","Test":"TestHealthAndMetadata","Output":"--- PASS: TestHealthAndMetadata (0.00s)\n"}
{"Time":"2026-09-28T23:46:50.5700495+05:30","Action":"pass","Package":"resonance","Test":"TestHealthAndMetadata","Elapsed":0}
{"Time":"2026-09-28T23:46:50.5700495+05:30","Action":"run","Package":"resonance","Test":"TestMediaRanges"}
{"Time":"2026-09-28T23:46:50.5700495+05:30","Action":"output","Package":"resonance","Test":"TestMediaRanges","Output":"=== RUN   TestMediaRanges\n"}
{"Time":"2026-09-28T23:46:50.5705856+05:30","Action":"run","Package":"resonance","Test":"TestMediaRanges/full"}
{"Time":"2026-09-28T23:46:50.5705856+05:30","Action":"output","Package":"resonance","Test":"TestMediaRanges/full","Output":"=== RUN   TestMediaRanges/full\n"}
{"Time":"2026-09-28T23:46:50.5711385+05:30","Action":"output","Package":"resonance","Test":"TestMediaRanges/full","Output":"--- PASS: TestMediaRanges/full (0.00s)\n"}
{"Time":"2026-09-28T23:46:50.5711385+05:30","Action":"pass","Package":"resonance","Test":"TestMediaRanges/full","Elapsed":0}
{"Time":"2026-09-28T23:46:50.5711385+05:30","Action":"run","Package":"resonance","Test":"TestMediaRanges/bounded"}
{"Time":"2026-09-28T23:46:50.5711385+05:30","Action":"output","Package":"resonance","Test":"TestMediaRanges/bounded","Output":"=== RUN   TestMediaRanges/bounded\n"}
{"Time":"2026-09-28T23:46:50.5711385+05:30","Action":"output","Package":"resonance","Test":"TestMediaRanges/bounded","Output":"--- PASS: TestMediaRanges/bounded (0.00s)\n"}
{"Time":"2026-09-28T23:46:50.5711385+05:30","Action":"pass","Package":"resonance","Test":"TestMediaRanges/bounded","Elapsed":0}
{"Time":"2026-09-28T23:46:50.5711385+05:30","Action":"run","Package":"resonance","Test":"TestMediaRanges/open"}
{"Time":"2026-09-28T23:46:50.5711385+05:30","Action":"output","Package":"resonance","Test":"TestMediaRanges/open","Output":"=== RUN   TestMediaRanges/open\n"}
{"Time":"2026-09-28T23:46:50.57169+05:30","Action":"output","Package":"resonance","Test":"TestMediaRanges/open","Output":"--- PASS: TestMediaRanges/open (0.00s)\n"}
{"Time":"2026-09-28T23:46:50.57169+05:30","Action":"pass","Package":"resonance","Test":"TestMediaRanges/open","Elapsed":0}
{"Time":"2026-09-28T23:46:50.57169+05:30","Action":"run","Package":"resonance","Test":"TestMediaRanges/suffix"}
{"Time":"2026-09-28T23:46:50.57169+05:30","Action":"output","Package":"resonance","Test":"TestMediaRanges/suffix","Output":"=== RUN   TestMediaRanges/suffix\n"}
{"Time":"2026-09-28T23:46:50.57169+05:30","Action":"output","Package":"resonance","Test":"TestMediaRanges/suffix","Output":"--- PASS: TestMediaRanges/suffix (0.00s)\n"}
{"Time":"2026-09-28T23:46:50.57169+05:30","Action":"pass","Package":"resonance","Test":"TestMediaRanges/suffix","Elapsed":0}
{"Time":"2026-09-28T23:46:50.57169+05:30","Action":"run","Package":"resonance","Test":"TestMediaRanges/clamped"}
{"Time":"2026-09-28T23:46:50.57169+05:30","Action":"output","Package":"resonance","Test":"TestMediaRanges/clamped","Output":"=== RUN   TestMediaRanges/clamped\n"}
{"Time":"2026-09-28T23:46:50.57169+05:30","Action":"output","Package":"resonance","Test":"TestMediaRanges/clamped","Output":"--- PASS: TestMediaRanges/clamped (0.00s)\n"}
{"Time":"2026-09-28T23:46:50.57169+05:30","Action":"pass","Package":"resonance","Test":"TestMediaRanges/clamped","Elapsed":0}
{"Time":"2026-09-28T23:46:50.57169+05:30","Action":"run","Package":"resonance","Test":"TestMediaRanges/tiny"}
{"Time":"2026-09-28T23:46:50.57169+05:30","Action":"output","Package":"resonance","Test":"TestMediaRanges/tiny","Output":"=== RUN   TestMediaRanges/tiny\n"}
{"Time":"2026-09-28T23:46:50.5722305+05:30","Action":"output","Package":"resonance","Test":"TestMediaRanges/tiny","Output":"--- PASS: TestMediaRanges/tiny (0.00s)\n"}
{"Time":"2026-09-28T23:46:50.5722305+05:30","Action":"pass","Package":"resonance","Test":"TestMediaRanges/tiny","Elapsed":0}
{"Time":"2026-09-28T23:46:50.5727731+05:30","Action":"output","Package":"resonance","Test":"TestMediaRanges","Output":"--- PASS: TestMediaRanges (0.00s)\n"}
{"Time":"2026-09-28T23:46:50.5727731+05:30","Action":"pass","Package":"resonance","Test":"TestMediaRanges","Elapsed":0}
{"Time":"2026-09-28T23:46:50.5727731+05:30","Action":"run","Package":"resonance","Test":"TestMediaHead"}
{"Time":"2026-09-28T23:46:50.5727731+05:30","Action":"output","Package":"resonance","Test":"TestMediaHead","Output":"=== RUN   TestMediaHead\n"}
{"Time":"2026-09-28T23:46:50.5744507+05:30","Action":"output","Package":"resonance","Test":"TestMediaHead","Output":"--- PASS: TestMediaHead (0.00s)\n"}
{"Time":"2026-09-28T23:46:50.5744507+05:30","Action":"pass","Package":"resonance","Test":"TestMediaHead","Elapsed":0}
{"Time":"2026-09-28T23:46:50.5744507+05:30","Action":"run","Package":"resonance","Test":"TestInvalidRangesAndUnknownID"}
{"Time":"2026-09-28T23:46:50.5744507+05:30","Action":"output","Package":"resonance","Test":"TestInvalidRangesAndUnknownID","Output":"=== RUN   TestInvalidRangesAndUnknownID\n"}
{"Time":"2026-09-28T23:46:50.5777524+05:30","Action":"output","Package":"resonance","Test":"TestInvalidRangesAndUnknownID","Output":"--- PASS: TestInvalidRangesAndUnknownID (0.00s)\n"}
{"Time":"2026-09-28T23:46:50.5777524+05:30","Action":"pass","Package":"resonance","Test":"TestInvalidRangesAndUnknownID","Elapsed":0}
{"Time":"2026-09-28T23:46:50.5777524+05:30","Action":"run","Package":"resonance","Test":"TestEmptyMissingAndTruncated"}
{"Time":"2026-09-28T23:46:50.5777524+05:30","Action":"output","Package":"resonance","Test":"TestEmptyMissingAndTruncated","Output":"=== RUN   TestEmptyMissingAndTruncated\n"}
{"Time":"2026-09-28T23:46:50.5801014+05:30","Action":"output","Package":"resonance","Test":"TestEmptyMissingAndTruncated","Output":"--- PASS: TestEmptyMissingAndTruncated (0.00s)\n"}
{"Time":"2026-09-28T23:46:50.5801014+05:30","Action":"pass","Package":"resonance","Test":"TestEmptyMissingAndTruncated","Elapsed":0}
{"Time":"2026-09-28T23:46:50.5801014+05:30","Action":"run","Package":"resonance","Test":"TestCancellationTelemetry"}
{"Time":"2026-09-28T23:46:50.5801014+05:30","Action":"output","Package":"resonance","Test":"TestCancellationTelemetry","Output":"=== RUN   TestCancellationTelemetry\n"}
{"Time":"2026-09-28T23:46:50.5817529+05:30","Action":"output","Package":"resonance","Test":"TestCancellationTelemetry","Output":"--- PASS: TestCancellationTelemetry (0.00s)\n"}
{"Time":"2026-09-28T23:46:50.5817529+05:30","Action":"pass","Package":"resonance","Test":"TestCancellationTelemetry","Elapsed":0}
{"Time":"2026-09-28T23:46:50.5817529+05:30","Action":"run","Package":"resonance","Test":"TestM15HTTPContractsAndPathBoundary"}
{"Time":"2026-09-28T23:46:50.5817529+05:30","Action":"output","Package":"resonance","Test":"TestM15HTTPContractsAndPathBoundary","Output":"=== RUN   TestM15HTTPContractsAndPathBoundary\n"}
{"Time":"2026-09-28T23:46:51.1822975+05:30","Action":"output","Package":"resonance","Test":"TestM15HTTPContractsAndPathBoundary","Output":"--- PASS: TestM15HTTPContractsAndPathBoundary (0.60s)\n"}
{"Time":"2026-09-28T23:46:51.1822975+05:30","Action":"pass","Package":"resonance","Test":"TestM15HTTPContractsAndPathBoundary","Elapsed":0.6}
{"Time":"2026-09-28T23:46:51.1822975+05:30","Action":"output","Package":"resonance","Output":"PASS\n"}
{"Time":"2026-09-28T23:46:51.1910438+05:30","Action":"output","Package":"resonance","Output":"ok  \tresonance\t40.654s\n"}
{"Time":"2026-09-28T23:46:51.1910438+05:30","Action":"pass","Package":"resonance","Elapsed":40.654}
{"Time":"2026-09-28T23:46:51.6322093+05:30","Action":"start","Package":"resonance/cmd/bench"}
{"Time":"2026-09-28T23:46:51.6742839+05:30","Action":"run","Package":"resonance/cmd/bench","Test":"TestPercentiles"}
{"Time":"2026-09-28T23:46:51.6742839+05:30","Action":"output","Package":"resonance/cmd/bench","Test":"TestPercentiles","Output":"=== RUN   TestPercentiles\n"}
{"Time":"2026-09-28T23:46:51.6742839+05:30","Action":"output","Package":"resonance/cmd/bench","Test":"TestPercentiles","Output":"--- PASS: TestPercentiles (0.00s)\n"}
{"Time":"2026-09-28T23:46:51.6742839+05:30","Action":"pass","Package":"resonance/cmd/bench","Test":"TestPercentiles","Elapsed":0}
{"Time":"2026-09-28T23:46:51.6742839+05:30","Action":"run","Package":"resonance/cmd/bench","Test":"TestRejectIncorrectRangeEvidence"}
{"Time":"2026-09-28T23:46:51.6742839+05:30","Action":"output","Package":"resonance/cmd/bench","Test":"TestRejectIncorrectRangeEvidence","Output":"=== RUN   TestRejectIncorrectRangeEvidence\n"}
{"Time":"2026-09-28T23:46:51.6742839+05:30","Action":"output","Package":"resonance/cmd/bench","Test":"TestRejectIncorrectRangeEvidence","Output":"--- PASS: TestRejectIncorrectRangeEvidence (0.00s)\n"}
{"Time":"2026-09-28T23:46:51.6742839+05:30","Action":"pass","Package":"resonance/cmd/bench","Test":"TestRejectIncorrectRangeEvidence","Elapsed":0}
{"Time":"2026-09-28T23:46:51.6742839+05:30","Action":"output","Package":"resonance/cmd/bench","Output":"PASS\n"}
{"Time":"2026-09-28T23:46:51.6779062+05:30","Action":"output","Package":"resonance/cmd/bench","Output":"ok  \tresonance/cmd/bench\t0.045s\n"}
{"Time":"2026-09-28T23:46:51.6779062+05:30","Action":"pass","Package":"resonance/cmd/bench","Elapsed":0.046}
{"Time":"2026-09-28T23:46:51.7779092+05:30","Action":"start","Package":"resonance/cmd/fixture"}
{"Time":"2026-09-28T23:46:51.7779092+05:30","Action":"output","Package":"resonance/cmd/fixture","Output":"?   \tresonance/cmd/fixture\t[no test files]\n"}
{"Time":"2026-09-28T23:46:51.7779092+05:30","Action":"skip","Package":"resonance/cmd/fixture","Elapsed":0}
{"Time":"2026-09-28T23:46:51.8918012+05:30","Action":"start","Package":"resonance/cmd/m14measure"}
{"Time":"2026-09-28T23:46:51.8918012+05:30","Action":"output","Package":"resonance/cmd/m14measure","Output":"?   \tresonance/cmd/m14measure\t[no test files]\n"}
{"Time":"2026-09-28T23:46:51.8918012+05:30","Action":"skip","Package":"resonance/cmd/m14measure","Elapsed":0}
{"Time":"2026-09-28T23:46:52.0015525+05:30","Action":"start","Package":"resonance/cmd/m15burst"}
{"Time":"2026-09-28T23:46:52.0015525+05:30","Action":"output","Package":"resonance/cmd/m15burst","Output":"?   \tresonance/cmd/m15burst\t[no test files]\n"}
{"Time":"2026-09-28T23:46:52.0015525+05:30","Action":"skip","Package":"resonance/cmd/m15burst","Elapsed":0}
{"Time":"2026-09-28T23:46:52.1080975+05:30","Action":"start","Package":"resonance/cmd/m15catalogbench"}
{"Time":"2026-09-28T23:46:52.1080975+05:30","Action":"output","Package":"resonance/cmd/m15catalogbench","Output":"?   \tresonance/cmd/m15catalogbench\t[no test files]\n"}
{"Time":"2026-09-28T23:46:52.1080975+05:30","Action":"skip","Package":"resonance/cmd/m15catalogbench","Elapsed":0}
{"Time":"2026-09-28T23:46:52.203349+05:30","Action":"start","Package":"resonance/cmd/m17corpus"}
{"Time":"2026-09-28T23:46:52.203349+05:30","Action":"output","Package":"resonance/cmd/m17corpus","Output":"?   \tresonance/cmd/m17corpus\t[no test files]\n"}
{"Time":"2026-09-28T23:46:52.203349+05:30","Action":"skip","Package":"resonance/cmd/m17corpus","Elapsed":0}
{"Time":"2026-09-28T23:46:52.3186615+05:30","Action":"start","Package":"resonance/cmd/m17manifest"}
{"Time":"2026-09-28T23:46:52.3186615+05:30","Action":"output","Package":"resonance/cmd/m17manifest","Output":"?   \tresonance/cmd/m17manifest\t[no test files]\n"}
{"Time":"2026-09-28T23:46:52.3186615+05:30","Action":"skip","Package":"resonance/cmd/m17manifest","Elapsed":0}
{"Time":"2026-09-28T23:46:52.4291509+05:30","Action":"start","Package":"resonance/cmd/m17scanbench"}
{"Time":"2026-09-28T23:46:52.4296542+05:30","Action":"output","Package":"resonance/cmd/m17scanbench","Output":"?   \tresonance/cmd/m17scanbench\t[no test files]\n"}
{"Time":"2026-09-28T23:46:52.4296542+05:30","Action":"skip","Package":"resonance/cmd/m17scanbench","Elapsed":0.001}
{"Time":"2026-09-28T23:46:53.0766012+05:30","Action":"start","Package":"resonance/internal/library"}
{"Time":"2026-09-28T23:46:53.105454+05:30","Action":"run","Package":"resonance/internal/library","Test":"TestM16BenchmarkWatcherConvergence"}
{"Time":"2026-09-28T23:46:53.105454+05:30","Action":"output","Package":"resonance/internal/library","Test":"TestM16BenchmarkWatcherConvergence","Output":"=== RUN   TestM16BenchmarkWatcherConvergence\n"}
{"Time":"2026-09-28T23:46:53.105454+05:30","Action":"output","Package":"resonance/internal/library","Test":"TestM16BenchmarkWatcherConvergence","Output":"    coordinator_benchmark_integration_test.go:47: set RESONANCE_M16_BENCHMARK_OUTPUT to write watcher convergence evidence\n"}
{"Time":"2026-09-28T23:46:53.105454+05:30","Action":"output","Package":"resonance/internal/library","Test":"TestM16BenchmarkWatcherConvergence","Output":"--- SKIP: TestM16BenchmarkWatcherConvergence (0.00s)\n"}
{"Time":"2026-09-28T23:46:53.105454+05:30","Action":"skip","Package":"resonance/internal/library","Test":"TestM16BenchmarkWatcherConvergence","Elapsed":0}
{"Time":"2026-09-28T23:46:53.105454+05:30","Action":"run","Package":"resonance/internal/library","Test":"TestM16RealWatcherConvergesCreateModifyDuplicateRenameDeleteAndRestart"}
{"Time":"2026-09-28T23:46:53.105454+05:30","Action":"output","Package":"resonance/internal/library","Test":"TestM16RealWatcherConvergesCreateModifyDuplicateRenameDeleteAndRestart","Output":"=== RUN   TestM16RealWatcherConvergesCreateModifyDuplicateRenameDeleteAndRestart\n"}
{"Time":"2026-09-28T23:47:00.8342227+05:30","Action":"output","Package":"resonance/internal/library","Test":"TestM16RealWatcherConvergesCreateModifyDuplicateRenameDeleteAndRestart","Output":"--- PASS: TestM16RealWatcherConvergesCreateModifyDuplicateRenameDeleteAndRestart (7.73s)\n"}
{"Time":"2026-09-28T23:47:00.8342227+05:30","Action":"pass","Package":"resonance/internal/library","Test":"TestM16RealWatcherConvergesCreateModifyDuplicateRenameDeleteAndRestart","Elapsed":7.73}
{"Time":"2026-09-28T23:47:00.8342227+05:30","Action":"run","Package":"resonance/internal/library","Test":"TestM16WatcherIncompleteTraversalPreservesThousandLocationsAndUserState"}
{"Time":"2026-09-28T23:47:00.8342227+05:30","Action":"output","Package":"resonance/internal/library","Test":"TestM16WatcherIncompleteTraversalPreservesThousandLocationsAndUserState","Output":"=== RUN   TestM16WatcherIncompleteTraversalPreservesThousandLocationsAndUserState\n"}
{"Time":"2026-09-28T23:47:08.9998641+05:30","Action":"output","Package":"resonance/internal/library","Test":"TestM16WatcherIncompleteTraversalPreservesThousandLocationsAndUserState","Output":"--- PASS: TestM16WatcherIncompleteTraversalPreservesThousandLocationsAndUserState (8.17s)\n"}
{"Time":"2026-09-28T23:47:09.0003689+05:30","Action":"pass","Package":"resonance/internal/library","Test":"TestM16WatcherIncompleteTraversalPreservesThousandLocationsAndUserState","Elapsed":8.17}
{"Time":"2026-09-28T23:47:09.0003689+05:30","Action":"run","Package":"resonance/internal/library","Test":"TestM16DatabaseInterruptionRetainsDirtyRootAndRecovers"}
{"Time":"2026-09-28T23:47:09.0003689+05:30","Action":"output","Package":"resonance/internal/library","Test":"TestM16DatabaseInterruptionRetainsDirtyRootAndRecovers","Output":"=== RUN   TestM16DatabaseInterruptionRetainsDirtyRootAndRecovers\n"}
{"Time":"2026-09-28T23:47:11.3953765+05:30","Action":"output","Package":"resonance/internal/library","Test":"TestM16DatabaseInterruptionRetainsDirtyRootAndRecovers","Output":"--- PASS: TestM16DatabaseInterruptionRetainsDirtyRootAndRecovers (2.40s)\n"}
{"Time":"2026-09-28T23:47:11.3953765+05:30","Action":"pass","Package":"resonance/internal/library","Test":"TestM16DatabaseInterruptionRetainsDirtyRootAndRecovers","Elapsed":2.4}
{"Time":"2026-09-28T23:47:11.3953765+05:30","Action":"run","Package":"resonance/internal/library","Test":"TestCoordinatorCoalescesRootEventsAndRetriesPartialAuthority"}
{"Time":"2026-09-28T23:47:11.3953765+05:30","Action":"output","Package":"resonance/internal/library","Test":"TestCoordinatorCoalescesRootEventsAndRetriesPartialAuthority","Output":"=== RUN   TestCoordinatorCoalescesRootEventsAndRetriesPartialAuthority\n"}
{"Time":"2026-09-28T23:47:11.8028207+05:30","Action":"output","Package":"resonance/internal/library","Test":"TestCoordinatorCoalescesRootEventsAndRetriesPartialAuthority","Output":"--- PASS: TestCoordinatorCoalescesRootEventsAndRetriesPartialAuthority (0.41s)\n"}
{"Time":"2026-09-28T23:47:11.8028207+05:30","Action":"pass","Package":"resonance/internal/library","Test":"TestCoordinatorCoalescesRootEventsAndRetriesPartialAuthority","Elapsed":0.41}
{"Time":"2026-09-28T23:47:11.8028207+05:30","Action":"run","Package":"resonance/internal/library","Test":"TestCoordinatorOverflowRequestsSweepAndRecreatesWatcher"}
{"Time":"2026-09-28T23:47:11.8028207+05:30","Action":"output","Package":"resonance/internal/library","Test":"TestCoordinatorOverflowRequestsSweepAndRecreatesWatcher","Output":"=== RUN   TestCoordinatorOverflowRequestsSweepAndRecreatesWatcher\n"}
{"Time":"2026-09-28T23:47:12.1091253+05:30","Action":"output","Package":"resonance/internal/library","Test":"TestCoordinatorOverflowRequestsSweepAndRecreatesWatcher","Output":"--- PASS: TestCoordinatorOverflowRequestsSweepAndRecreatesWatcher (0.31s)\n"}
{"Time":"2026-09-28T23:47:12.1094322+05:30","Action":"pass","Package":"resonance/internal/library","Test":"TestCoordinatorOverflowRequestsSweepAndRecreatesWatcher","Elapsed":0.31}
{"Time":"2026-09-28T23:47:12.1094322+05:30","Action":"run","Package":"resonance/internal/library","Test":"TestCoordinatorStatusContainsNoFilesystemPaths"}
{"Time":"2026-09-28T23:47:12.1094322+05:30","Action":"output","Package":"resonance/internal/library","Test":"TestCoordinatorStatusContainsNoFilesystemPaths","Output":"=== RUN   TestCoordinatorStatusContainsNoFilesystemPaths\n"}
{"Time":"2026-09-28T23:47:12.1094322+05:30","Action":"output","Package":"resonance/internal/library","Test":"TestCoordinatorStatusContainsNoFilesystemPaths","Output":"--- PASS: TestCoordinatorStatusContainsNoFilesystemPaths (0.00s)\n"}
{"Time":"2026-09-28T23:47:12.1094322+05:30","Action":"pass","Package":"resonance/internal/library","Test":"TestCoordinatorStatusContainsNoFilesystemPaths","Elapsed":0}
{"Time":"2026-09-28T23:47:12.1094322+05:30","Action":"run","Package":"resonance/internal/library","Test":"TestCoordinatorWatcherStartupFailureStillScansAndRecovers"}
{"Time":"2026-09-28T23:47:12.1094322+05:30","Action":"output","Package":"resonance/internal/library","Test":"TestCoordinatorWatcherStartupFailureStillScansAndRecovers","Output":"=== RUN   TestCoordinatorWatcherStartupFailureStillScansAndRecovers\n"}
{"Time":"2026-09-28T23:47:12.2162076+05:30","Action":"output","Package":"resonance/internal/library","Test":"TestCoordinatorWatcherStartupFailureStillScansAndRecovers","Output":"--- PASS: TestCoordinatorWatcherStartupFailureStillScansAndRecovers (0.11s)\n"}
{"Time":"2026-09-28T23:47:12.2162076+05:30","Action":"pass","Package":"resonance/internal/library","Test":"TestCoordinatorWatcherStartupFailureStillScansAndRecovers","Elapsed":0.11}
{"Time":"2026-09-28T23:47:12.2162076+05:30","Action":"run","Package":"resonance/internal/library","Test":"TestCoordinatorPermissionDeniedWatchDegradesCoverageButKeepsScanning"}
{"Time":"2026-09-28T23:47:12.2162076+05:30","Action":"output","Package":"resonance/internal/library","Test":"TestCoordinatorPermissionDeniedWatchDegradesCoverageButKeepsScanning","Output":"=== RUN   TestCoordinatorPermissionDeniedWatchDegradesCoverageButKeepsScanning\n"}
{"Time":"2026-09-28T23:47:12.3187881+05:30","Action":"output","Package":"resonance/internal/library","Test":"TestCoordinatorPermissionDeniedWatchDegradesCoverageButKeepsScanning","Output":"--- PASS: TestCoordinatorPermissionDeniedWatchDegradesCoverageButKeepsScanning (0.10s)\n"}
{"Time":"2026-09-28T23:47:12.3193646+05:30","Action":"pass","Package":"resonance/internal/library","Test":"TestCoordinatorPermissionDeniedWatchDegradesCoverageButKeepsScanning","Elapsed":0.1}
{"Time":"2026-09-28T23:47:12.3193646+05:30","Action":"run","Package":"resonance/internal/library","Test":"TestCoordinatorWatchStatusRecoversAfterLossAndCoverageRepair"}
{"Time":"2026-09-28T23:47:12.3193646+05:30","Action":"output","Package":"resonance/internal/library","Test":"TestCoordinatorWatchStatusRecoversAfterLossAndCoverageRepair","Output":"=== RUN   TestCoordinatorWatchStatusRecoversAfterLossAndCoverageRepair\n"}
{"Time":"2026-09-28T23:47:12.3204564+05:30","Action":"output","Package":"resonance/internal/library","Test":"TestCoordinatorWatchStatusRecoversAfterLossAndCoverageRepair","Output":"--- PASS: TestCoordinatorWatchStatusRecoversAfterLossAndCoverageRepair (0.00s)\n"}
{"Time":"2026-09-28T23:47:12.3204564+05:30","Action":"pass","Package":"resonance/internal/library","Test":"TestCoordinatorWatchStatusRecoversAfterLossAndCoverageRepair","Elapsed":0}
{"Time":"2026-09-28T23:47:12.3204564+05:30","Action":"run","Package":"resonance/internal/library","Test":"TestCoordinatorEpochRetainsEventsAcrossPublication"}
{"Time":"2026-09-28T23:47:12.3204564+05:30","Action":"output","Package":"resonance/internal/library","Test":"TestCoordinatorEpochRetainsEventsAcrossPublication","Output":"=== RUN   TestCoordinatorEpochRetainsEventsAcrossPublication\n"}
{"Time":"2026-09-28T23:47:12.3204564+05:30","Action":"output","Package":"resonance/internal/library","Test":"TestCoordinatorEpochRetainsEventsAcrossPublication","Output":"--- PASS: TestCoordinatorEpochRetainsEventsAcrossPublication (0.00s)\n"}
{"Time":"2026-09-28T23:47:12.3204564+05:30","Action":"pass","Package":"resonance/internal/library","Test":"TestCoordinatorEpochRetainsEventsAcrossPublication","Elapsed":0}
{"Time":"2026-09-28T23:47:12.3204564+05:30","Action":"run","Package":"resonance/internal/library","Test":"TestCoordinatorRemovedOrDisabledRootDoesNotMisreportWatchState"}
{"Time":"2026-09-28T23:47:12.3204564+05:30","Action":"output","Package":"resonance/internal/library","Test":"TestCoordinatorRemovedOrDisabledRootDoesNotMisreportWatchState","Output":"=== RUN   TestCoordinatorRemovedOrDisabledRootDoesNotMisreportWatchState\n"}
{"Time":"2026-09-28T23:47:12.3204564+05:30","Action":"output","Package":"resonance/internal/library","Test":"TestCoordinatorRemovedOrDisabledRootDoesNotMisreportWatchState","Output":"--- PASS: TestCoordinatorRemovedOrDisabledRootDoesNotMisreportWatchState (0.00s)\n"}
{"Time":"2026-09-28T23:47:12.3204564+05:30","Action":"pass","Package":"resonance/internal/library","Test":"TestCoordinatorRemovedOrDisabledRootDoesNotMisreportWatchState","Elapsed":0}
{"Time":"2026-09-28T23:47:12.3204564+05:30","Action":"run","Package":"resonance/internal/library","Test":"TestCoordinatorScanResultImmediatelyDropsOfflineAndDisabledWatches"}
{"Time":"2026-09-28T23:47:12.3204564+05:30","Action":"output","Package":"resonance/internal/library","Test":"TestCoordinatorScanResultImmediatelyDropsOfflineAndDisabledWatches","Output":"=== RUN   TestCoordinatorScanResultImmediatelyDropsOfflineAndDisabledWatches\n"}
{"Time":"2026-09-28T23:47:12.3215796+05:30","Action":"output","Package":"resonance/internal/library","Test":"TestCoordinatorScanResultImmediatelyDropsOfflineAndDisabledWatches","Output":"--- PASS: TestCoordinatorScanResultImmediatelyDropsOfflineAndDisabledWatches (0.00s)\n"}
{"Time":"2026-09-28T23:47:12.3215796+05:30","Action":"pass","Package":"resonance/internal/library","Test":"TestCoordinatorScanResultImmediatelyDropsOfflineAndDisabledWatches","Elapsed":0}
{"Time":"2026-09-28T23:47:12.3215796+05:30","Action":"run","Package":"resonance/internal/library","Test":"TestCoordinatorHardCapsExposeDegradationAndGlobalSweep"}
{"Time":"2026-09-28T23:47:12.3215796+05:30","Action":"output","Package":"resonance/internal/library","Test":"TestCoordinatorHardCapsExposeDegradationAndGlobalSweep","Output":"=== RUN   TestCoordinatorHardCapsExposeDegradationAndGlobalSweep\n"}
{"Time":"2026-09-28T23:47:12.3394039+05:30","Action":"output","Package":"resonance/internal/library","Test":"TestCoordinatorHardCapsExposeDegradationAndGlobalSweep","Output":"--- PASS: TestCoordinatorHardCapsExposeDegradationAndGlobalSweep (0.02s)\n"}
{"Time":"2026-09-28T23:47:12.3394039+05:30","Action":"pass","Package":"resonance/internal/library","Test":"TestCoordinatorHardCapsExposeDegradationAndGlobalSweep","Elapsed":0.02}
{"Time":"2026-09-28T23:47:12.3394039+05:30","Action":"run","Package":"resonance/internal/library","Test":"TestCoordinatorShutdownCancelsActiveScanAndClosesWatcher"}
{"Time":"2026-09-28T23:47:12.3394039+05:30","Action":"output","Package":"resonance/internal/library","Test":"TestCoordinatorShutdownCancelsActiveScanAndClosesWatcher","Output":"=== RUN   TestCoordinatorShutdownCancelsActiveScanAndClosesWatcher\n"}
{"Time":"2026-09-28T23:47:12.4418991+05:30","Action":"output","Package":"resonance/internal/library","Test":"TestCoordinatorShutdownCancelsActiveScanAndClosesWatcher","Output":"--- PASS: TestCoordinatorShutdownCancelsActiveScanAndClosesWatcher (0.10s)\n"}
{"Time":"2026-09-28T23:47:12.4418991+05:30","Action":"pass","Package":"resonance/internal/library","Test":"TestCoordinatorShutdownCancelsActiveScanAndClosesWatcher","Elapsed":0.1}
{"Time":"2026-09-28T23:47:12.4418991+05:30","Action":"run","Package":"resonance/internal/library","Test":"TestCoordinatorManualScanLeaseContentionRetries"}
{"Time":"2026-09-28T23:47:12.4418991+05:30","Action":"output","Package":"resonance/internal/library","Test":"TestCoordinatorManualScanLeaseContentionRetries","Output":"=== RUN   TestCoordinatorManualScanLeaseContentionRetries\n"}
{"Time":"2026-09-28T23:47:12.645025+05:30","Action":"output","Package":"resonance/internal/library","Test":"TestCoordinatorManualScanLeaseContentionRetries","Output":"--- PASS: TestCoordinatorManualScanLeaseContentionRetries (0.20s)\n"}
{"Time":"2026-09-28T23:47:12.645025+05:30","Action":"pass","Package":"resonance/internal/library","Test":"TestCoordinatorManualScanLeaseContentionRetries","Elapsed":0.2}
{"Time":"2026-09-28T23:47:12.645025+05:30","Action":"run","Package":"resonance/internal/library","Test":"TestCoordinatorPeriodicSweepRunsWithoutAnyWatcherEvent"}
{"Time":"2026-09-28T23:47:12.645025+05:30","Action":"output","Package":"resonance/internal/library","Test":"TestCoordinatorPeriodicSweepRunsWithoutAnyWatcherEvent","Output":"=== RUN   TestCoordinatorPeriodicSweepRunsWithoutAnyWatcherEvent\n"}
{"Time":"2026-09-28T23:47:12.8474937+05:30","Action":"output","Package":"resonance/internal/library","Test":"TestCoordinatorPeriodicSweepRunsWithoutAnyWatcherEvent","Output":"--- PASS: TestCoordinatorPeriodicSweepRunsWithoutAnyWatcherEvent (0.20s)\n"}
{"Time":"2026-09-28T23:47:12.8485133+05:30","Action":"pass","Package":"resonance/internal/library","Test":"TestCoordinatorPeriodicSweepRunsWithoutAnyWatcherEvent","Elapsed":0.2}
{"Time":"2026-09-28T23:47:12.8485133+05:30","Action":"run","Package":"resonance/internal/library","Test":"TestCoordinatorRootOfflineThenMatchingReturnRetries"}
{"Time":"2026-09-28T23:47:12.8485133+05:30","Action":"output","Package":"resonance/internal/library","Test":"TestCoordinatorRootOfflineThenMatchingReturnRetries","Output":"=== RUN   TestCoordinatorRootOfflineThenMatchingReturnRetries\n"}
{"Time":"2026-09-28T23:47:14.2511226+05:30","Action":"output","Package":"resonance/internal/library","Test":"TestCoordinatorRootOfflineThenMatchingReturnRetries","Output":"--- PASS: TestCoordinatorRootOfflineThenMatchingReturnRetries (1.40s)\n"}
{"Time":"2026-09-28T23:47:14.2511226+05:30","Action":"pass","Package":"resonance/internal/library","Test":"TestCoordinatorRootOfflineThenMatchingReturnRetries","Elapsed":1.4}
{"Time":"2026-09-28T23:47:14.2511226+05:30","Action":"run","Package":"resonance/internal/library","Test":"TestCoordinatorConfigurationDisableCancelsActiveScan"}
{"Time":"2026-09-28T23:47:14.2511226+05:30","Action":"output","Package":"resonance/internal/library","Test":"TestCoordinatorConfigurationDisableCancelsActiveScan","Output":"=== RUN   TestCoordinatorConfigurationDisableCancelsActiveScan\n"}
{"Time":"2026-09-28T23:47:14.4564272+05:30","Action":"output","Package":"resonance/internal/library","Test":"TestCoordinatorConfigurationDisableCancelsActiveScan","Output":"--- PASS: TestCoordinatorConfigurationDisableCancelsActiveScan (0.21s)\n"}
{"Time":"2026-09-28T23:47:14.4569672+05:30","Action":"pass","Package":"resonance/internal/library","Test":"TestCoordinatorConfigurationDisableCancelsActiveScan","Elapsed":0.21}
{"Time":"2026-09-28T23:47:14.4569672+05:30","Action":"run","Package":"resonance/internal/library","Test":"TestCoordinatorRetriesFailedScanAndRecovers"}
{"Time":"2026-09-28T23:47:14.4569672+05:30","Action":"output","Package":"resonance/internal/library","Test":"TestCoordinatorRetriesFailedScanAndRecovers","Output":"=== RUN   TestCoordinatorRetriesFailedScanAndRecovers\n"}
{"Time":"2026-09-28T23:47:15.16059+05:30","Action":"output","Package":"resonance/internal/library","Test":"TestCoordinatorRetriesFailedScanAndRecovers","Output":"--- PASS: TestCoordinatorRetriesFailedScanAndRecovers (0.70s)\n"}
{"Time":"2026-09-28T23:47:15.1611377+05:30","Action":"pass","Package":"resonance/internal/library","Test":"TestCoordinatorRetriesFailedScanAndRecovers","Elapsed":0.7}
{"Time":"2026-09-28T23:47:15.1611377+05:30","Action":"run","Package":"resonance/internal/library","Test":"TestCoordinatorDirtyCapacityUsesPagedFairSweep"}
{"Time":"2026-09-28T23:47:15.1611377+05:30","Action":"output","Package":"resonance/internal/library","Test":"TestCoordinatorDirtyCapacityUsesPagedFairSweep","Output":"=== RUN   TestCoordinatorDirtyCapacityUsesPagedFairSweep\n"}
{"Time":"2026-09-28T23:47:15.8684412+05:30","Action":"output","Package":"resonance/internal/library","Test":"TestCoordinatorDirtyCapacityUsesPagedFairSweep","Output":"--- PASS: TestCoordinatorDirtyCapacityUsesPagedFairSweep (0.71s)\n"}
{"Time":"2026-09-28T23:47:15.8684412+05:30","Action":"pass","Package":"resonance/internal/library","Test":"TestCoordinatorDirtyCapacityUsesPagedFairSweep","Elapsed":0.71}
{"Time":"2026-09-28T23:47:15.8684412+05:30","Action":"run","Package":"resonance/internal/library","Test":"TestCoordinatorRefreshDisablesAndRemovesRootWatches"}
{"Time":"2026-09-28T23:47:15.8684412+05:30","Action":"output","Package":"resonance/internal/library","Test":"TestCoordinatorRefreshDisablesAndRemovesRootWatches","Output":"=== RUN   TestCoordinatorRefreshDisablesAndRemovesRootWatches\n"}
{"Time":"2026-09-28T23:47:15.8695526+05:30","Action":"output","Package":"resonance/internal/library","Test":"TestCoordinatorRefreshDisablesAndRemovesRootWatches","Output":"--- PASS: TestCoordinatorRefreshDisablesAndRemovesRootWatches (0.00s)\n"}
{"Time":"2026-09-28T23:47:15.8695526+05:30","Action":"pass","Package":"resonance/internal/library","Test":"TestCoordinatorRefreshDisablesAndRemovesRootWatches","Elapsed":0}
{"Time":"2026-09-28T23:47:15.8695526+05:30","Action":"run","Package":"resonance/internal/library","Test":"TestM16WindowsJunctionIsNotTraversedOrWatched"}
{"Time":"2026-09-28T23:47:15.8695526+05:30","Action":"output","Package":"resonance/internal/library","Test":"TestM16WindowsJunctionIsNotTraversedOrWatched","Output":"=== RUN   TestM16WindowsJunctionIsNotTraversedOrWatched\n"}
{"Time":"2026-09-28T23:47:16.768809+05:30","Action":"output","Package":"resonance/internal/library","Test":"TestM16WindowsJunctionIsNotTraversedOrWatched","Output":"--- PASS: TestM16WindowsJunctionIsNotTraversedOrWatched (0.90s)\n"}
{"Time":"2026-09-28T23:47:16.768809+05:30","Action":"pass","Package":"resonance/internal/library","Test":"TestM16WindowsJunctionIsNotTraversedOrWatched","Elapsed":0.9}
{"Time":"2026-09-28T23:47:16.768809+05:30","Action":"run","Package":"resonance/internal/library","Test":"TestM16ManualScanCannotReconcileUnverifiedRoot"}
{"Time":"2026-09-28T23:47:16.768809+05:30","Action":"output","Package":"resonance/internal/library","Test":"TestM16ManualScanCannotReconcileUnverifiedRoot","Output":"=== RUN   TestM16ManualScanCannotReconcileUnverifiedRoot\n"}
{"Time":"2026-09-28T23:47:17.2500609+05:30","Action":"output","Package":"resonance/internal/library","Test":"TestM16ManualScanCannotReconcileUnverifiedRoot","Output":"--- PASS: TestM16ManualScanCannotReconcileUnverifiedRoot (0.48s)\n"}
{"Time":"2026-09-28T23:47:17.2500609+05:30","Action":"pass","Package":"resonance/internal/library","Test":"TestM16ManualScanCannotReconcileUnverifiedRoot","Elapsed":0.48}
{"Time":"2026-09-28T23:47:17.2500609+05:30","Action":"run","Package":"resonance/internal/library","Test":"TestM16ReopenedRootPathFenceSuppressesPublication"}
{"Time":"2026-09-28T23:47:17.2500609+05:30","Action":"output","Package":"resonance/internal/library","Test":"TestM16ReopenedRootPathFenceSuppressesPublication","Output":"=== RUN   TestM16ReopenedRootPathFenceSuppressesPublication\n"}
{"Time":"2026-09-28T23:47:17.8813311+05:30","Action":"output","Package":"resonance/internal/library","Test":"TestM16ReopenedRootPathFenceSuppressesPublication","Output":"--- PASS: TestM16ReopenedRootPathFenceSuppressesPublication (0.63s)\n"}
{"Time":"2026-09-28T23:47:17.8813311+05:30","Action":"pass","Package":"resonance/internal/library","Test":"TestM16ReopenedRootPathFenceSuppressesPublication","Elapsed":0.63}
{"Time":"2026-09-28T23:47:17.8813311+05:30","Action":"run","Package":"resonance/internal/library","Test":"TestM16TransientRootIdentityReadErrorRetriesWithoutQuarantine"}
{"Time":"2026-09-28T23:47:17.8813311+05:30","Action":"output","Package":"resonance/internal/library","Test":"TestM16TransientRootIdentityReadErrorRetriesWithoutQuarantine","Output":"=== RUN   TestM16TransientRootIdentityReadErrorRetriesWithoutQuarantine\n"}
{"Time":"2026-09-28T23:47:18.746846+05:30","Action":"output","Package":"resonance/internal/library","Test":"TestM16TransientRootIdentityReadErrorRetriesWithoutQuarantine","Output":"--- PASS: TestM16TransientRootIdentityReadErrorRetriesWithoutQuarantine (0.87s)\n"}
{"Time":"2026-09-28T23:47:18.746846+05:30","Action":"pass","Package":"resonance/internal/library","Test":"TestM16TransientRootIdentityReadErrorRetriesWithoutQuarantine","Elapsed":0.87}
{"Time":"2026-09-28T23:47:18.746846+05:30","Action":"run","Package":"resonance/internal/library","Test":"TestInitialImportTwoRootsDedupAndRestart"}
{"Time":"2026-09-28T23:47:18.746846+05:30","Action":"output","Package":"resonance/internal/library","Test":"TestInitialImportTwoRootsDedupAndRestart","Output":"=== RUN   TestInitialImportTwoRootsDedupAndRestart\n"}
{"Time":"2026-09-28T23:47:19.6057661+05:30","Action":"output","Package":"resonance/internal/library","Test":"TestInitialImportTwoRootsDedupAndRestart","Output":"--- PASS: TestInitialImportTwoRootsDedupAndRestart (0.86s)\n"}
{"Time":"2026-09-28T23:47:19.6057661+05:30","Action":"pass","Package":"resonance/internal/library","Test":"TestInitialImportTwoRootsDedupAndRestart","Elapsed":0.86}
{"Time":"2026-09-28T23:47:19.6057661+05:30","Action":"run","Package":"resonance/internal/library","Test":"TestByteIdentityDoesNotBecomeUniversalTrackIdentity"}
{"Time":"2026-09-28T23:47:19.6057661+05:30","Action":"output","Package":"resonance/internal/library","Test":"TestByteIdentityDoesNotBecomeUniversalTrackIdentity","Output":"=== RUN   TestByteIdentityDoesNotBecomeUniversalTrackIdentity\n"}
{"Time":"2026-09-28T23:47:20.1747753+05:30","Action":"output","Package":"resonance/internal/library","Test":"TestByteIdentityDoesNotBecomeUniversalTrackIdentity","Output":"--- PASS: TestByteIdentityDoesNotBecomeUniversalTrackIdentity (0.57s)\n"}
{"Time":"2026-09-28T23:47:20.1747753+05:30","Action":"pass","Package":"resonance/internal/library","Test":"TestByteIdentityDoesNotBecomeUniversalTrackIdentity","Elapsed":0.57}
{"Time":"2026-09-28T23:47:20.1747753+05:30","Action":"run","Package":"resonance/internal/library","Test":"TestFilesystemFailuresContinue"}
{"Time":"2026-09-28T23:47:20.1747753+05:30","Action":"output","Package":"resonance/internal/library","Test":"TestFilesystemFailuresContinue","Output":"=== RUN   TestFilesystemFailuresContinue\n"}
{"Time":"2026-09-28T23:47:20.5354214+05:30","Action":"output","Package":"resonance/internal/library","Test":"TestFilesystemFailuresContinue","Output":"    library_integration_test.go:437: symlink creation unavailable: symlink <local-path>"}
{"Time":"2026-09-28T23:47:20.8682333+05:30","Action":"output","Package":"resonance/internal/library","Test":"TestFilesystemFailuresContinue","Output":"--- PASS: TestFilesystemFailuresContinue (0.69s)\n"}
{"Time":"2026-09-28T23:47:20.8682333+05:30","Action":"pass","Package":"resonance/internal/library","Test":"TestFilesystemFailuresContinue","Elapsed":0.69}
{"Time":"2026-09-28T23:47:20.8687414+05:30","Action":"run","Package":"resonance/internal/library","Test":"TestMissingRootAndScanLease"}
{"Time":"2026-09-28T23:47:20.8687414+05:30","Action":"output","Package":"resonance/internal/library","Test":"TestMissingRootAndScanLease","Output":"=== RUN   TestMissingRootAndScanLease\n"}
{"Time":"2026-09-28T23:47:21.7800386+05:30","Action":"output","Package":"resonance/internal/library","Test":"TestMissingRootAndScanLease","Output":"--- PASS: TestMissingRootAndScanLease (0.91s)\n"}
{"Time":"2026-09-28T23:47:21.7800386+05:30","Action":"pass","Package":"resonance/internal/library","Test":"TestMissingRootAndScanLease","Elapsed":0.91}
{"Time":"2026-09-28T23:47:21.7800386+05:30","Action":"run","Package":"resonance/internal/library","Test":"TestEmptyRootSucceeds"}
{"Time":"2026-09-28T23:47:21.7800386+05:30","Action":"output","Package":"resonance/internal/library","Test":"TestEmptyRootSucceeds","Output":"=== RUN   TestEmptyRootSucceeds\n"}
{"Time":"2026-09-28T23:47:22.3451538+05:30","Action":"output","Package":"resonance/internal/library","Test":"TestEmptyRootSucceeds","Output":"--- PASS: TestEmptyRootSucceeds (0.57s)\n"}
{"Time":"2026-09-28T23:47:22.3451538+05:30","Action":"pass","Package":"resonance/internal/library","Test":"TestEmptyRootSucceeds","Elapsed":0.57}
{"Time":"2026-09-28T23:47:22.3451538+05:30","Action":"run","Package":"resonance/internal/library","Test":"TestErrorRecordsAreBounded"}
{"Time":"2026-09-28T23:47:22.3451538+05:30","Action":"output","Package":"resonance/internal/library","Test":"TestErrorRecordsAreBounded","Output":"=== RUN   TestErrorRecordsAreBounded\n"}
{"Time":"2026-09-28T23:47:23.1162343+05:30","Action":"output","Package":"resonance/internal/library","Test":"TestErrorRecordsAreBounded","Output":"--- PASS: TestErrorRecordsAreBounded (0.77s)\n"}
{"Time":"2026-09-28T23:47:23.1168533+05:30","Action":"pass","Package":"resonance/internal/library","Test":"TestErrorRecordsAreBounded","Elapsed":0.77}
{"Time":"2026-09-28T23:47:23.1168533+05:30","Action":"run","Package":"resonance/internal/library","Test":"TestCanceledScanAndDatabaseFailure"}
{"Time":"2026-09-28T23:47:23.1168533+05:30","Action":"output","Package":"resonance/internal/library","Test":"TestCanceledScanAndDatabaseFailure","Output":"=== RUN   TestCanceledScanAndDatabaseFailure\n"}
{"Time":"2026-09-28T23:47:24.0543937+05:30","Action":"output","Package":"resonance/internal/library","Test":"TestCanceledScanAndDatabaseFailure","Output":"--- PASS: TestCanceledScanAndDatabaseFailure (0.94s)\n"}
{"Time":"2026-09-28T23:47:24.0543937+05:30","Action":"pass","Package":"resonance/internal/library","Test":"TestCanceledScanAndDatabaseFailure","Elapsed":0.94}
{"Time":"2026-09-28T23:47:24.0543937+05:30","Action":"run","Package":"resonance/internal/library","Test":"TestM13BaselineFromM12AndUnchangedRescan"}
{"Time":"2026-09-28T23:47:24.0543937+05:30","Action":"output","Package":"resonance/internal/library","Test":"TestM13BaselineFromM12AndUnchangedRescan","Output":"=== RUN   TestM13BaselineFromM12AndUnchangedRescan\n"}
{"Time":"2026-09-28T23:47:24.9474234+05:30","Action":"output","Package":"resonance/internal/library","Test":"TestM13BaselineFromM12AndUnchangedRescan","Output":"--- PASS: TestM13BaselineFromM12AndUnchangedRescan (0.89s)\n"}
{"Time":"2026-09-28T23:47:24.9474234+05:30","Action":"pass","Package":"resonance/internal/library","Test":"TestM13BaselineFromM12AndUnchangedRescan","Elapsed":0.89}
{"Time":"2026-09-28T23:47:24.9474234+05:30","Action":"run","Package":"resonance/internal/library","Test":"TestM13MtimeChangeAndExactCopy"}
{"Time":"2026-09-28T23:47:24.9474234+05:30","Action":"output","Package":"resonance/internal/library","Test":"TestM13MtimeChangeAndExactCopy","Output":"=== RUN   TestM13MtimeChangeAndExactCopy\n"}
{"Time":"2026-09-28T23:47:26.0856322+05:30","Action":"output","Package":"resonance/internal/library","Test":"TestM13MtimeChangeAndExactCopy","Output":"--- PASS: TestM13MtimeChangeAndExactCopy (1.14s)\n"}
{"Time":"2026-09-28T23:47:26.0856322+05:30","Action":"pass","Package":"resonance/internal/library","Test":"TestM13MtimeChangeAndExactCopy","Elapsed":1.14}
{"Time":"2026-09-28T23:47:26.0856322+05:30","Action":"run","Package":"resonance/internal/library","Test":"TestM13RenameWithAndWithoutNativeIdentity"}
{"Time":"2026-09-28T23:47:26.0856322+05:30","Action":"output","Package":"resonance/internal/library","Test":"TestM13RenameWithAndWithoutNativeIdentity","Output":"=== RUN   TestM13RenameWithAndWithoutNativeIdentity\n"}
{"Time":"2026-09-28T23:47:26.0861474+05:30","Action":"run","Package":"resonance/internal/library","Test":"TestM13RenameWithAndWithoutNativeIdentity/without_native"}
{"Time":"2026-09-28T23:47:26.0861474+05:30","Action":"output","Package":"resonance/internal/library","Test":"TestM13RenameWithAndWithoutNativeIdentity/without_native","Output":"=== RUN   TestM13RenameWithAndWithoutNativeIdentity/without_native\n"}
{"Time":"2026-09-28T23:47:26.7160519+05:30","Action":"output","Package":"resonance/internal/library","Test":"TestM13RenameWithAndWithoutNativeIdentity/without_native","Output":"--- PASS: TestM13RenameWithAndWithoutNativeIdentity/without_native (0.63s)\n"}
{"Time":"2026-09-28T23:47:26.7160519+05:30","Action":"pass","Package":"resonance/internal/library","Test":"TestM13RenameWithAndWithoutNativeIdentity/without_native","Elapsed":0.63}
{"Time":"2026-09-28T23:47:26.7160519+05:30","Action":"run","Package":"resonance/internal/library","Test":"TestM13RenameWithAndWithoutNativeIdentity/with_native"}
{"Time":"2026-09-28T23:47:26.7160519+05:30","Action":"output","Package":"resonance/internal/library","Test":"TestM13RenameWithAndWithoutNativeIdentity/with_native","Output":"=== RUN   TestM13RenameWithAndWithoutNativeIdentity/with_native\n"}
{"Time":"2026-09-28T23:47:27.4683979+05:30","Action":"output","Package":"resonance/internal/library","Test":"TestM13RenameWithAndWithoutNativeIdentity/with_native","Output":"--- PASS: TestM13RenameWithAndWithoutNativeIdentity/with_native (0.75s)\n"}
{"Time":"2026-09-28T23:47:27.4683979+05:30","Action":"pass","Package":"resonance/internal/library","Test":"TestM13RenameWithAndWithoutNativeIdentity/with_native","Elapsed":0.75}
{"Time":"2026-09-28T23:47:27.4683979+05:30","Action":"output","Package":"resonance/internal/library","Test":"TestM13RenameWithAndWithoutNativeIdentity","Output":"--- PASS: TestM13RenameWithAndWithoutNativeIdentity (1.38s)\n"}
{"Time":"2026-09-28T23:47:27.4683979+05:30","Action":"pass","Package":"resonance/internal/library","Test":"TestM13RenameWithAndWithoutNativeIdentity","Elapsed":1.38}
{"Time":"2026-09-28T23:47:27.4683979+05:30","Action":"run","Package":"resonance/internal/library","Test":"TestM13ReplacementAndStrongNativeContinuity"}
{"Time":"2026-09-28T23:47:27.4683979+05:30","Action":"output","Package":"resonance/internal/library","Test":"TestM13ReplacementAndStrongNativeContinuity","Output":"=== RUN   TestM13ReplacementAndStrongNativeContinuity\n"}
{"Time":"2026-09-28T23:47:27.4683979+05:30","Action":"run","Package":"resonance/internal/library","Test":"TestM13ReplacementAndStrongNativeContinuity/same_metadata_different_bytes_without_native"}
{"Time":"2026-09-28T23:47:27.4683979+05:30","Action":"output","Package":"resonance/internal/library","Test":"TestM13ReplacementAndStrongNativeContinuity/same_metadata_different_bytes_without_native","Output":"=== RUN   TestM13ReplacementAndStrongNativeContinuity/same_metadata_different_bytes_without_native\n"}
{"Time":"2026-09-28T23:47:28.1227927+05:30","Action":"output","Package":"resonance/internal/library","Test":"TestM13ReplacementAndStrongNativeContinuity/same_metadata_different_bytes_without_native","Output":"--- PASS: TestM13ReplacementAndStrongNativeContinuity/same_metadata_different_bytes_without_native (0.65s)\n"}
{"Time":"2026-09-28T23:47:28.1227927+05:30","Action":"pass","Package":"resonance/internal/library","Test":"TestM13ReplacementAndStrongNativeContinuity/same_metadata_different_bytes_without_native","Elapsed":0.65}
{"Time":"2026-09-28T23:47:28.1227927+05:30","Action":"run","Package":"resonance/internal/library","Test":"TestM13ReplacementAndStrongNativeContinuity/same_native_changed_bytes"}
{"Time":"2026-09-28T23:47:28.1227927+05:30","Action":"output","Package":"resonance/internal/library","Test":"TestM13ReplacementAndStrongNativeContinuity/same_native_changed_bytes","Output":"=== RUN   TestM13ReplacementAndStrongNativeContinuity/same_native_changed_bytes\n"}
{"Time":"2026-09-28T23:47:28.8562917+05:30","Action":"output","Package":"resonance/internal/library","Test":"TestM13ReplacementAndStrongNativeContinuity/same_native_changed_bytes","Output":"--- PASS: TestM13ReplacementAndStrongNativeContinuity/same_native_changed_bytes (0.73s)\n"}
{"Time":"2026-09-28T23:47:28.8562917+05:30","Action":"pass","Package":"resonance/internal/library","Test":"TestM13ReplacementAndStrongNativeContinuity/same_native_changed_bytes","Elapsed":0.73}
{"Time":"2026-09-28T23:47:28.8568061+05:30","Action":"output","Package":"resonance/internal/library","Test":"TestM13ReplacementAndStrongNativeContinuity","Output":"--- PASS: TestM13ReplacementAndStrongNativeContinuity (1.39s)\n"}
{"Time":"2026-09-28T23:47:28.8568061+05:30","Action":"pass","Package":"resonance/internal/library","Test":"TestM13ReplacementAndStrongNativeContinuity","Elapsed":1.39}
{"Time":"2026-09-28T23:47:28.8568061+05:30","Action":"run","Package":"resonance/internal/library","Test":"TestM13ExistingObjectTrackWinsAndNativeIDReuseFallsBack"}
{"Time":"2026-09-28T23:47:28.8568061+05:30","Action":"output","Package":"resonance/internal/library","Test":"TestM13ExistingObjectTrackWinsAndNativeIDReuseFallsBack","Output":"=== RUN   TestM13ExistingObjectTrackWinsAndNativeIDReuseFallsBack\n"}
{"Time":"2026-09-28T23:47:28.8568061+05:30","Action":"run","Package":"resonance/internal/library","Test":"TestM13ExistingObjectTrackWinsAndNativeIDReuseFallsBack/same_sha_but_reused_native_id_creates_new_location"}
{"Time":"2026-09-28T23:47:28.8568061+05:30","Action":"output","Package":"resonance/internal/library","Test":"TestM13ExistingObjectTrackWinsAndNativeIDReuseFallsBack/same_sha_but_reused_native_id_creates_new_location","Output":"=== RUN   TestM13ExistingObjectTrackWinsAndNativeIDReuseFallsBack/same_sha_but_reused_native_id_creates_new_location\n"}
{"Time":"2026-09-28T23:47:29.7218269+05:30","Action":"output","Package":"resonance/internal/library","Test":"TestM13ExistingObjectTrackWinsAndNativeIDReuseFallsBack/same_sha_but_reused_native_id_creates_new_location","Output":"--- PASS: TestM13ExistingObjectTrackWinsAndNativeIDReuseFallsBack/same_sha_but_reused_native_id_creates_new_location (0.87s)\n"}
{"Time":"2026-09-28T23:47:29.7218269+05:30","Action":"pass","Package":"resonance/internal/library","Test":"TestM13ExistingObjectTrackWinsAndNativeIDReuseFallsBack/same_sha_but_reused_native_id_creates_new_location","Elapsed":0.87}
{"Time":"2026-09-28T23:47:29.7218269+05:30","Action":"run","Package":"resonance/internal/library","Test":"TestM13ExistingObjectTrackWinsAndNativeIDReuseFallsBack/existing_object_on_another_track"}
{"Time":"2026-09-28T23:47:29.7218269+05:30","Action":"output","Package":"resonance/internal/library","Test":"TestM13ExistingObjectTrackWinsAndNativeIDReuseFallsBack/existing_object_on_another_track","Output":"=== RUN   TestM13ExistingObjectTrackWinsAndNativeIDReuseFallsBack/existing_object_on_another_track\n"}
{"Time":"2026-09-28T23:47:30.5065689+05:30","Action":"output","Package":"resonance/internal/library","Test":"TestM13ExistingObjectTrackWinsAndNativeIDReuseFallsBack/existing_object_on_another_track","Output":"--- PASS: TestM13ExistingObjectTrackWinsAndNativeIDReuseFallsBack/existing_object_on_another_track (0.78s)\n"}
{"Time":"2026-09-28T23:47:30.5065689+05:30","Action":"pass","Package":"resonance/internal/library","Test":"TestM13ExistingObjectTrackWinsAndNativeIDReuseFallsBack/existing_object_on_another_track","Elapsed":0.78}
{"Time":"2026-09-28T23:47:30.5065689+05:30","Action":"run","Package":"resonance/internal/library","Test":"TestM13ExistingObjectTrackWinsAndNativeIDReuseFallsBack/birth_token_mismatch"}
{"Time":"2026-09-28T23:47:30.5065689+05:30","Action":"output","Package":"resonance/internal/library","Test":"TestM13ExistingObjectTrackWinsAndNativeIDReuseFallsBack/birth_token_mismatch","Output":"=== RUN   TestM13ExistingObjectTrackWinsAndNativeIDReuseFallsBack/birth_token_mismatch\n"}
{"Time":"2026-09-28T23:47:31.1422415+05:30","Action":"output","Package":"resonance/internal/library","Test":"TestM13ExistingObjectTrackWinsAndNativeIDReuseFallsBack/birth_token_mismatch","Output":"--- PASS: TestM13ExistingObjectTrackWinsAndNativeIDReuseFallsBack/birth_token_mismatch (0.64s)\n"}
{"Time":"2026-09-28T23:47:31.1422415+05:30","Action":"pass","Package":"resonance/internal/library","Test":"TestM13ExistingObjectTrackWinsAndNativeIDReuseFallsBack/birth_token_mismatch","Elapsed":0.64}
{"Time":"2026-09-28T23:47:31.1422415+05:30","Action":"output","Package":"resonance/internal/library","Test":"TestM13ExistingObjectTrackWinsAndNativeIDReuseFallsBack","Output":"--- PASS: TestM13ExistingObjectTrackWinsAndNativeIDReuseFallsBack (2.29s)\n"}
{"Time":"2026-09-28T23:47:31.1422415+05:30","Action":"pass","Package":"resonance/internal/library","Test":"TestM13ExistingObjectTrackWinsAndNativeIDReuseFallsBack","Elapsed":2.29}
{"Time":"2026-09-28T23:47:31.1422415+05:30","Action":"run","Package":"resonance/internal/library","Test":"TestM13MetadataSourceAndAmbiguousNativeIDs"}
{"Time":"2026-09-28T23:47:31.1422415+05:30","Action":"output","Package":"resonance/internal/library","Test":"TestM13MetadataSourceAndAmbiguousNativeIDs","Output":"=== RUN   TestM13MetadataSourceAndAmbiguousNativeIDs\n"}
{"Time":"2026-09-28T23:47:31.1422415+05:30","Action":"run","Package":"resonance/internal/library","Test":"TestM13MetadataSourceAndAmbiguousNativeIDs/hardlink_is_a_separate_location"}
{"Time":"2026-09-28T23:47:31.1422415+05:30","Action":"output","Package":"resonance/internal/library","Test":"TestM13MetadataSourceAndAmbiguousNativeIDs/hardlink_is_a_separate_location","Output":"=== RUN   TestM13MetadataSourceAndAmbiguousNativeIDs/hardlink_is_a_separate_location\n"}
{"Time":"2026-09-28T23:47:31.7807271+05:30","Action":"output","Package":"resonance/internal/library","Test":"TestM13MetadataSourceAndAmbiguousNativeIDs/hardlink_is_a_separate_location","Output":"--- PASS: TestM13MetadataSourceAndAmbiguousNativeIDs/hardlink_is_a_separate_location (0.64s)\n"}
{"Time":"2026-09-28T23:47:31.7807271+05:30","Action":"pass","Package":"resonance/internal/library","Test":"TestM13MetadataSourceAndAmbiguousNativeIDs/hardlink_is_a_separate_location","Elapsed":0.64}
{"Time":"2026-09-28T23:47:31.7807271+05:30","Action":"run","Package":"resonance/internal/library","Test":"TestM13MetadataSourceAndAmbiguousNativeIDs/editing_non_source_duplicate_keeps_shared_metadata"}
{"Time":"2026-09-28T23:47:31.7807271+05:30","Action":"output","Package":"resonance/internal/library","Test":"TestM13MetadataSourceAndAmbiguousNativeIDs/editing_non_source_duplicate_keeps_shared_metadata","Output":"=== RUN   TestM13MetadataSourceAndAmbiguousNativeIDs/editing_non_source_duplicate_keeps_shared_metadata\n"}
{"Time":"2026-09-28T23:47:32.5711174+05:30","Action":"output","Package":"resonance/internal/library","Test":"TestM13MetadataSourceAndAmbiguousNativeIDs/editing_non_source_duplicate_keeps_shared_metadata","Output":"--- PASS: TestM13MetadataSourceAndAmbiguousNativeIDs/editing_non_source_duplicate_keeps_shared_metadata (0.79s)\n"}
{"Time":"2026-09-28T23:47:32.5711174+05:30","Action":"pass","Package":"resonance/internal/library","Test":"TestM13MetadataSourceAndAmbiguousNativeIDs/editing_non_source_duplicate_keeps_shared_metadata","Elapsed":0.79}
{"Time":"2026-09-28T23:47:32.5711174+05:30","Action":"run","Package":"resonance/internal/library","Test":"TestM13MetadataSourceAndAmbiguousNativeIDs/ambiguous_native_id_does_not_infer_move"}
{"Time":"2026-09-28T23:47:32.5711174+05:30","Action":"output","Package":"resonance/internal/library","Test":"TestM13MetadataSourceAndAmbiguousNativeIDs/ambiguous_native_id_does_not_infer_move","Output":"=== RUN   TestM13MetadataSourceAndAmbiguousNativeIDs/ambiguous_native_id_does_not_infer_move\n"}
{"Time":"2026-09-28T23:47:33.3309695+05:30","Action":"output","Package":"resonance/internal/library","Test":"TestM13MetadataSourceAndAmbiguousNativeIDs/ambiguous_native_id_does_not_infer_move","Output":"--- PASS: TestM13MetadataSourceAndAmbiguousNativeIDs/ambiguous_native_id_does_not_infer_move (0.76s)\n"}
{"Time":"2026-09-28T23:47:33.3309695+05:30","Action":"pass","Package":"resonance/internal/library","Test":"TestM13MetadataSourceAndAmbiguousNativeIDs/ambiguous_native_id_does_not_infer_move","Elapsed":0.76}
{"Time":"2026-09-28T23:47:33.3309695+05:30","Action":"output","Package":"resonance/internal/library","Test":"TestM13MetadataSourceAndAmbiguousNativeIDs","Output":"--- PASS: TestM13MetadataSourceAndAmbiguousNativeIDs (2.19s)\n"}
{"Time":"2026-09-28T23:47:33.3309695+05:30","Action":"pass","Package":"resonance/internal/library","Test":"TestM13MetadataSourceAndAmbiguousNativeIDs","Elapsed":2.19}
{"Time":"2026-09-28T23:47:33.3309695+05:30","Action":"run","Package":"resonance/internal/library","Test":"TestM13UnreadableAndTransientObservationsAreConservative"}
{"Time":"2026-09-28T23:47:33.3309695+05:30","Action":"output","Package":"resonance/internal/library","Test":"TestM13UnreadableAndTransientObservationsAreConservative","Output":"=== RUN   TestM13UnreadableAndTransientObservationsAreConservative\n"}
{"Time":"2026-09-28T23:47:33.3309695+05:30","Action":"run","Package":"resonance/internal/library","Test":"TestM13UnreadableAndTransientObservationsAreConservative/known_unreadable_and_reappearance"}
{"Time":"2026-09-28T23:47:33.3309695+05:30","Action":"output","Package":"resonance/internal/library","Test":"TestM13UnreadableAndTransientObservationsAreConservative/known_unreadable_and_reappearance","Output":"=== RUN   TestM13UnreadableAndTransientObservationsAreConservative/known_unreadable_and_reappearance\n"}
{"Time":"2026-09-28T23:47:34.2642008+05:30","Action":"output","Package":"resonance/internal/library","Test":"TestM13UnreadableAndTransientObservationsAreConservative/known_unreadable_and_reappearance","Output":"--- PASS: TestM13UnreadableAndTransientObservationsAreConservative/known_unreadable_and_reappearance (0.94s)\n"}
{"Time":"2026-09-28T23:47:34.2723024+05:30","Action":"pass","Package":"resonance/internal/library","Test":"TestM13UnreadableAndTransientObservationsAreConservative/known_unreadable_and_reappearance","Elapsed":0.94}
{"Time":"2026-09-28T23:47:34.2723024+05:30","Action":"run","Package":"resonance/internal/library","Test":"TestM13UnreadableAndTransientObservationsAreConservative/disappears_before_open"}
{"Time":"2026-09-28T23:47:34.2723024+05:30","Action":"output","Package":"resonance/internal/library","Test":"TestM13UnreadableAndTransientObservationsAreConservative/disappears_before_open","Output":"=== RUN   TestM13UnreadableAndTransientObservationsAreConservative/disappears_before_open\n"}
{"Time":"2026-09-28T23:47:34.8823294+05:30","Action":"output","Package":"resonance/internal/library","Test":"TestM13UnreadableAndTransientObservationsAreConservative/disappears_before_open","Output":"--- PASS: TestM13UnreadableAndTransientObservationsAreConservative/disappears_before_open (0.61s)\n"}
{"Time":"2026-09-28T23:47:34.8823294+05:30","Action":"pass","Package":"resonance/internal/library","Test":"TestM13UnreadableAndTransientObservationsAreConservative/disappears_before_open","Elapsed":0.61}
{"Time":"2026-09-28T23:47:34.8823294+05:30","Action":"run","Package":"resonance/internal/library","Test":"TestM13UnreadableAndTransientObservationsAreConservative/mutation_after_enumeration"}
{"Time":"2026-09-28T23:47:34.8823294+05:30","Action":"output","Package":"resonance/internal/library","Test":"TestM13UnreadableAndTransientObservationsAreConservative/mutation_after_enumeration","Output":"=== RUN   TestM13UnreadableAndTransientObservationsAreConservative/mutation_after_enumeration\n"}
{"Time":"2026-09-28T23:47:35.5402024+05:30","Action":"output","Package":"resonance/internal/library","Test":"TestM13UnreadableAndTransientObservationsAreConservative/mutation_after_enumeration","Output":"--- PASS: TestM13UnreadableAndTransientObservationsAreConservative/mutation_after_enumeration (0.66s)\n"}
{"Time":"2026-09-28T23:47:35.5407933+05:30","Action":"pass","Package":"resonance/internal/library","Test":"TestM13UnreadableAndTransientObservationsAreConservative/mutation_after_enumeration","Elapsed":0.66}
{"Time":"2026-09-28T23:47:35.5407933+05:30","Action":"output","Package":"resonance/internal/library","Test":"TestM13UnreadableAndTransientObservationsAreConservative","Output":"--- PASS: TestM13UnreadableAndTransientObservationsAreConservative (2.21s)\n"}
{"Time":"2026-09-28T23:47:35.5407933+05:30","Action":"pass","Package":"resonance/internal/library","Test":"TestM13UnreadableAndTransientObservationsAreConservative","Elapsed":2.21}
{"Time":"2026-09-28T23:47:35.5407933+05:30","Action":"run","Package":"resonance/internal/library","Test":"TestM13PathReplacedAfterOpenDoesNotPublishOldHandle"}
{"Time":"2026-09-28T23:47:35.5407933+05:30","Action":"output","Package":"resonance/internal/library","Test":"TestM13PathReplacedAfterOpenDoesNotPublishOldHandle","Output":"=== RUN   TestM13PathReplacedAfterOpenDoesNotPublishOldHandle\n"}
{"Time":"2026-09-28T23:47:36.1866699+05:30","Action":"output","Package":"resonance/internal/library","Test":"TestM13PathReplacedAfterOpenDoesNotPublishOldHandle","Output":"--- PASS: TestM13PathReplacedAfterOpenDoesNotPublishOldHandle (0.65s)\n"}
{"Time":"2026-09-28T23:47:36.1866699+05:30","Action":"pass","Package":"resonance/internal/library","Test":"TestM13PathReplacedAfterOpenDoesNotPublishOldHandle","Elapsed":0.65}
{"Time":"2026-09-28T23:47:36.1872085+05:30","Action":"run","Package":"resonance/internal/library","Test":"TestM13MalformedReplacementAndRootOfflinePreserveIdentity"}
{"Time":"2026-09-28T23:47:36.1872085+05:30","Action":"output","Package":"resonance/internal/library","Test":"TestM13MalformedReplacementAndRootOfflinePreserveIdentity","Output":"=== RUN   TestM13MalformedReplacementAndRootOfflinePreserveIdentity\n"}
{"Time":"2026-09-28T23:47:36.8674875+05:30","Action":"output","Package":"resonance/internal/library","Test":"TestM13MalformedReplacementAndRootOfflinePreserveIdentity","Output":"--- PASS: TestM13MalformedReplacementAndRootOfflinePreserveIdentity (0.68s)\n"}
{"Time":"2026-09-28T23:47:36.8679943+05:30","Action":"pass","Package":"resonance/internal/library","Test":"TestM13MalformedReplacementAndRootOfflinePreserveIdentity","Elapsed":0.68}
{"Time":"2026-09-28T23:47:36.8679943+05:30","Action":"run","Package":"resonance/internal/library","Test":"TestM13FinalPublishRollbackIsAtomic"}
{"Time":"2026-09-28T23:47:36.8679943+05:30","Action":"output","Package":"resonance/internal/library","Test":"TestM13FinalPublishRollbackIsAtomic","Output":"=== RUN   TestM13FinalPublishRollbackIsAtomic\n"}
{"Time":"2026-09-28T23:47:37.5147461+05:30","Action":"output","Package":"resonance/internal/library","Test":"TestM13FinalPublishRollbackIsAtomic","Output":"--- PASS: TestM13FinalPublishRollbackIsAtomic (0.65s)\n"}
{"Time":"2026-09-28T23:47:37.5147461+05:30","Action":"pass","Package":"resonance/internal/library","Test":"TestM13FinalPublishRollbackIsAtomic","Elapsed":0.65}
{"Time":"2026-09-28T23:47:37.5147461+05:30","Action":"run","Package":"resonance/internal/library","Test":"TestM14GroupingFailureRollsBackScanPublication"}
{"Time":"2026-09-28T23:47:37.5147461+05:30","Action":"output","Package":"resonance/internal/library","Test":"TestM14GroupingFailureRollsBackScanPublication","Output":"=== RUN   TestM14GroupingFailureRollsBackScanPublication\n"}
{"Time":"2026-09-28T23:47:38.2173984+05:30","Action":"output","Package":"resonance/internal/library","Test":"TestM14GroupingFailureRollsBackScanPublication","Output":"--- PASS: TestM14GroupingFailureRollsBackScanPublication (0.70s)\n"}
{"Time":"2026-09-28T23:47:38.2173984+05:30","Action":"pass","Package":"resonance/internal/library","Test":"TestM14GroupingFailureRollsBackScanPublication","Elapsed":0.7}
{"Time":"2026-09-28T23:47:38.2173984+05:30","Action":"run","Package":"resonance/internal/library","Test":"TestM14UnambiguousMoveKeepsGroupingIDs"}
{"Time":"2026-09-28T23:47:38.2173984+05:30","Action":"output","Package":"resonance/internal/library","Test":"TestM14UnambiguousMoveKeepsGroupingIDs","Output":"=== RUN   TestM14UnambiguousMoveKeepsGroupingIDs\n"}
{"Time":"2026-09-28T23:47:38.8894538+05:30","Action":"output","Package":"resonance/internal/library","Test":"TestM14UnambiguousMoveKeepsGroupingIDs","Output":"--- PASS: TestM14UnambiguousMoveKeepsGroupingIDs (0.67s)\n"}
{"Time":"2026-09-28T23:47:38.8894538+05:30","Action":"pass","Package":"resonance/internal/library","Test":"TestM14UnambiguousMoveKeepsGroupingIDs","Elapsed":0.67}
{"Time":"2026-09-28T23:47:38.8894538+05:30","Action":"run","Package":"resonance/internal/library","Test":"TestM13LargeIncompleteDeletionSuppressesAbsence"}
{"Time":"2026-09-28T23:47:38.8894538+05:30","Action":"output","Package":"resonance/internal/library","Test":"TestM13LargeIncompleteDeletionSuppressesAbsence","Output":"=== RUN   TestM13LargeIncompleteDeletionSuppressesAbsence\n"}
{"Time":"2026-09-28T23:47:43.4208563+05:30","Action":"output","Package":"resonance/internal/library","Test":"TestM13LargeIncompleteDeletionSuppressesAbsence","Output":"--- PASS: TestM13LargeIncompleteDeletionSuppressesAbsence (4.53s)\n"}
{"Time":"2026-09-28T23:47:43.4208563+05:30","Action":"pass","Package":"resonance/internal/library","Test":"TestM13LargeIncompleteDeletionSuppressesAbsence","Elapsed":4.53}
{"Time":"2026-09-28T23:47:43.4208563+05:30","Action":"run","Package":"resonance/internal/library","Test":"TestM17CrashChild"}
{"Time":"2026-09-28T23:47:43.4208563+05:30","Action":"output","Package":"resonance/internal/library","Test":"TestM17CrashChild","Output":"=== RUN   TestM17CrashChild\n"}
{"Time":"2026-09-28T23:47:43.4208563+05:30","Action":"output","Package":"resonance/internal/library","Test":"TestM17CrashChild","Output":"--- PASS: TestM17CrashChild (0.00s)\n"}
{"Time":"2026-09-28T23:47:43.4208563+05:30","Action":"pass","Package":"resonance/internal/library","Test":"TestM17CrashChild","Elapsed":0}
{"Time":"2026-09-28T23:47:43.4208563+05:30","Action":"run","Package":"resonance/internal/library","Test":"TestM17PublicationCrashCampaign"}
{"Time":"2026-09-28T23:47:43.4208563+05:30","Action":"output","Package":"resonance/internal/library","Test":"TestM17PublicationCrashCampaign","Output":"=== RUN   TestM17PublicationCrashCampaign\n"}
{"Time":"2026-09-28T23:47:43.4208563+05:30","Action":"run","Package":"resonance/internal/library","Test":"TestM17PublicationCrashCampaign/discovery"}
{"Time":"2026-09-28T23:47:43.4208563+05:30","Action":"output","Package":"resonance/internal/library","Test":"TestM17PublicationCrashCampaign/discovery","Output":"=== RUN   TestM17PublicationCrashCampaign/discovery\n"}
{"Time":"2026-09-28T23:47:44.4567551+05:30","Action":"output","Package":"resonance/internal/library","Test":"TestM17PublicationCrashCampaign/discovery","Output":"    m17_crash_integration_test.go:217: discovery: pre-retry state inspected; atomic authority/recovery assertions passed\n"}
{"Time":"2026-09-28T23:47:44.5290857+05:30","Action":"output","Package":"resonance/internal/library","Test":"TestM17PublicationCrashCampaign/discovery","Output":"--- PASS: TestM17PublicationCrashCampaign/discovery (1.11s)\n"}
{"Time":"2026-09-28T23:47:44.5290857+05:30","Action":"pass","Package":"resonance/internal/library","Test":"TestM17PublicationCrashCampaign/discovery","Elapsed":1.11}
{"Time":"2026-09-28T23:47:44.5290857+05:30","Action":"run","Package":"resonance/internal/library","Test":"TestM17PublicationCrashCampaign/publication"}
{"Time":"2026-09-28T23:47:44.5295918+05:30","Action":"output","Package":"resonance/internal/library","Test":"TestM17PublicationCrashCampaign/publication","Output":"=== RUN   TestM17PublicationCrashCampaign/publication\n"}
{"Time":"2026-09-28T23:47:45.5944489+05:30","Action":"output","Package":"resonance/internal/library","Test":"TestM17PublicationCrashCampaign/publication","Output":"    m17_crash_integration_test.go:217: publication: pre-retry state inspected; atomic authority/recovery assertions passed\n"}
{"Time":"2026-09-28T23:47:45.6635426+05:30","Action":"output","Package":"resonance/internal/library","Test":"TestM17PublicationCrashCampaign/publication","Output":"--- PASS: TestM17PublicationCrashCampaign/publication (1.13s)\n"}
{"Time":"2026-09-28T23:47:45.6641275+05:30","Action":"pass","Package":"resonance/internal/library","Test":"TestM17PublicationCrashCampaign/publication","Elapsed":1.13}
{"Time":"2026-09-28T23:47:45.6641275+05:30","Action":"run","Package":"resonance/internal/library","Test":"TestM17PublicationCrashCampaign/commit_without_delivery"}
{"Time":"2026-09-28T23:47:45.6641275+05:30","Action":"output","Package":"resonance/internal/library","Test":"TestM17PublicationCrashCampaign/commit_without_delivery","Output":"=== RUN   TestM17PublicationCrashCampaign/commit_without_delivery\n"}
{"Time":"2026-09-28T23:47:46.7376869+05:30","Action":"output","Package":"resonance/internal/library","Test":"TestM17PublicationCrashCampaign/commit_without_delivery","Output":"    m17_crash_integration_test.go:217: commit_without_delivery: pre-retry state inspected; atomic authority/recovery assertions passed\n"}
{"Time":"2026-09-28T23:47:46.7976761+05:30","Action":"output","Package":"resonance/internal/library","Test":"TestM17PublicationCrashCampaign/commit_without_delivery","Output":"--- PASS: TestM17PublicationCrashCampaign/commit_without_delivery (1.13s)\n"}
{"Time":"2026-09-28T23:47:46.7976761+05:30","Action":"pass","Package":"resonance/internal/library","Test":"TestM17PublicationCrashCampaign/commit_without_delivery","Elapsed":1.13}
{"Time":"2026-09-28T23:47:46.7976761+05:30","Action":"output","Package":"resonance/internal/library","Test":"TestM17PublicationCrashCampaign","Output":"--- PASS: TestM17PublicationCrashCampaign (3.38s)\n"}
{"Time":"2026-09-28T23:47:46.7976761+05:30","Action":"pass","Package":"resonance/internal/library","Test":"TestM17PublicationCrashCampaign","Elapsed":3.38}
{"Time":"2026-09-28T23:47:46.7976761+05:30","Action":"run","Package":"resonance/internal/library","Test":"TestM17DirtyWorkHardCrashAndStartupSweep"}
{"Time":"2026-09-28T23:47:46.7976761+05:30","Action":"output","Package":"resonance/internal/library","Test":"TestM17DirtyWorkHardCrashAndStartupSweep","Output":"=== RUN   TestM17DirtyWorkHardCrashAndStartupSweep\n"}
{"Time":"2026-09-28T23:47:50.0997416+05:30","Action":"output","Package":"resonance/internal/library","Test":"TestM17DirtyWorkHardCrashAndStartupSweep","Output":"--- PASS: TestM17DirtyWorkHardCrashAndStartupSweep (3.30s)\n"}
{"Time":"2026-09-28T23:47:50.0997416+05:30","Action":"pass","Package":"resonance/internal/library","Test":"TestM17DirtyWorkHardCrashAndStartupSweep","Elapsed":3.3}
{"Time":"2026-09-28T23:47:50.0997416+05:30","Action":"run","Package":"resonance/internal/library","Test":"TestM17PhysicalRootOfflineReturnReplacementAndVerification"}
{"Time":"2026-09-28T23:47:50.0997416+05:30","Action":"output","Package":"resonance/internal/library","Test":"TestM17PhysicalRootOfflineReturnReplacementAndVerification","Output":"=== RUN   TestM17PhysicalRootOfflineReturnReplacementAndVerification\n"}
{"Time":"2026-09-28T23:47:51.0326173+05:30","Action":"output","Package":"resonance/internal/library","Test":"TestM17PhysicalRootOfflineReturnReplacementAndVerification","Output":"    m17_root_operations_integration_test.go:96: actual root object moved away and returned; replacement quarantined without absence; explicit host verification gated later absence; queue/favorite/history retained\n"}
{"Time":"2026-09-28T23:47:51.091016+05:30","Action":"output","Package":"resonance/internal/library","Test":"TestM17PhysicalRootOfflineReturnReplacementAndVerification","Output":"--- PASS: TestM17PhysicalRootOfflineReturnReplacementAndVerification (0.99s)\n"}
{"Time":"2026-09-28T23:47:51.091016+05:30","Action":"pass","Package":"resonance/internal/library","Test":"TestM17PhysicalRootOfflineReturnReplacementAndVerification","Elapsed":0.99}
{"Time":"2026-09-28T23:47:51.091016+05:30","Action":"run","Package":"resonance/internal/library","Test":"TestM17ThirtyRealMediaWatcherChanges"}
{"Time":"2026-09-28T23:47:51.091016+05:30","Action":"output","Package":"resonance/internal/library","Test":"TestM17ThirtyRealMediaWatcherChanges","Output":"=== RUN   TestM17ThirtyRealMediaWatcherChanges\n"}
{"Time":"2026-09-28T23:47:51.091016+05:30","Action":"output","Package":"resonance/internal/library","Test":"TestM17ThirtyRealMediaWatcherChanges","Output":"    m17_watcher_benchmark_integration_test.go:18: explicit 30-media-event watcher campaign\n"}
{"Time":"2026-09-28T23:47:51.0916443+05:30","Action":"output","Package":"resonance/internal/library","Test":"TestM17ThirtyRealMediaWatcherChanges","Output":"--- SKIP: TestM17ThirtyRealMediaWatcherChanges (0.00s)\n"}
{"Time":"2026-09-28T23:47:51.0916443+05:30","Action":"skip","Package":"resonance/internal/library","Test":"TestM17ThirtyRealMediaWatcherChanges","Elapsed":0}
{"Time":"2026-09-28T23:47:51.0916443+05:30","Action":"run","Package":"resonance/internal/library","Test":"TestWindowsNativeIdentityComesFromStableOpenHandleEvidence"}
{"Time":"2026-09-28T23:47:51.0916443+05:30","Action":"output","Package":"resonance/internal/library","Test":"TestWindowsNativeIdentityComesFromStableOpenHandleEvidence","Output":"=== RUN   TestWindowsNativeIdentityComesFromStableOpenHandleEvidence\n"}
{"Time":"2026-09-28T23:47:51.0933332+05:30","Action":"output","Package":"resonance/internal/library","Test":"TestWindowsNativeIdentityComesFromStableOpenHandleEvidence","Output":"--- PASS: TestWindowsNativeIdentityComesFromStableOpenHandleEvidence (0.00s)\n"}
{"Time":"2026-09-28T23:47:51.0933332+05:30","Action":"pass","Package":"resonance/internal/library","Test":"TestWindowsNativeIdentityComesFromStableOpenHandleEvidence","Elapsed":0}
{"Time":"2026-09-28T23:47:51.0933332+05:30","Action":"run","Package":"resonance/internal/library","Test":"TestRootIdentityRequiresNonzeroBirthEvidence"}
{"Time":"2026-09-28T23:47:51.0933332+05:30","Action":"output","Package":"resonance/internal/library","Test":"TestRootIdentityRequiresNonzeroBirthEvidence","Output":"=== RUN   TestRootIdentityRequiresNonzeroBirthEvidence\n"}
{"Time":"2026-09-28T23:47:51.0933332+05:30","Action":"output","Package":"resonance/internal/library","Test":"TestRootIdentityRequiresNonzeroBirthEvidence","Output":"--- PASS: TestRootIdentityRequiresNonzeroBirthEvidence (0.00s)\n"}
{"Time":"2026-09-28T23:47:51.0933332+05:30","Action":"pass","Package":"resonance/internal/library","Test":"TestRootIdentityRequiresNonzeroBirthEvidence","Elapsed":0}
{"Time":"2026-09-28T23:47:51.0933332+05:30","Action":"run","Package":"resonance/internal/library","Test":"TestWindowsCanonicalizationCollapsesCaseAndJunctionAliases"}
{"Time":"2026-09-28T23:47:51.0933332+05:30","Action":"output","Package":"resonance/internal/library","Test":"TestWindowsCanonicalizationCollapsesCaseAndJunctionAliases","Output":"=== RUN   TestWindowsCanonicalizationCollapsesCaseAndJunctionAliases\n"}
{"Time":"2026-09-28T23:47:51.4534335+05:30","Action":"output","Package":"resonance/internal/library","Test":"TestWindowsCanonicalizationCollapsesCaseAndJunctionAliases","Output":"--- PASS: TestWindowsCanonicalizationCollapsesCaseAndJunctionAliases (0.36s)\n"}
{"Time":"2026-09-28T23:47:51.4539803+05:30","Action":"pass","Package":"resonance/internal/library","Test":"TestWindowsCanonicalizationCollapsesCaseAndJunctionAliases","Elapsed":0.36}
{"Time":"2026-09-28T23:47:51.4539803+05:30","Action":"run","Package":"resonance/internal/library","Test":"TestWindowsEnrollmentRejectsDeviceAndAlternateStreamPaths"}
{"Time":"2026-09-28T23:47:51.4539803+05:30","Action":"output","Package":"resonance/internal/library","Test":"TestWindowsEnrollmentRejectsDeviceAndAlternateStreamPaths","Output":"=== RUN   TestWindowsEnrollmentRejectsDeviceAndAlternateStreamPaths\n"}
{"Time":"2026-09-28T23:47:51.4550505+05:30","Action":"output","Package":"resonance/internal/library","Test":"TestWindowsEnrollmentRejectsDeviceAndAlternateStreamPaths","Output":"--- PASS: TestWindowsEnrollmentRejectsDeviceAndAlternateStreamPaths (0.00s)\n"}
{"Time":"2026-09-28T23:47:51.4550505+05:30","Action":"pass","Package":"resonance/internal/library","Test":"TestWindowsEnrollmentRejectsDeviceAndAlternateStreamPaths","Elapsed":0}
{"Time":"2026-09-28T23:47:51.4550505+05:30","Action":"run","Package":"resonance/internal/library","Test":"TestWindowsRootRejectsTraversalAbsoluteAndDeviceNames"}
{"Time":"2026-09-28T23:47:51.4550505+05:30","Action":"output","Package":"resonance/internal/library","Test":"TestWindowsRootRejectsTraversalAbsoluteAndDeviceNames","Output":"=== RUN   TestWindowsRootRejectsTraversalAbsoluteAndDeviceNames\n"}
{"Time":"2026-09-28T23:47:51.4555877+05:30","Action":"output","Package":"resonance/internal/library","Test":"TestWindowsRootRejectsTraversalAbsoluteAndDeviceNames","Output":"--- PASS: TestWindowsRootRejectsTraversalAbsoluteAndDeviceNames (0.00s)\n"}
{"Time":"2026-09-28T23:47:51.4555877+05:30","Action":"pass","Package":"resonance/internal/library","Test":"TestWindowsRootRejectsTraversalAbsoluteAndDeviceNames","Elapsed":0}
{"Time":"2026-09-28T23:47:51.4555877+05:30","Action":"run","Package":"resonance/internal/library","Test":"TestWindowsJunctionSkippedDuringScan"}
{"Time":"2026-09-28T23:47:51.4555877+05:30","Action":"output","Package":"resonance/internal/library","Test":"TestWindowsJunctionSkippedDuringScan","Output":"=== RUN   TestWindowsJunctionSkippedDuringScan\n"}
{"Time":"2026-09-28T23:47:52.3663822+05:30","Action":"output","Package":"resonance/internal/library","Test":"TestWindowsJunctionSkippedDuringScan","Output":"--- PASS: TestWindowsJunctionSkippedDuringScan (0.91s)\n"}
{"Time":"2026-09-28T23:47:52.3670443+05:30","Action":"pass","Package":"resonance/internal/library","Test":"TestWindowsJunctionSkippedDuringScan","Elapsed":0.91}
{"Time":"2026-09-28T23:47:52.3670443+05:30","Action":"run","Package":"resonance/internal/library","Test":"TestWindowsCaseOnlyRenameKeepsOneActiveLocation"}
{"Time":"2026-09-28T23:47:52.3670443+05:30","Action":"output","Package":"resonance/internal/library","Test":"TestWindowsCaseOnlyRenameKeepsOneActiveLocation","Output":"=== RUN   TestWindowsCaseOnlyRenameKeepsOneActiveLocation\n"}
{"Time":"2026-09-28T23:47:53.2361752+05:30","Action":"output","Package":"resonance/internal/library","Test":"TestWindowsCaseOnlyRenameKeepsOneActiveLocation","Output":"--- PASS: TestWindowsCaseOnlyRenameKeepsOneActiveLocation (0.87s)\n"}
{"Time":"2026-09-28T23:47:53.2366795+05:30","Action":"pass","Package":"resonance/internal/library","Test":"TestWindowsCaseOnlyRenameKeepsOneActiveLocation","Elapsed":0.87}
{"Time":"2026-09-28T23:47:53.2366795+05:30","Action":"run","Package":"resonance/internal/library","Test":"TestWindowsKnownLocationReplacedBySymlinkIsDirectlyUnavailable"}
{"Time":"2026-09-28T23:47:53.2366795+05:30","Action":"output","Package":"resonance/internal/library","Test":"TestWindowsKnownLocationReplacedBySymlinkIsDirectlyUnavailable","Output":"=== RUN   TestWindowsKnownLocationReplacedBySymlinkIsDirectlyUnavailable\n"}
{"Time":"2026-09-28T23:47:53.8445415+05:30","Action":"output","Package":"resonance/internal/library","Test":"TestWindowsKnownLocationReplacedBySymlinkIsDirectlyUnavailable","Output":"    scanner_windows_integration_test.go:84: file symlink creation is unavailable: symlink <local-path>"}
{"Time":"2026-09-28T23:47:53.8971992+05:30","Action":"output","Package":"resonance/internal/library","Test":"TestWindowsKnownLocationReplacedBySymlinkIsDirectlyUnavailable","Output":"--- SKIP: TestWindowsKnownLocationReplacedBySymlinkIsDirectlyUnavailable (0.67s)\n"}
{"Time":"2026-09-28T23:47:53.9018703+05:30","Action":"skip","Package":"resonance/internal/library","Test":"TestWindowsKnownLocationReplacedBySymlinkIsDirectlyUnavailable","Elapsed":0.67}
{"Time":"2026-09-28T23:47:53.9018703+05:30","Action":"run","Package":"resonance/internal/library","Test":"TestM16RealWindowsDirectoryWatcher"}
{"Time":"2026-09-28T23:47:53.9018703+05:30","Action":"output","Package":"resonance/internal/library","Test":"TestM16RealWindowsDirectoryWatcher","Output":"=== RUN   TestM16RealWindowsDirectoryWatcher\n"}
{"Time":"2026-09-28T23:47:53.9051704+05:30","Action":"output","Package":"resonance/internal/library","Test":"TestM16RealWindowsDirectoryWatcher","Output":"--- PASS: TestM16RealWindowsDirectoryWatcher (0.00s)\n"}
{"Time":"2026-09-28T23:47:53.9051704+05:30","Action":"pass","Package":"resonance/internal/library","Test":"TestM16RealWindowsDirectoryWatcher","Elapsed":0}
{"Time":"2026-09-28T23:47:53.9051704+05:30","Action":"run","Package":"resonance/internal/library","Test":"TestDatabaseFailurePreservesCancellation"}
{"Time":"2026-09-28T23:47:53.9051704+05:30","Action":"output","Package":"resonance/internal/library","Test":"TestDatabaseFailurePreservesCancellation","Output":"=== RUN   TestDatabaseFailurePreservesCancellation\n"}
{"Time":"2026-09-28T23:47:53.9051704+05:30","Action":"output","Package":"resonance/internal/library","Test":"TestDatabaseFailurePreservesCancellation","Output":"--- PASS: TestDatabaseFailurePreservesCancellation (0.00s)\n"}
{"Time":"2026-09-28T23:47:53.9051704+05:30","Action":"pass","Package":"resonance/internal/library","Test":"TestDatabaseFailurePreservesCancellation","Elapsed":0}
{"Time":"2026-09-28T23:47:53.9051704+05:30","Action":"run","Package":"resonance/internal/library","Test":"TestTraversalEntryLimitIncludesNonFiles"}
{"Time":"2026-09-28T23:47:53.9051704+05:30","Action":"output","Package":"resonance/internal/library","Test":"TestTraversalEntryLimitIncludesNonFiles","Output":"=== RUN   TestTraversalEntryLimitIncludesNonFiles\n"}
{"Time":"2026-09-28T23:47:53.9051704+05:30","Action":"output","Package":"resonance/internal/library","Test":"TestTraversalEntryLimitIncludesNonFiles","Output":"--- PASS: TestTraversalEntryLimitIncludesNonFiles (0.00s)\n"}
{"Time":"2026-09-28T23:47:53.9051704+05:30","Action":"pass","Package":"resonance/internal/library","Test":"TestTraversalEntryLimitIncludesNonFiles","Elapsed":0}
{"Time":"2026-09-28T23:47:53.9051704+05:30","Action":"run","Package":"resonance/internal/library","Test":"TestPCMEnvelope"}
{"Time":"2026-09-28T23:47:53.9051704+05:30","Action":"output","Package":"resonance/internal/library","Test":"TestPCMEnvelope","Output":"=== RUN   TestPCMEnvelope\n"}
{"Time":"2026-09-28T23:47:53.9051704+05:30","Action":"output","Package":"resonance/internal/library","Test":"TestPCMEnvelope","Output":"--- PASS: TestPCMEnvelope (0.00s)\n"}
{"Time":"2026-09-28T23:47:53.9051704+05:30","Action":"pass","Package":"resonance/internal/library","Test":"TestPCMEnvelope","Elapsed":0}
{"Time":"2026-09-28T23:47:53.9051704+05:30","Action":"run","Package":"resonance/internal/library","Test":"TestCanonicalizeRoot"}
{"Time":"2026-09-28T23:47:53.9051704+05:30","Action":"output","Package":"resonance/internal/library","Test":"TestCanonicalizeRoot","Output":"=== RUN   TestCanonicalizeRoot\n"}
{"Time":"2026-09-28T23:47:53.910099+05:30","Action":"output","Package":"resonance/internal/library","Test":"TestCanonicalizeRoot","Output":"--- PASS: TestCanonicalizeRoot (0.00s)\n"}
{"Time":"2026-09-28T23:47:53.910099+05:30","Action":"pass","Package":"resonance/internal/library","Test":"TestCanonicalizeRoot","Elapsed":0}
{"Time":"2026-09-28T23:47:53.910099+05:30","Action":"output","Package":"resonance/internal/library","Output":"PASS\n"}
{"Time":"2026-09-28T23:47:53.9165661+05:30","Action":"output","Package":"resonance/internal/library","Output":"ok  \tresonance/internal/library\t60.837s\n"}
{"Time":"2026-09-28T23:47:53.9165661+05:30","Action":"pass","Package":"resonance/internal/library","Elapsed":60.84}
{"Time":"2026-09-28T23:47:54.2944437+05:30","Action":"start","Package":"resonance/internal/m17fixtures"}
{"Time":"2026-09-28T23:47:54.3290429+05:30","Action":"run","Package":"resonance/internal/m17fixtures","Test":"TestScaleCorpusDistinctTagsAndManifest"}
{"Time":"2026-09-28T23:47:54.3290429+05:30","Action":"output","Package":"resonance/internal/m17fixtures","Test":"TestScaleCorpusDistinctTagsAndManifest","Output":"=== RUN   TestScaleCorpusDistinctTagsAndManifest\n"}
{"Time":"2026-09-28T23:47:54.5382163+05:30","Action":"output","Package":"resonance/internal/m17fixtures","Test":"TestScaleCorpusDistinctTagsAndManifest","Output":"--- PASS: TestScaleCorpusDistinctTagsAndManifest (0.21s)\n"}
{"Time":"2026-09-28T23:47:54.5382163+05:30","Action":"pass","Package":"resonance/internal/m17fixtures","Test":"TestScaleCorpusDistinctTagsAndManifest","Elapsed":0.21}
{"Time":"2026-09-28T23:47:54.5382163+05:30","Action":"run","Package":"resonance/internal/m17fixtures","Test":"TestJourneyCorpusKeepsScaleSeparateFromLongPlayback"}
{"Time":"2026-09-28T23:47:54.5382163+05:30","Action":"output","Package":"resonance/internal/m17fixtures","Test":"TestJourneyCorpusKeepsScaleSeparateFromLongPlayback","Output":"=== RUN   TestJourneyCorpusKeepsScaleSeparateFromLongPlayback\n"}
{"Time":"2026-09-28T23:47:54.8111986+05:30","Action":"output","Package":"resonance/internal/m17fixtures","Test":"TestJourneyCorpusKeepsScaleSeparateFromLongPlayback","Output":"--- PASS: TestJourneyCorpusKeepsScaleSeparateFromLongPlayback (0.27s)\n"}
{"Time":"2026-09-28T23:47:54.8111986+05:30","Action":"pass","Package":"resonance/internal/m17fixtures","Test":"TestJourneyCorpusKeepsScaleSeparateFromLongPlayback","Elapsed":0.27}
{"Time":"2026-09-28T23:47:54.8111986+05:30","Action":"output","Package":"resonance/internal/m17fixtures","Output":"PASS\n"}
{"Time":"2026-09-28T23:47:54.8176518+05:30","Action":"output","Package":"resonance/internal/m17fixtures","Output":"ok  \tresonance/internal/m17fixtures\t0.520s\n"}
{"Time":"2026-09-28T23:47:54.8176518+05:30","Action":"pass","Package":"resonance/internal/m17fixtures","Elapsed":0.523}
{"Time":"2026-09-28T23:47:55.184708+05:30","Action":"start","Package":"resonance/internal/metadata"}
{"Time":"2026-09-28T23:47:55.2254629+05:30","Action":"run","Package":"resonance/internal/metadata","Test":"TestCorpus"}
{"Time":"2026-09-28T23:47:55.2260414+05:30","Action":"output","Package":"resonance/internal/metadata","Test":"TestCorpus","Output":"=== RUN   TestCorpus\n"}
{"Time":"2026-09-28T23:47:55.2288785+05:30","Action":"run","Package":"resonance/internal/metadata","Test":"TestCorpus/tagged.mp3"}
{"Time":"2026-09-28T23:47:55.2288785+05:30","Action":"output","Package":"resonance/internal/metadata","Test":"TestCorpus/tagged.mp3","Output":"=== RUN   TestCorpus/tagged.mp3\n"}
{"Time":"2026-09-28T23:47:55.2288785+05:30","Action":"output","Package":"resonance/internal/metadata","Test":"TestCorpus/tagged.mp3","Output":"--- PASS: TestCorpus/tagged.mp3 (0.00s)\n"}
{"Time":"2026-09-28T23:47:55.2288785+05:30","Action":"pass","Package":"resonance/internal/metadata","Test":"TestCorpus/tagged.mp3","Elapsed":0}
{"Time":"2026-09-28T23:47:55.2288785+05:30","Action":"run","Package":"resonance/internal/metadata","Test":"TestCorpus/tagged.flac"}
{"Time":"2026-09-28T23:47:55.2288785+05:30","Action":"output","Package":"resonance/internal/metadata","Test":"TestCorpus/tagged.flac","Output":"=== RUN   TestCorpus/tagged.flac\n"}
{"Time":"2026-09-28T23:47:55.2288785+05:30","Action":"output","Package":"resonance/internal/metadata","Test":"TestCorpus/tagged.flac","Output":"--- PASS: TestCorpus/tagged.flac (0.00s)\n"}
{"Time":"2026-09-28T23:47:55.2288785+05:30","Action":"pass","Package":"resonance/internal/metadata","Test":"TestCorpus/tagged.flac","Elapsed":0}
{"Time":"2026-09-28T23:47:55.2288785+05:30","Action":"run","Package":"resonance/internal/metadata","Test":"TestCorpus/untagged.mp3"}
{"Time":"2026-09-28T23:47:55.2288785+05:30","Action":"output","Package":"resonance/internal/metadata","Test":"TestCorpus/untagged.mp3","Output":"=== RUN   TestCorpus/untagged.mp3\n"}
{"Time":"2026-09-28T23:47:55.2294298+05:30","Action":"output","Package":"resonance/internal/metadata","Test":"TestCorpus/untagged.mp3","Output":"--- PASS: TestCorpus/untagged.mp3 (0.00s)\n"}
{"Time":"2026-09-28T23:47:55.2294298+05:30","Action":"pass","Package":"resonance/internal/metadata","Test":"TestCorpus/untagged.mp3","Elapsed":0}
{"Time":"2026-09-28T23:47:55.2294298+05:30","Action":"run","Package":"resonance/internal/metadata","Test":"TestCorpus/untagged.flac"}
{"Time":"2026-09-28T23:47:55.2294298+05:30","Action":"output","Package":"resonance/internal/metadata","Test":"TestCorpus/untagged.flac","Output":"=== RUN   TestCorpus/untagged.flac\n"}
{"Time":"2026-09-28T23:47:55.2294298+05:30","Action":"output","Package":"resonance/internal/metadata","Test":"TestCorpus/untagged.flac","Output":"--- PASS: TestCorpus/untagged.flac (0.00s)\n"}
{"Time":"2026-09-28T23:47:55.2294298+05:30","Action":"pass","Package":"resonance/internal/metadata","Test":"TestCorpus/untagged.flac","Elapsed":0}
{"Time":"2026-09-28T23:47:55.2294298+05:30","Action":"output","Package":"resonance/internal/metadata","Test":"TestCorpus","Output":"--- PASS: TestCorpus (0.00s)\n"}
{"Time":"2026-09-28T23:47:55.2294298+05:30","Action":"pass","Package":"resonance/internal/metadata","Test":"TestCorpus","Elapsed":0}
{"Time":"2026-09-28T23:47:55.2294298+05:30","Action":"run","Package":"resonance/internal/metadata","Test":"TestUnicodeAndArtwork"}
{"Time":"2026-09-28T23:47:55.2294298+05:30","Action":"output","Package":"resonance/internal/metadata","Test":"TestUnicodeAndArtwork","Output":"=== RUN   TestUnicodeAndArtwork\n"}
{"Time":"2026-09-28T23:47:55.2310762+05:30","Action":"output","Package":"resonance/internal/metadata","Test":"TestUnicodeAndArtwork","Output":"--- PASS: TestUnicodeAndArtwork (0.00s)\n"}
{"Time":"2026-09-28T23:47:55.2310762+05:30","Action":"pass","Package":"resonance/internal/metadata","Test":"TestUnicodeAndArtwork","Elapsed":0}
{"Time":"2026-09-28T23:47:55.2310762+05:30","Action":"run","Package":"resonance/internal/metadata","Test":"TestFLACArtwork"}
{"Time":"2026-09-28T23:47:55.2310762+05:30","Action":"output","Package":"resonance/internal/metadata","Test":"TestFLACArtwork","Output":"=== RUN   TestFLACArtwork\n"}
{"Time":"2026-09-28T23:47:55.2323041+05:30","Action":"output","Package":"resonance/internal/metadata","Test":"TestFLACArtwork","Output":"--- PASS: TestFLACArtwork (0.00s)\n"}
{"Time":"2026-09-28T23:47:55.2323041+05:30","Action":"pass","Package":"resonance/internal/metadata","Test":"TestFLACArtwork","Elapsed":0}
{"Time":"2026-09-28T23:47:55.2323041+05:30","Action":"run","Package":"resonance/internal/metadata","Test":"TestUnsupportedWAVAndMalformed"}
{"Time":"2026-09-28T23:47:55.2323041+05:30","Action":"output","Package":"resonance/internal/metadata","Test":"TestUnsupportedWAVAndMalformed","Output":"=== RUN   TestUnsupportedWAVAndMalformed\n"}
{"Time":"2026-09-28T23:47:55.2323041+05:30","Action":"output","Package":"resonance/internal/metadata","Test":"TestUnsupportedWAVAndMalformed","Output":"--- PASS: TestUnsupportedWAVAndMalformed (0.00s)\n"}
{"Time":"2026-09-28T23:47:55.2323041+05:30","Action":"pass","Package":"resonance/internal/metadata","Test":"TestUnsupportedWAVAndMalformed","Elapsed":0}
{"Time":"2026-09-28T23:47:55.2323041+05:30","Action":"run","Package":"resonance/internal/metadata","Test":"TestMalformedFLACPictureLengthIsRejectedBeforeAllocation"}
{"Time":"2026-09-28T23:47:55.2323041+05:30","Action":"output","Package":"resonance/internal/metadata","Test":"TestMalformedFLACPictureLengthIsRejectedBeforeAllocation","Output":"=== RUN   TestMalformedFLACPictureLengthIsRejectedBeforeAllocation\n"}
{"Time":"2026-09-28T23:47:55.2323041+05:30","Action":"output","Package":"resonance/internal/metadata","Test":"TestMalformedFLACPictureLengthIsRejectedBeforeAllocation","Output":"--- PASS: TestMalformedFLACPictureLengthIsRejectedBeforeAllocation (0.00s)\n"}
{"Time":"2026-09-28T23:47:55.2323041+05:30","Action":"pass","Package":"resonance/internal/metadata","Test":"TestMalformedFLACPictureLengthIsRejectedBeforeAllocation","Elapsed":0}
{"Time":"2026-09-28T23:47:55.2323041+05:30","Action":"run","Package":"resonance/internal/metadata","Test":"TestLargeFileReadBound"}
{"Time":"2026-09-28T23:47:55.2323041+05:30","Action":"output","Package":"resonance/internal/metadata","Test":"TestLargeFileReadBound","Output":"=== RUN   TestLargeFileReadBound\n"}
{"Time":"2026-09-28T23:47:55.2371582+05:30","Action":"output","Package":"resonance/internal/metadata","Test":"TestLargeFileReadBound","Output":"    metadata_test.go:270: 64 MiB sparse MP3: parser read 387 bytes\n"}
{"Time":"2026-09-28T23:47:55.2387369+05:30","Action":"output","Package":"resonance/internal/metadata","Test":"TestLargeFileReadBound","Output":"--- PASS: TestLargeFileReadBound (0.01s)\n"}
{"Time":"2026-09-28T23:47:55.2387369+05:30","Action":"pass","Package":"resonance/internal/metadata","Test":"TestLargeFileReadBound","Elapsed":0.01}
{"Time":"2026-09-28T23:47:55.2387369+05:30","Action":"run","Package":"resonance/internal/metadata","Test":"TestReviewNestedPictureAllocation"}
{"Time":"2026-09-28T23:47:55.2387369+05:30","Action":"output","Package":"resonance/internal/metadata","Test":"TestReviewNestedPictureAllocation","Output":"=== RUN   TestReviewNestedPictureAllocation\n"}
{"Time":"2026-09-28T23:47:55.2393092+05:30","Action":"output","Package":"resonance/internal/metadata","Test":"TestReviewNestedPictureAllocation","Output":"    review_test.go:34: input=87 read=91 allocated=416 error=malformed or oversized metadata block\n"}
{"Time":"2026-09-28T23:47:55.2393092+05:30","Action":"output","Package":"resonance/internal/metadata","Test":"TestReviewNestedPictureAllocation","Output":"--- PASS: TestReviewNestedPictureAllocation (0.00s)\n"}
{"Time":"2026-09-28T23:47:55.2393092+05:30","Action":"pass","Package":"resonance/internal/metadata","Test":"TestReviewNestedPictureAllocation","Elapsed":0}
{"Time":"2026-09-28T23:47:55.2393092+05:30","Action":"run","Package":"resonance/internal/metadata","Test":"TestReviewInvalidDateStaysNull"}
{"Time":"2026-09-28T23:47:55.2393092+05:30","Action":"output","Package":"resonance/internal/metadata","Test":"TestReviewInvalidDateStaysNull","Output":"=== RUN   TestReviewInvalidDateStaysNull\n"}
{"Time":"2026-09-28T23:47:55.2393092+05:30","Action":"output","Package":"resonance/internal/metadata","Test":"TestReviewInvalidDateStaysNull","Output":"--- PASS: TestReviewInvalidDateStaysNull (0.00s)\n"}
{"Time":"2026-09-28T23:47:55.2393092+05:30","Action":"pass","Package":"resonance/internal/metadata","Test":"TestReviewInvalidDateStaysNull","Elapsed":0}
{"Time":"2026-09-28T23:47:55.2393092+05:30","Action":"run","Package":"resonance/internal/metadata","Test":"TestReviewDuplicateFrameWorkBound"}
{"Time":"2026-09-28T23:47:55.2393092+05:30","Action":"output","Package":"resonance/internal/metadata","Test":"TestReviewDuplicateFrameWorkBound","Output":"=== RUN   TestReviewDuplicateFrameWorkBound\n"}
{"Time":"2026-09-28T23:47:55.2393092+05:30","Action":"output","Package":"resonance/internal/metadata","Test":"TestReviewDuplicateFrameWorkBound","Output":"--- PASS: TestReviewDuplicateFrameWorkBound (0.00s)\n"}
{"Time":"2026-09-28T23:47:55.2393092+05:30","Action":"pass","Package":"resonance/internal/metadata","Test":"TestReviewDuplicateFrameWorkBound","Elapsed":0}
{"Time":"2026-09-28T23:47:55.2393092+05:30","Action":"run","Package":"resonance/internal/metadata","Test":"TestReviewContainerLimits"}
{"Time":"2026-09-28T23:47:55.2399159+05:30","Action":"output","Package":"resonance/internal/metadata","Test":"TestReviewContainerLimits","Output":"=== RUN   TestReviewContainerLimits\n"}
{"Time":"2026-09-28T23:47:55.2399159+05:30","Action":"output","Package":"resonance/internal/metadata","Test":"TestReviewContainerLimits","Output":"--- PASS: TestReviewContainerLimits (0.00s)\n"}
{"Time":"2026-09-28T23:47:55.2399159+05:30","Action":"pass","Package":"resonance/internal/metadata","Test":"TestReviewContainerLimits","Elapsed":0}
{"Time":"2026-09-28T23:47:55.2399159+05:30","Action":"run","Package":"resonance/internal/metadata","Test":"TestReviewYearAndUnicodeFLAC"}
{"Time":"2026-09-28T23:47:55.2399159+05:30","Action":"output","Package":"resonance/internal/metadata","Test":"TestReviewYearAndUnicodeFLAC","Output":"=== RUN   TestReviewYearAndUnicodeFLAC\n"}
{"Time":"2026-09-28T23:47:55.2399159+05:30","Action":"output","Package":"resonance/internal/metadata","Test":"TestReviewYearAndUnicodeFLAC","Output":"--- PASS: TestReviewYearAndUnicodeFLAC (0.00s)\n"}
{"Time":"2026-09-28T23:47:55.2399159+05:30","Action":"pass","Package":"resonance/internal/metadata","Test":"TestReviewYearAndUnicodeFLAC","Elapsed":0}
{"Time":"2026-09-28T23:47:55.2399159+05:30","Action":"run","Package":"resonance/internal/metadata","Test":"TestReviewAdditionalID3Variants"}
{"Time":"2026-09-28T23:47:55.2399159+05:30","Action":"output","Package":"resonance/internal/metadata","Test":"TestReviewAdditionalID3Variants","Output":"=== RUN   TestReviewAdditionalID3Variants\n"}
{"Time":"2026-09-28T23:47:55.2447025+05:30","Action":"output","Package":"resonance/internal/metadata","Test":"TestReviewAdditionalID3Variants","Output":"--- PASS: TestReviewAdditionalID3Variants (0.00s)\n"}
{"Time":"2026-09-28T23:47:55.2447025+05:30","Action":"pass","Package":"resonance/internal/metadata","Test":"TestReviewAdditionalID3Variants","Elapsed":0}
{"Time":"2026-09-28T23:47:55.2452509+05:30","Action":"run","Package":"resonance/internal/metadata","Test":"TestReviewUnsupportedDispatchAndFlags"}
{"Time":"2026-09-28T23:47:55.2452509+05:30","Action":"output","Package":"resonance/internal/metadata","Test":"TestReviewUnsupportedDispatchAndFlags","Output":"=== RUN   TestReviewUnsupportedDispatchAndFlags\n"}
{"Time":"2026-09-28T23:47:55.2475007+05:30","Action":"output","Package":"resonance/internal/metadata","Test":"TestReviewUnsupportedDispatchAndFlags","Output":"--- PASS: TestReviewUnsupportedDispatchAndFlags (0.00s)\n"}
{"Time":"2026-09-28T23:47:55.2475007+05:30","Action":"pass","Package":"resonance/internal/metadata","Test":"TestReviewUnsupportedDispatchAndFlags","Elapsed":0}
{"Time":"2026-09-28T23:47:55.2475007+05:30","Action":"run","Package":"resonance/internal/metadata","Test":"TestReviewArtworkSizeLimits"}
{"Time":"2026-09-28T23:47:55.2475007+05:30","Action":"output","Package":"resonance/internal/metadata","Test":"TestReviewArtworkSizeLimits","Output":"=== RUN   TestReviewArtworkSizeLimits\n"}
{"Time":"2026-09-28T23:47:55.2507008+05:30","Action":"output","Package":"resonance/internal/metadata","Test":"TestReviewArtworkSizeLimits","Output":"--- PASS: TestReviewArtworkSizeLimits (0.00s)\n"}
{"Time":"2026-09-28T23:47:55.2507008+05:30","Action":"pass","Package":"resonance/internal/metadata","Test":"TestReviewArtworkSizeLimits","Elapsed":0}
{"Time":"2026-09-28T23:47:55.2507008+05:30","Action":"run","Package":"resonance/internal/metadata","Test":"FuzzMetadataEnvelope"}
{"Time":"2026-09-28T23:47:55.2507008+05:30","Action":"output","Package":"resonance/internal/metadata","Test":"FuzzMetadataEnvelope","Output":"=== RUN   FuzzMetadataEnvelope\n"}
{"Time":"2026-09-28T23:47:55.2512211+05:30","Action":"run","Package":"resonance/internal/metadata","Test":"FuzzMetadataEnvelope/seed#0"}
{"Time":"2026-09-28T23:47:55.2512211+05:30","Action":"output","Package":"resonance/internal/metadata","Test":"FuzzMetadataEnvelope/seed#0","Output":"=== RUN   FuzzMetadataEnvelope/seed#0\n"}
{"Time":"2026-09-28T23:47:55.2512211+05:30","Action":"output","Package":"resonance/internal/metadata","Test":"FuzzMetadataEnvelope/seed#0","Output":"--- PASS: FuzzMetadataEnvelope/seed#0 (0.00s)\n"}
{"Time":"2026-09-28T23:47:55.2512211+05:30","Action":"pass","Package":"resonance/internal/metadata","Test":"FuzzMetadataEnvelope/seed#0","Elapsed":0}
{"Time":"2026-09-28T23:47:55.2512211+05:30","Action":"run","Package":"resonance/internal/metadata","Test":"FuzzMetadataEnvelope/seed#1"}
{"Time":"2026-09-28T23:47:55.2512211+05:30","Action":"output","Package":"resonance/internal/metadata","Test":"FuzzMetadataEnvelope/seed#1","Output":"=== RUN   FuzzMetadataEnvelope/seed#1\n"}
{"Time":"2026-09-28T23:47:55.2512211+05:30","Action":"output","Package":"resonance/internal/metadata","Test":"FuzzMetadataEnvelope/seed#1","Output":"--- PASS: FuzzMetadataEnvelope/seed#1 (0.00s)\n"}
{"Time":"2026-09-28T23:47:55.2512211+05:30","Action":"pass","Package":"resonance/internal/metadata","Test":"FuzzMetadataEnvelope/seed#1","Elapsed":0}
{"Time":"2026-09-28T23:47:55.2512211+05:30","Action":"output","Package":"resonance/internal/metadata","Test":"FuzzMetadataEnvelope","Output":"--- PASS: FuzzMetadataEnvelope (0.00s)\n"}
{"Time":"2026-09-28T23:47:55.2512211+05:30","Action":"pass","Package":"resonance/internal/metadata","Test":"FuzzMetadataEnvelope","Elapsed":0}
{"Time":"2026-09-28T23:47:55.2512211+05:30","Action":"output","Package":"resonance/internal/metadata","Output":"PASS\n"}
{"Time":"2026-09-28T23:47:55.2562964+05:30","Action":"output","Package":"resonance/internal/metadata","Output":"ok  \tresonance/internal/metadata\t0.072s\n"}
{"Time":"2026-09-28T23:47:55.2562964+05:30","Action":"pass","Package":"resonance/internal/metadata","Elapsed":0.072}
{"Time":"2026-09-28T23:47:55.9209331+05:30","Action":"start","Package":"resonance/internal/storage"}
{"Time":"2026-09-28T23:47:55.9632306+05:30","Action":"run","Package":"resonance/internal/storage","Test":"TestM14PopulatedUpgradeBackfillRetryAndGrouping"}
{"Time":"2026-09-28T23:47:55.9632306+05:30","Action":"output","Package":"resonance/internal/storage","Test":"TestM14PopulatedUpgradeBackfillRetryAndGrouping","Output":"=== RUN   TestM14PopulatedUpgradeBackfillRetryAndGrouping\n"}
{"Time":"2026-09-28T23:47:57.0297012+05:30","Action":"output","Package":"resonance/internal/storage","Test":"TestM14PopulatedUpgradeBackfillRetryAndGrouping","Output":"--- PASS: TestM14PopulatedUpgradeBackfillRetryAndGrouping (1.07s)\n"}
{"Time":"2026-09-28T23:47:57.0302374+05:30","Action":"pass","Package":"resonance/internal/storage","Test":"TestM14PopulatedUpgradeBackfillRetryAndGrouping","Elapsed":1.07}
{"Time":"2026-09-28T23:47:57.0302374+05:30","Action":"run","Package":"resonance/internal/storage","Test":"TestM14SchemaDriftRejected"}
{"Time":"2026-09-28T23:47:57.0302374+05:30","Action":"output","Package":"resonance/internal/storage","Test":"TestM14SchemaDriftRejected","Output":"=== RUN   TestM14SchemaDriftRejected\n"}
{"Time":"2026-09-28T23:47:57.0302374+05:30","Action":"run","Package":"resonance/internal/storage","Test":"TestM14SchemaDriftRejected/DROP_INDEX_catalog_albums_browse_idx"}
{"Time":"2026-09-28T23:47:57.0302374+05:30","Action":"output","Package":"resonance/internal/storage","Test":"TestM14SchemaDriftRejected/DROP_INDEX_catalog_albums_browse_idx","Output":"=== RUN   TestM14SchemaDriftRejected/DROP_INDEX_catalog_albums_browse_idx\n"}
{"Time":"2026-09-28T23:47:57.6243533+05:30","Action":"output","Package":"resonance/internal/storage","Test":"TestM14SchemaDriftRejected/DROP_INDEX_catalog_albums_browse_idx","Output":"--- PASS: TestM14SchemaDriftRejected/DROP_INDEX_catalog_albums_browse_idx (0.59s)\n"}
{"Time":"2026-09-28T23:47:57.6243533+05:30","Action":"pass","Package":"resonance/internal/storage","Test":"TestM14SchemaDriftRejected/DROP_INDEX_catalog_albums_browse_idx","Elapsed":0.59}
{"Time":"2026-09-28T23:47:57.6243533+05:30","Action":"run","Package":"resonance/internal/storage","Test":"TestM14SchemaDriftRejected/DROP_INDEX_catalog_albums_identity_idx;_CREATE_UNIQUE_INDEX_catalog_albums_identity_idx_ON_catalog_albums(root_id,evidence_scope)"}
{"Time":"2026-09-28T23:47:57.6243533+05:30","Action":"output","Package":"resonance/internal/storage","Test":"TestM14SchemaDriftRejected/DROP_INDEX_catalog_albums_identity_idx;_CREATE_UNIQUE_INDEX_catalog_albums_identity_idx_ON_catalog_albums(root_id,evidence_scope)","Output":"=== RUN   TestM14SchemaDriftRejected/DROP_INDEX_catalog_albums_identity_idx;_CREATE_UNIQUE_INDEX_catalog_albums_identity_idx_ON_catalog_albums(root_id,evidence_scope)\n"}
{"Time":"2026-09-28T23:47:58.0971535+05:30","Action":"output","Package":"resonance/internal/storage","Test":"TestM14SchemaDriftRejected/DROP_INDEX_catalog_albums_identity_idx;_CREATE_UNIQUE_INDEX_catalog_albums_identity_idx_ON_catalog_albums(root_id,evidence_scope)","Output":"--- PASS: TestM14SchemaDriftRejected/DROP_INDEX_catalog_albums_identity_idx;_CREATE_UNIQUE_INDEX_catalog_albums_identity_idx_ON_catalog_albums(root_id,evidence_scope) (0.47s)\n"}
{"Time":"2026-09-28T23:47:58.0971535+05:30","Action":"pass","Package":"resonance/internal/storage","Test":"TestM14SchemaDriftRejected/DROP_INDEX_catalog_albums_identity_idx;_CREATE_UNIQUE_INDEX_catalog_albums_identity_idx_ON_catalog_albums(root_id,evidence_scope)","Elapsed":0.47}
{"Time":"2026-09-28T23:47:58.0971535+05:30","Action":"run","Package":"resonance/internal/storage","Test":"TestM14SchemaDriftRejected/ALTER_TABLE_track_artist_memberships_DROP_CONSTRAINT_track_artist_memberships_role_check,_ADD_CONSTRAINT_track_artist_memberships_role_check_CHECK_(length(role)\u003e0)"}
{"Time":"2026-09-28T23:47:58.0971535+05:30","Action":"output","Package":"resonance/internal/storage","Test":"TestM14SchemaDriftRejected/ALTER_TABLE_track_artist_memberships_DROP_CONSTRAINT_track_artist_memberships_role_check,_ADD_CONSTRAINT_track_artist_memberships_role_check_CHECK_(length(role)\u003e0)","Output":"=== RUN   TestM14SchemaDriftRejected/ALTER_TABLE_track_artist_memberships_DROP_CONSTRAINT_track_artist_memberships_role_check,_ADD_CONSTRAINT_track_artist_memberships_role_check_CHECK_(length(role)\u003e0)\n"}
{"Time":"2026-09-28T23:47:58.6020636+05:30","Action":"output","Package":"resonance/internal/storage","Test":"TestM14SchemaDriftRejected/ALTER_TABLE_track_artist_memberships_DROP_CONSTRAINT_track_artist_memberships_role_check,_ADD_CONSTRAINT_track_artist_memberships_role_check_CHECK_(length(role)\u003e0)","Output":"--- PASS: TestM14SchemaDriftRejected/ALTER_TABLE_track_artist_memberships_DROP_CONSTRAINT_track_artist_memberships_role_check,_ADD_CONSTRAINT_track_artist_memberships_role_check_CHECK_(length(role)\u003e0) (0.50s)\n"}
{"Time":"2026-09-28T23:47:58.6020636+05:30","Action":"pass","Package":"resonance/internal/storage","Test":"TestM14SchemaDriftRejected/ALTER_TABLE_track_artist_memberships_DROP_CONSTRAINT_track_artist_memberships_role_check,_ADD_CONSTRAINT_track_artist_memberships_role_check_CHECK_(length(role)\u003e0)","Elapsed":0.5}
{"Time":"2026-09-28T23:47:58.6020636+05:30","Action":"output","Package":"resonance/internal/storage","Test":"TestM14SchemaDriftRejected","Output":"--- PASS: TestM14SchemaDriftRejected (1.57s)\n"}
{"Time":"2026-09-28T23:47:58.6020636+05:30","Action":"pass","Package":"resonance/internal/storage","Test":"TestM14SchemaDriftRejected","Elapsed":1.57}
{"Time":"2026-09-28T23:47:58.6020636+05:30","Action":"run","Package":"resonance/internal/storage","Test":"TestM14SchemaFailureIsAtomicAndRetryable"}
{"Time":"2026-09-28T23:47:58.6026273+05:30","Action":"output","Package":"resonance/internal/storage","Test":"TestM14SchemaFailureIsAtomicAndRetryable","Output":"=== RUN   TestM14SchemaFailureIsAtomicAndRetryable\n"}
{"Time":"2026-09-28T23:47:59.3162645+05:30","Action":"output","Package":"resonance/internal/storage","Test":"TestM14SchemaFailureIsAtomicAndRetryable","Output":"--- PASS: TestM14SchemaFailureIsAtomicAndRetryable (0.71s)\n"}
{"Time":"2026-09-28T23:47:59.3168154+05:30","Action":"pass","Package":"resonance/internal/storage","Test":"TestM14SchemaFailureIsAtomicAndRetryable","Elapsed":0.71}
{"Time":"2026-09-28T23:47:59.3168154+05:30","Action":"run","Package":"resonance/internal/storage","Test":"TestArtistFolderEvidenceRequiresMatchingCredit"}
{"Time":"2026-09-28T23:47:59.3168154+05:30","Action":"output","Package":"resonance/internal/storage","Test":"TestArtistFolderEvidenceRequiresMatchingCredit","Output":"=== RUN   TestArtistFolderEvidenceRequiresMatchingCredit\n"}
{"Time":"2026-09-28T23:47:59.3168154+05:30","Action":"output","Package":"resonance/internal/storage","Test":"TestArtistFolderEvidenceRequiresMatchingCredit","Output":"--- PASS: TestArtistFolderEvidenceRequiresMatchingCredit (0.00s)\n"}
{"Time":"2026-09-28T23:47:59.3168154+05:30","Action":"pass","Package":"resonance/internal/storage","Test":"TestArtistFolderEvidenceRequiresMatchingCredit","Elapsed":0}
{"Time":"2026-09-28T23:47:59.3168154+05:30","Action":"run","Package":"resonance/internal/storage","Test":"TestPathsOverlap"}
{"Time":"2026-09-28T23:47:59.3168154+05:30","Action":"output","Package":"resonance/internal/storage","Test":"TestPathsOverlap","Output":"=== RUN   TestPathsOverlap\n"}
{"Time":"2026-09-28T23:47:59.317964+05:30","Action":"output","Package":"resonance/internal/storage","Test":"TestPathsOverlap","Output":"--- PASS: TestPathsOverlap (0.00s)\n"}
{"Time":"2026-09-28T23:47:59.318536+05:30","Action":"pass","Package":"resonance/internal/storage","Test":"TestPathsOverlap","Elapsed":0}
{"Time":"2026-09-28T23:47:59.318536+05:30","Action":"run","Package":"resonance/internal/storage","Test":"TestLibraryRootJSONNeverContainsCanonicalPath"}
{"Time":"2026-09-28T23:47:59.318536+05:30","Action":"output","Package":"resonance/internal/storage","Test":"TestLibraryRootJSONNeverContainsCanonicalPath","Output":"=== RUN   TestLibraryRootJSONNeverContainsCanonicalPath\n"}
{"Time":"2026-09-28T23:47:59.318536+05:30","Action":"output","Package":"resonance/internal/storage","Test":"TestLibraryRootJSONNeverContainsCanonicalPath","Output":"--- PASS: TestLibraryRootJSONNeverContainsCanonicalPath (0.00s)\n"}
{"Time":"2026-09-28T23:47:59.318536+05:30","Action":"pass","Package":"resonance/internal/storage","Test":"TestLibraryRootJSONNeverContainsCanonicalPath","Elapsed":0}
{"Time":"2026-09-28T23:47:59.318536+05:30","Action":"run","Package":"resonance/internal/storage","Test":"TestTruncateTextPreservesUTF8"}
{"Time":"2026-09-28T23:47:59.318536+05:30","Action":"output","Package":"resonance/internal/storage","Test":"TestTruncateTextPreservesUTF8","Output":"=== RUN   TestTruncateTextPreservesUTF8\n"}
{"Time":"2026-09-28T23:47:59.318536+05:30","Action":"output","Package":"resonance/internal/storage","Test":"TestTruncateTextPreservesUTF8","Output":"--- PASS: TestTruncateTextPreservesUTF8 (0.00s)\n"}
{"Time":"2026-09-28T23:47:59.318536+05:30","Action":"pass","Package":"resonance/internal/storage","Test":"TestTruncateTextPreservesUTF8","Elapsed":0}
{"Time":"2026-09-28T23:47:59.318536+05:30","Action":"run","Package":"resonance/internal/storage","Test":"TestRootIDValidation"}
{"Time":"2026-09-28T23:47:59.318536+05:30","Action":"output","Package":"resonance/internal/storage","Test":"TestRootIDValidation","Output":"=== RUN   TestRootIDValidation\n"}
{"Time":"2026-09-28T23:47:59.318536+05:30","Action":"output","Package":"resonance/internal/storage","Test":"TestRootIDValidation","Output":"--- PASS: TestRootIDValidation (0.00s)\n"}
{"Time":"2026-09-28T23:47:59.318536+05:30","Action":"pass","Package":"resonance/internal/storage","Test":"TestRootIDValidation","Elapsed":0}
{"Time":"2026-09-28T23:47:59.318536+05:30","Action":"run","Package":"resonance/internal/storage","Test":"TestM17NaturalEndBackendTerminationAndRetry"}
{"Time":"2026-09-28T23:47:59.318536+05:30","Action":"output","Package":"resonance/internal/storage","Test":"TestM17NaturalEndBackendTerminationAndRetry","Output":"=== RUN   TestM17NaturalEndBackendTerminationAndRetry\n"}
{"Time":"2026-09-28T23:47:59.9696027+05:30","Action":"output","Package":"resonance/internal/storage","Test":"TestM17NaturalEndBackendTerminationAndRetry","Output":"    m17_session_crash_integration_test.go:124: late receipt backend killed; pre-retry queue/session/receipt rollback verified; original ended key retried and replayed once\n"}
{"Time":"2026-09-28T23:48:00.0465857+05:30","Action":"output","Package":"resonance/internal/storage","Test":"TestM17NaturalEndBackendTerminationAndRetry","Output":"--- PASS: TestM17NaturalEndBackendTerminationAndRetry (0.73s)\n"}
{"Time":"2026-09-28T23:48:00.0465857+05:30","Action":"pass","Package":"resonance/internal/storage","Test":"TestM17NaturalEndBackendTerminationAndRetry","Elapsed":0.73}
{"Time":"2026-09-28T23:48:00.0465857+05:30","Action":"run","Package":"resonance/internal/storage","Test":"TestM17PopulatedHistoricalUpgradeMatrix"}
{"Time":"2026-09-28T23:48:00.0465857+05:30","Action":"output","Package":"resonance/internal/storage","Test":"TestM17PopulatedHistoricalUpgradeMatrix","Output":"=== RUN   TestM17PopulatedHistoricalUpgradeMatrix\n"}
{"Time":"2026-09-28T23:48:00.0465857+05:30","Action":"run","Package":"resonance/internal/storage","Test":"TestM17PopulatedHistoricalUpgradeMatrix/v2_to_v8"}
{"Time":"2026-09-28T23:48:00.0465857+05:30","Action":"output","Package":"resonance/internal/storage","Test":"TestM17PopulatedHistoricalUpgradeMatrix/v2_to_v8","Output":"=== RUN   TestM17PopulatedHistoricalUpgradeMatrix/v2_to_v8\n"}
{"Time":"2026-09-28T23:48:00.7163556+05:30","Action":"output","Package":"resonance/internal/storage","Test":"TestM17PopulatedHistoricalUpgradeMatrix/v2_to_v8","Output":"--- PASS: TestM17PopulatedHistoricalUpgradeMatrix/v2_to_v8 (0.67s)\n"}
{"Time":"2026-09-28T23:48:00.7168669+05:30","Action":"pass","Package":"resonance/internal/storage","Test":"TestM17PopulatedHistoricalUpgradeMatrix/v2_to_v8","Elapsed":0.67}
{"Time":"2026-09-28T23:48:00.7168669+05:30","Action":"run","Package":"resonance/internal/storage","Test":"TestM17PopulatedHistoricalUpgradeMatrix/v4_to_v8"}
{"Time":"2026-09-28T23:48:00.7168669+05:30","Action":"output","Package":"resonance/internal/storage","Test":"TestM17PopulatedHistoricalUpgradeMatrix/v4_to_v8","Output":"=== RUN   TestM17PopulatedHistoricalUpgradeMatrix/v4_to_v8\n"}
{"Time":"2026-09-28T23:48:01.3982245+05:30","Action":"output","Package":"resonance/internal/storage","Test":"TestM17PopulatedHistoricalUpgradeMatrix/v4_to_v8","Output":"--- PASS: TestM17PopulatedHistoricalUpgradeMatrix/v4_to_v8 (0.68s)\n"}
{"Time":"2026-09-28T23:48:01.3982245+05:30","Action":"pass","Package":"resonance/internal/storage","Test":"TestM17PopulatedHistoricalUpgradeMatrix/v4_to_v8","Elapsed":0.68}
{"Time":"2026-09-28T23:48:01.3982245+05:30","Action":"run","Package":"resonance/internal/storage","Test":"TestM17PopulatedHistoricalUpgradeMatrix/v5_to_v8"}
{"Time":"2026-09-28T23:48:01.3982245+05:30","Action":"output","Package":"resonance/internal/storage","Test":"TestM17PopulatedHistoricalUpgradeMatrix/v5_to_v8","Output":"=== RUN   TestM17PopulatedHistoricalUpgradeMatrix/v5_to_v8\n"}
{"Time":"2026-09-28T23:48:01.9980399+05:30","Action":"output","Package":"resonance/internal/storage","Test":"TestM17PopulatedHistoricalUpgradeMatrix/v5_to_v8","Output":"--- PASS: TestM17PopulatedHistoricalUpgradeMatrix/v5_to_v8 (0.60s)\n"}
{"Time":"2026-09-28T23:48:01.9980399+05:30","Action":"pass","Package":"resonance/internal/storage","Test":"TestM17PopulatedHistoricalUpgradeMatrix/v5_to_v8","Elapsed":0.6}
{"Time":"2026-09-28T23:48:01.9980399+05:30","Action":"run","Package":"resonance/internal/storage","Test":"TestM17PopulatedHistoricalUpgradeMatrix/v6_to_v8"}
{"Time":"2026-09-28T23:48:01.9980399+05:30","Action":"output","Package":"resonance/internal/storage","Test":"TestM17PopulatedHistoricalUpgradeMatrix/v6_to_v8","Output":"=== RUN   TestM17PopulatedHistoricalUpgradeMatrix/v6_to_v8\n"}
{"Time":"2026-09-28T23:48:02.6104312+05:30","Action":"output","Package":"resonance/internal/storage","Test":"TestM17PopulatedHistoricalUpgradeMatrix/v6_to_v8","Output":"--- PASS: TestM17PopulatedHistoricalUpgradeMatrix/v6_to_v8 (0.61s)\n"}
{"Time":"2026-09-28T23:48:02.610943+05:30","Action":"pass","Package":"resonance/internal/storage","Test":"TestM17PopulatedHistoricalUpgradeMatrix/v6_to_v8","Elapsed":0.61}
{"Time":"2026-09-28T23:48:02.610943+05:30","Action":"run","Package":"resonance/internal/storage","Test":"TestM17PopulatedHistoricalUpgradeMatrix/v7_to_v8"}
{"Time":"2026-09-28T23:48:02.610943+05:30","Action":"output","Package":"resonance/internal/storage","Test":"TestM17PopulatedHistoricalUpgradeMatrix/v7_to_v8","Output":"=== RUN   TestM17PopulatedHistoricalUpgradeMatrix/v7_to_v8\n"}
{"Time":"2026-09-28T23:48:03.3574096+05:30","Action":"output","Package":"resonance/internal/storage","Test":"TestM17PopulatedHistoricalUpgradeMatrix/v7_to_v8","Output":"--- PASS: TestM17PopulatedHistoricalUpgradeMatrix/v7_to_v8 (0.75s)\n"}
{"Time":"2026-09-28T23:48:03.3574096+05:30","Action":"pass","Package":"resonance/internal/storage","Test":"TestM17PopulatedHistoricalUpgradeMatrix/v7_to_v8","Elapsed":0.75}
{"Time":"2026-09-28T23:48:03.3574096+05:30","Action":"output","Package":"resonance/internal/storage","Test":"TestM17PopulatedHistoricalUpgradeMatrix","Output":"--- PASS: TestM17PopulatedHistoricalUpgradeMatrix (3.31s)\n"}
{"Time":"2026-09-28T23:48:03.3574096+05:30","Action":"pass","Package":"resonance/internal/storage","Test":"TestM17PopulatedHistoricalUpgradeMatrix","Elapsed":3.31}
{"Time":"2026-09-28T23:48:03.3574096+05:30","Action":"run","Package":"resonance/internal/storage","Test":"TestM17MigrationBackendInterruptionRollbackAndRetry"}
{"Time":"2026-09-28T23:48:03.3574096+05:30","Action":"output","Package":"resonance/internal/storage","Test":"TestM17MigrationBackendInterruptionRollbackAndRetry","Output":"=== RUN   TestM17MigrationBackendInterruptionRollbackAndRetry\n"}
{"Time":"2026-09-28T23:48:04.1988806+05:30","Action":"output","Package":"resonance/internal/storage","Test":"TestM17MigrationBackendInterruptionRollbackAndRetry","Output":"--- PASS: TestM17MigrationBackendInterruptionRollbackAndRetry (0.84s)\n"}
{"Time":"2026-09-28T23:48:04.1988806+05:30","Action":"pass","Package":"resonance/internal/storage","Test":"TestM17MigrationBackendInterruptionRollbackAndRetry","Elapsed":0.84}
{"Time":"2026-09-28T23:48:04.1988806+05:30","Action":"run","Package":"resonance/internal/storage","Test":"TestM17BackfillBackendInterruptionAndRetry"}
{"Time":"2026-09-28T23:48:04.1988806+05:30","Action":"output","Package":"resonance/internal/storage","Test":"TestM17BackfillBackendInterruptionAndRetry","Output":"=== RUN   TestM17BackfillBackendInterruptionAndRetry\n"}
{"Time":"2026-09-28T23:48:04.9646891+05:30","Action":"output","Package":"resonance/internal/storage","Test":"TestM17BackfillBackendInterruptionAndRetry","Output":"--- PASS: TestM17BackfillBackendInterruptionAndRetry (0.77s)\n"}
{"Time":"2026-09-28T23:48:04.9653028+05:30","Action":"pass","Package":"resonance/internal/storage","Test":"TestM17BackfillBackendInterruptionAndRetry","Elapsed":0.77}
{"Time":"2026-09-28T23:48:04.9653028+05:30","Action":"run","Package":"resonance/internal/storage","Test":"TestM17MigrationCLIAtTenThousandTracks"}
{"Time":"2026-09-28T23:48:04.9653028+05:30","Action":"output","Package":"resonance/internal/storage","Test":"TestM17MigrationCLIAtTenThousandTracks","Output":"=== RUN   TestM17MigrationCLIAtTenThousandTracks\n"}
{"Time":"2026-09-28T23:48:26.1636569+05:30","Action":"output","Package":"resonance/internal/storage","Test":"TestM17MigrationCLIAtTenThousandTracks","Output":"--- PASS: TestM17MigrationCLIAtTenThousandTracks (21.20s)\n"}
{"Time":"2026-09-28T23:48:26.1636569+05:30","Action":"pass","Package":"resonance/internal/storage","Test":"TestM17MigrationCLIAtTenThousandTracks","Elapsed":21.2}
{"Time":"2026-09-28T23:48:26.1636569+05:30","Action":"run","Package":"resonance/internal/storage","Test":"TestM17DamagedSchemaMatrix"}
{"Time":"2026-09-28T23:48:26.1636569+05:30","Action":"output","Package":"resonance/internal/storage","Test":"TestM17DamagedSchemaMatrix","Output":"=== RUN   TestM17DamagedSchemaMatrix\n"}
{"Time":"2026-09-28T23:48:26.1636569+05:30","Action":"run","Package":"resonance/internal/storage","Test":"TestM17DamagedSchemaMatrix/missing_receipt_index"}
{"Time":"2026-09-28T23:48:26.1636569+05:30","Action":"output","Package":"resonance/internal/storage","Test":"TestM17DamagedSchemaMatrix/missing_receipt_index","Output":"=== RUN   TestM17DamagedSchemaMatrix/missing_receipt_index\n"}
{"Time":"2026-09-28T23:48:26.7730182+05:30","Action":"output","Package":"resonance/internal/storage","Test":"TestM17DamagedSchemaMatrix/missing_receipt_index","Output":"--- PASS: TestM17DamagedSchemaMatrix/missing_receipt_index (0.61s)\n"}
{"Time":"2026-09-28T23:48:26.7735526+05:30","Action":"pass","Package":"resonance/internal/storage","Test":"TestM17DamagedSchemaMatrix/missing_receipt_index","Elapsed":0.61}
{"Time":"2026-09-28T23:48:26.7735526+05:30","Action":"run","Package":"resonance/internal/storage","Test":"TestM17DamagedSchemaMatrix/missing_queue_singleton"}
{"Time":"2026-09-28T23:48:26.7735526+05:30","Action":"output","Package":"resonance/internal/storage","Test":"TestM17DamagedSchemaMatrix/missing_queue_singleton","Output":"=== RUN   TestM17DamagedSchemaMatrix/missing_queue_singleton\n"}
{"Time":"2026-09-28T23:48:27.3646181+05:30","Action":"output","Package":"resonance/internal/storage","Test":"TestM17DamagedSchemaMatrix/missing_queue_singleton","Output":"--- PASS: TestM17DamagedSchemaMatrix/missing_queue_singleton (0.59s)\n"}
{"Time":"2026-09-28T23:48:27.3646181+05:30","Action":"pass","Package":"resonance/internal/storage","Test":"TestM17DamagedSchemaMatrix/missing_queue_singleton","Elapsed":0.59}
{"Time":"2026-09-28T23:48:27.3646181+05:30","Action":"run","Package":"resonance/internal/storage","Test":"TestM17DamagedSchemaMatrix/wrong_ledger_checksum"}
{"Time":"2026-09-28T23:48:27.3646181+05:30","Action":"output","Package":"resonance/internal/storage","Test":"TestM17DamagedSchemaMatrix/wrong_ledger_checksum","Output":"=== RUN   TestM17DamagedSchemaMatrix/wrong_ledger_checksum\n"}
{"Time":"2026-09-28T23:48:27.7869739+05:30","Action":"output","Package":"resonance/internal/storage","Test":"TestM17DamagedSchemaMatrix/wrong_ledger_checksum","Output":"--- PASS: TestM17DamagedSchemaMatrix/wrong_ledger_checksum (0.42s)\n"}
{"Time":"2026-09-28T23:48:27.7874859+05:30","Action":"pass","Package":"resonance/internal/storage","Test":"TestM17DamagedSchemaMatrix/wrong_ledger_checksum","Elapsed":0.42}
{"Time":"2026-09-28T23:48:27.7874859+05:30","Action":"run","Package":"resonance/internal/storage","Test":"TestM17DamagedSchemaMatrix/missing_root_fence"}
{"Time":"2026-09-28T23:48:27.7874859+05:30","Action":"output","Package":"resonance/internal/storage","Test":"TestM17DamagedSchemaMatrix/missing_root_fence","Output":"=== RUN   TestM17DamagedSchemaMatrix/missing_root_fence\n"}
{"Time":"2026-09-28T23:48:28.2457581+05:30","Action":"output","Package":"resonance/internal/storage","Test":"TestM17DamagedSchemaMatrix/missing_root_fence","Output":"--- PASS: TestM17DamagedSchemaMatrix/missing_root_fence (0.46s)\n"}
{"Time":"2026-09-28T23:48:28.2465115+05:30","Action":"pass","Package":"resonance/internal/storage","Test":"TestM17DamagedSchemaMatrix/missing_root_fence","Elapsed":0.46}
{"Time":"2026-09-28T23:48:28.2465115+05:30","Action":"run","Package":"resonance/internal/storage","Test":"TestM17DamagedSchemaMatrix/incomplete_grouping"}
{"Time":"2026-09-28T23:48:28.2465115+05:30","Action":"output","Package":"resonance/internal/storage","Test":"TestM17DamagedSchemaMatrix/incomplete_grouping","Output":"=== RUN   TestM17DamagedSchemaMatrix/incomplete_grouping\n"}
{"Time":"2026-09-28T23:48:28.8182358+05:30","Action":"output","Package":"resonance/internal/storage","Test":"TestM17DamagedSchemaMatrix/incomplete_grouping","Output":"--- PASS: TestM17DamagedSchemaMatrix/incomplete_grouping (0.57s)\n"}
{"Time":"2026-09-28T23:48:28.8182358+05:30","Action":"pass","Package":"resonance/internal/storage","Test":"TestM17DamagedSchemaMatrix/incomplete_grouping","Elapsed":0.57}
{"Time":"2026-09-28T23:48:28.8182358+05:30","Action":"output","Package":"resonance/internal/storage","Test":"TestM17DamagedSchemaMatrix","Output":"--- PASS: TestM17DamagedSchemaMatrix (2.65s)\n"}
{"Time":"2026-09-28T23:48:28.8182358+05:30","Action":"pass","Package":"resonance/internal/storage","Test":"TestM17DamagedSchemaMatrix","Elapsed":2.65}
{"Time":"2026-09-28T23:48:28.8182358+05:30","Action":"run","Package":"resonance/internal/storage","Test":"TestMigrationOrderingAndChecksums"}
{"Time":"2026-09-28T23:48:28.8182358+05:30","Action":"output","Package":"resonance/internal/storage","Test":"TestMigrationOrderingAndChecksums","Output":"=== RUN   TestMigrationOrderingAndChecksums\n"}
{"Time":"2026-09-28T23:48:28.8182358+05:30","Action":"output","Package":"resonance/internal/storage","Test":"TestMigrationOrderingAndChecksums","Output":"--- PASS: TestMigrationOrderingAndChecksums (0.00s)\n"}
{"Time":"2026-09-28T23:48:28.8182358+05:30","Action":"pass","Package":"resonance/internal/storage","Test":"TestMigrationOrderingAndChecksums","Elapsed":0}
{"Time":"2026-09-28T23:48:28.8182358+05:30","Action":"run","Package":"resonance/internal/storage","Test":"TestReviewSchemaDrift"}
{"Time":"2026-09-28T23:48:28.8182358+05:30","Action":"output","Package":"resonance/internal/storage","Test":"TestReviewSchemaDrift","Output":"=== RUN   TestReviewSchemaDrift\n"}
{"Time":"2026-09-28T23:48:28.8182358+05:30","Action":"run","Package":"resonance/internal/storage","Test":"TestReviewSchemaDrift/ALTER_TABLE_tracks_DROP_COLUMN_title"}
{"Time":"2026-09-28T23:48:28.8182358+05:30","Action":"output","Package":"resonance/internal/storage","Test":"TestReviewSchemaDrift/ALTER_TABLE_tracks_DROP_COLUMN_title","Output":"=== RUN   TestReviewSchemaDrift/ALTER_TABLE_tracks_DROP_COLUMN_title\n"}
{"Time":"2026-09-28T23:48:29.2585822+05:30","Action":"output","Package":"resonance/internal/storage","Test":"TestReviewSchemaDrift/ALTER_TABLE_tracks_DROP_COLUMN_title","Output":"--- PASS: TestReviewSchemaDrift/ALTER_TABLE_tracks_DROP_COLUMN_title (0.44s)\n"}
{"Time":"2026-09-28T23:48:29.2585822+05:30","Action":"pass","Package":"resonance/internal/storage","Test":"TestReviewSchemaDrift/ALTER_TABLE_tracks_DROP_COLUMN_title","Elapsed":0.44}
{"Time":"2026-09-28T23:48:29.2585822+05:30","Action":"run","Package":"resonance/internal/storage","Test":"TestReviewSchemaDrift/ALTER_TABLE_media_objects_DROP_CONSTRAINT_media_objects_hash_length"}
{"Time":"2026-09-28T23:48:29.2585822+05:30","Action":"output","Package":"resonance/internal/storage","Test":"TestReviewSchemaDrift/ALTER_TABLE_media_objects_DROP_CONSTRAINT_media_objects_hash_length","Output":"=== RUN   TestReviewSchemaDrift/ALTER_TABLE_media_objects_DROP_CONSTRAINT_media_objects_hash_length\n"}
{"Time":"2026-09-28T23:48:29.6972925+05:30","Action":"output","Package":"resonance/internal/storage","Test":"TestReviewSchemaDrift/ALTER_TABLE_media_objects_DROP_CONSTRAINT_media_objects_hash_length","Output":"--- PASS: TestReviewSchemaDrift/ALTER_TABLE_media_objects_DROP_CONSTRAINT_media_objects_hash_length (0.44s)\n"}
{"Time":"2026-09-28T23:48:29.6977983+05:30","Action":"pass","Package":"resonance/internal/storage","Test":"TestReviewSchemaDrift/ALTER_TABLE_media_objects_DROP_CONSTRAINT_media_objects_hash_length","Elapsed":0.44}
{"Time":"2026-09-28T23:48:29.6977983+05:30","Action":"run","Package":"resonance/internal/storage","Test":"TestReviewSchemaDrift/DROP_INDEX_media_objects_track_id_idx"}
{"Time":"2026-09-28T23:48:29.6977983+05:30","Action":"output","Package":"resonance/internal/storage","Test":"TestReviewSchemaDrift/DROP_INDEX_media_objects_track_id_idx","Output":"=== RUN   TestReviewSchemaDrift/DROP_INDEX_media_objects_track_id_idx\n"}
{"Time":"2026-09-28T23:48:30.1637042+05:30","Action":"output","Package":"resonance/internal/storage","Test":"TestReviewSchemaDrift/DROP_INDEX_media_objects_track_id_idx","Output":"--- PASS: TestReviewSchemaDrift/DROP_INDEX_media_objects_track_id_idx (0.47s)\n"}
{"Time":"2026-09-28T23:48:30.1637042+05:30","Action":"pass","Package":"resonance/internal/storage","Test":"TestReviewSchemaDrift/DROP_INDEX_media_objects_track_id_idx","Elapsed":0.47}
{"Time":"2026-09-28T23:48:30.1637042+05:30","Action":"run","Package":"resonance/internal/storage","Test":"TestReviewSchemaDrift/ALTER_TABLE_media_locations_ALTER_COLUMN_local_path_DROP_NOT_NULL"}
{"Time":"2026-09-28T23:48:30.1637042+05:30","Action":"output","Package":"resonance/internal/storage","Test":"TestReviewSchemaDrift/ALTER_TABLE_media_locations_ALTER_COLUMN_local_path_DROP_NOT_NULL","Output":"=== RUN   TestReviewSchemaDrift/ALTER_TABLE_media_locations_ALTER_COLUMN_local_path_DROP_NOT_NULL\n"}
{"Time":"2026-09-28T23:48:30.6854518+05:30","Action":"output","Package":"resonance/internal/storage","Test":"TestReviewSchemaDrift/ALTER_TABLE_media_locations_ALTER_COLUMN_local_path_DROP_NOT_NULL","Output":"--- PASS: TestReviewSchemaDrift/ALTER_TABLE_media_locations_ALTER_COLUMN_local_path_DROP_NOT_NULL (0.52s)\n"}
{"Time":"2026-09-28T23:48:30.6861285+05:30","Action":"pass","Package":"resonance/internal/storage","Test":"TestReviewSchemaDrift/ALTER_TABLE_media_locations_ALTER_COLUMN_local_path_DROP_NOT_NULL","Elapsed":0.52}
{"Time":"2026-09-28T23:48:30.6861285+05:30","Action":"run","Package":"resonance/internal/storage","Test":"TestReviewSchemaDrift/ALTER_TABLE_media_objects_DROP_CONSTRAINT_media_objects_track_id_fkey"}
{"Time":"2026-09-28T23:48:30.6861285+05:30","Action":"output","Package":"resonance/internal/storage","Test":"TestReviewSchemaDrift/ALTER_TABLE_media_objects_DROP_CONSTRAINT_media_objects_track_id_fkey","Output":"=== RUN   TestReviewSchemaDrift/ALTER_TABLE_media_objects_DROP_CONSTRAINT_media_objects_track_id_fkey\n"}
{"Time":"2026-09-28T23:48:31.2397139+05:30","Action":"output","Package":"resonance/internal/storage","Test":"TestReviewSchemaDrift/ALTER_TABLE_media_objects_DROP_CONSTRAINT_media_objects_track_id_fkey","Output":"--- PASS: TestReviewSchemaDrift/ALTER_TABLE_media_objects_DROP_CONSTRAINT_media_objects_track_id_fkey (0.55s)\n"}
{"Time":"2026-09-28T23:48:31.2397139+05:30","Action":"pass","Package":"resonance/internal/storage","Test":"TestReviewSchemaDrift/ALTER_TABLE_media_objects_DROP_CONSTRAINT_media_objects_track_id_fkey","Elapsed":0.55}
{"Time":"2026-09-28T23:48:31.2397139+05:30","Action":"run","Package":"resonance/internal/storage","Test":"TestReviewSchemaDrift/ALTER_TABLE_scan_errors_DROP_CONSTRAINT_scan_errors_code_check,_ADD_CONSTRAINT_scan_errors_code_check_CHECK_(length(code)_\u003e_0)"}
{"Time":"2026-09-28T23:48:31.2397139+05:30","Action":"output","Package":"resonance/internal/storage","Test":"TestReviewSchemaDrift/ALTER_TABLE_scan_errors_DROP_CONSTRAINT_scan_errors_code_check,_ADD_CONSTRAINT_scan_errors_code_check_CHECK_(length(code)_\u003e_0)","Output":"=== RUN   TestReviewSchemaDrift/ALTER_TABLE_scan_errors_DROP_CONSTRAINT_scan_errors_code_check,_ADD_CONSTRAINT_scan_errors_code_check_CHECK_(length(code)_\u003e_0)\n"}
{"Time":"2026-09-28T23:48:31.7033567+05:30","Action":"output","Package":"resonance/internal/storage","Test":"TestReviewSchemaDrift/ALTER_TABLE_scan_errors_DROP_CONSTRAINT_scan_errors_code_check,_ADD_CONSTRAINT_scan_errors_code_check_CHECK_(length(code)_\u003e_0)","Output":"--- PASS: TestReviewSchemaDrift/ALTER_TABLE_scan_errors_DROP_CONSTRAINT_scan_errors_code_check,_ADD_CONSTRAINT_scan_errors_code_check_CHECK_(length(code)_\u003e_0) (0.46s)\n"}
{"Time":"2026-09-28T23:48:31.703866+05:30","Action":"pass","Package":"resonance/internal/storage","Test":"TestReviewSchemaDrift/ALTER_TABLE_scan_errors_DROP_CONSTRAINT_scan_errors_code_check,_ADD_CONSTRAINT_scan_errors_code_check_CHECK_(length(code)_\u003e_0)","Elapsed":0.46}
{"Time":"2026-09-28T23:48:31.703866+05:30","Action":"run","Package":"resonance/internal/storage","Test":"TestReviewSchemaDrift/ALTER_TABLE_library_roots_DROP_CONSTRAINT_library_roots_path_key_key,_ADD_CONSTRAINT_library_roots_path_key_key_UNIQUE_(canonical_path)"}
{"Time":"2026-09-28T23:48:31.703866+05:30","Action":"output","Package":"resonance/internal/storage","Test":"TestReviewSchemaDrift/ALTER_TABLE_library_roots_DROP_CONSTRAINT_library_roots_path_key_key,_ADD_CONSTRAINT_library_roots_path_key_key_UNIQUE_(canonical_path)","Output":"=== RUN   TestReviewSchemaDrift/ALTER_TABLE_library_roots_DROP_CONSTRAINT_library_roots_path_key_key,_ADD_CONSTRAINT_library_roots_path_key_key_UNIQUE_(canonical_path)\n"}
{"Time":"2026-09-28T23:48:32.1488014+05:30","Action":"output","Package":"resonance/internal/storage","Test":"TestReviewSchemaDrift/ALTER_TABLE_library_roots_DROP_CONSTRAINT_library_roots_path_key_key,_ADD_CONSTRAINT_library_roots_path_key_key_UNIQUE_(canonical_path)","Output":"--- PASS: TestReviewSchemaDrift/ALTER_TABLE_library_roots_DROP_CONSTRAINT_library_roots_path_key_key,_ADD_CONSTRAINT_library_roots_path_key_key_UNIQUE_(canonical_path) (0.45s)\n"}
{"Time":"2026-09-28T23:48:32.1488014+05:30","Action":"pass","Package":"resonance/internal/storage","Test":"TestReviewSchemaDrift/ALTER_TABLE_library_roots_DROP_CONSTRAINT_library_roots_path_key_key,_ADD_CONSTRAINT_library_roots_path_key_key_UNIQUE_(canonical_path)","Elapsed":0.45}
{"Time":"2026-09-28T23:48:32.1488014+05:30","Action":"run","Package":"resonance/internal/storage","Test":"TestReviewSchemaDrift/ALTER_TABLE_media_locations_DROP_COLUMN_observed_mtime_ns"}
{"Time":"2026-09-28T23:48:32.1488014+05:30","Action":"output","Package":"resonance/internal/storage","Test":"TestReviewSchemaDrift/ALTER_TABLE_media_locations_DROP_COLUMN_observed_mtime_ns","Output":"=== RUN   TestReviewSchemaDrift/ALTER_TABLE_media_locations_DROP_COLUMN_observed_mtime_ns\n"}
{"Time":"2026-09-28T23:48:32.7457183+05:30","Action":"output","Package":"resonance/internal/storage","Test":"TestReviewSchemaDrift/ALTER_TABLE_media_locations_DROP_COLUMN_observed_mtime_ns","Output":"--- PASS: TestReviewSchemaDrift/ALTER_TABLE_media_locations_DROP_COLUMN_observed_mtime_ns (0.60s)\n"}
{"Time":"2026-09-28T23:48:32.7457183+05:30","Action":"pass","Package":"resonance/internal/storage","Test":"TestReviewSchemaDrift/ALTER_TABLE_media_locations_DROP_COLUMN_observed_mtime_ns","Elapsed":0.6}
{"Time":"2026-09-28T23:48:32.7457183+05:30","Action":"run","Package":"resonance/internal/storage","Test":"TestReviewSchemaDrift/ALTER_TABLE_media_locations_DROP_CONSTRAINT_media_locations_native_identity_check"}
{"Time":"2026-09-28T23:48:32.7457183+05:30","Action":"output","Package":"resonance/internal/storage","Test":"TestReviewSchemaDrift/ALTER_TABLE_media_locations_DROP_CONSTRAINT_media_locations_native_identity_check","Output":"=== RUN   TestReviewSchemaDrift/ALTER_TABLE_media_locations_DROP_CONSTRAINT_media_locations_native_identity_check\n"}
{"Time":"2026-09-28T23:48:33.1817074+05:30","Action":"output","Package":"resonance/internal/storage","Test":"TestReviewSchemaDrift/ALTER_TABLE_media_locations_DROP_CONSTRAINT_media_locations_native_identity_check","Output":"--- PASS: TestReviewSchemaDrift/ALTER_TABLE_media_locations_DROP_CONSTRAINT_media_locations_native_identity_check (0.44s)\n"}
{"Time":"2026-09-28T23:48:33.1817074+05:30","Action":"pass","Package":"resonance/internal/storage","Test":"TestReviewSchemaDrift/ALTER_TABLE_media_locations_DROP_CONSTRAINT_media_locations_native_identity_check","Elapsed":0.44}
{"Time":"2026-09-28T23:48:33.1817074+05:30","Action":"run","Package":"resonance/internal/storage","Test":"TestReviewSchemaDrift/ALTER_TABLE_scan_runs_DROP_CONSTRAINT_scan_runs_counters_nonnegative"}
{"Time":"2026-09-28T23:48:33.1817074+05:30","Action":"output","Package":"resonance/internal/storage","Test":"TestReviewSchemaDrift/ALTER_TABLE_scan_runs_DROP_CONSTRAINT_scan_runs_counters_nonnegative","Output":"=== RUN   TestReviewSchemaDrift/ALTER_TABLE_scan_runs_DROP_CONSTRAINT_scan_runs_counters_nonnegative\n"}
{"Time":"2026-09-28T23:48:33.6307693+05:30","Action":"output","Package":"resonance/internal/storage","Test":"TestReviewSchemaDrift/ALTER_TABLE_scan_runs_DROP_CONSTRAINT_scan_runs_counters_nonnegative","Output":"--- PASS: TestReviewSchemaDrift/ALTER_TABLE_scan_runs_DROP_CONSTRAINT_scan_runs_counters_nonnegative (0.45s)\n"}
{"Time":"2026-09-28T23:48:33.6307693+05:30","Action":"pass","Package":"resonance/internal/storage","Test":"TestReviewSchemaDrift/ALTER_TABLE_scan_runs_DROP_CONSTRAINT_scan_runs_counters_nonnegative","Elapsed":0.45}
{"Time":"2026-09-28T23:48:33.6307693+05:30","Action":"run","Package":"resonance/internal/storage","Test":"TestReviewSchemaDrift/ALTER_TABLE_scan_runs_DROP_CONSTRAINT_scan_runs_root_id_id_key_CASCADE"}
{"Time":"2026-09-28T23:48:33.6307693+05:30","Action":"output","Package":"resonance/internal/storage","Test":"TestReviewSchemaDrift/ALTER_TABLE_scan_runs_DROP_CONSTRAINT_scan_runs_root_id_id_key_CASCADE","Output":"=== RUN   TestReviewSchemaDrift/ALTER_TABLE_scan_runs_DROP_CONSTRAINT_scan_runs_root_id_id_key_CASCADE\n"}
{"Time":"2026-09-28T23:48:34.0677149+05:30","Action":"output","Package":"resonance/internal/storage","Test":"TestReviewSchemaDrift/ALTER_TABLE_scan_runs_DROP_CONSTRAINT_scan_runs_root_id_id_key_CASCADE","Output":"--- PASS: TestReviewSchemaDrift/ALTER_TABLE_scan_runs_DROP_CONSTRAINT_scan_runs_root_id_id_key_CASCADE (0.44s)\n"}
{"Time":"2026-09-28T23:48:34.0677149+05:30","Action":"pass","Package":"resonance/internal/storage","Test":"TestReviewSchemaDrift/ALTER_TABLE_scan_runs_DROP_CONSTRAINT_scan_runs_root_id_id_key_CASCADE","Elapsed":0.44}
{"Time":"2026-09-28T23:48:34.0677149+05:30","Action":"run","Package":"resonance/internal/storage","Test":"TestReviewSchemaDrift/ALTER_TABLE_library_roots_DROP_CONSTRAINT_library_roots_last_successful_scan_fkey"}
{"Time":"2026-09-28T23:48:34.0677149+05:30","Action":"output","Package":"resonance/internal/storage","Test":"TestReviewSchemaDrift/ALTER_TABLE_library_roots_DROP_CONSTRAINT_library_roots_last_successful_scan_fkey","Output":"=== RUN   TestReviewSchemaDrift/ALTER_TABLE_library_roots_DROP_CONSTRAINT_library_roots_last_successful_scan_fkey\n"}
{"Time":"2026-09-28T23:48:34.5777509+05:30","Action":"output","Package":"resonance/internal/storage","Test":"TestReviewSchemaDrift/ALTER_TABLE_library_roots_DROP_CONSTRAINT_library_roots_last_successful_scan_fkey","Output":"--- PASS: TestReviewSchemaDrift/ALTER_TABLE_library_roots_DROP_CONSTRAINT_library_roots_last_successful_scan_fkey (0.51s)\n"}
{"Time":"2026-09-28T23:48:34.578259+05:30","Action":"pass","Package":"resonance/internal/storage","Test":"TestReviewSchemaDrift/ALTER_TABLE_library_roots_DROP_CONSTRAINT_library_roots_last_successful_scan_fkey","Elapsed":0.51}
{"Time":"2026-09-28T23:48:34.578259+05:30","Action":"run","Package":"resonance/internal/storage","Test":"TestReviewSchemaDrift/ALTER_TABLE_tracks_DROP_CONSTRAINT_tracks_metadata_source_location_fkey"}
{"Time":"2026-09-28T23:48:34.578259+05:30","Action":"output","Package":"resonance/internal/storage","Test":"TestReviewSchemaDrift/ALTER_TABLE_tracks_DROP_CONSTRAINT_tracks_metadata_source_location_fkey","Output":"=== RUN   TestReviewSchemaDrift/ALTER_TABLE_tracks_DROP_CONSTRAINT_tracks_metadata_source_location_fkey\n"}
{"Time":"2026-09-28T23:48:35.0157922+05:30","Action":"output","Package":"resonance/internal/storage","Test":"TestReviewSchemaDrift/ALTER_TABLE_tracks_DROP_CONSTRAINT_tracks_metadata_source_location_fkey","Output":"--- PASS: TestReviewSchemaDrift/ALTER_TABLE_tracks_DROP_CONSTRAINT_tracks_metadata_source_location_fkey (0.44s)\n"}
{"Time":"2026-09-28T23:48:35.0157922+05:30","Action":"pass","Package":"resonance/internal/storage","Test":"TestReviewSchemaDrift/ALTER_TABLE_tracks_DROP_CONSTRAINT_tracks_metadata_source_location_fkey","Elapsed":0.44}
{"Time":"2026-09-28T23:48:35.0162972+05:30","Action":"run","Package":"resonance/internal/storage","Test":"TestReviewSchemaDrift/DROP_INDEX_media_locations_active_root_relative_idx"}
{"Time":"2026-09-28T23:48:35.0162972+05:30","Action":"output","Package":"resonance/internal/storage","Test":"TestReviewSchemaDrift/DROP_INDEX_media_locations_active_root_relative_idx","Output":"=== RUN   TestReviewSchemaDrift/DROP_INDEX_media_locations_active_root_relative_idx\n"}
{"Time":"2026-09-28T23:48:35.5074709+05:30","Action":"output","Package":"resonance/internal/storage","Test":"TestReviewSchemaDrift/DROP_INDEX_media_locations_active_root_relative_idx","Output":"--- PASS: TestReviewSchemaDrift/DROP_INDEX_media_locations_active_root_relative_idx (0.49s)\n"}
{"Time":"2026-09-28T23:48:35.5082646+05:30","Action":"pass","Package":"resonance/internal/storage","Test":"TestReviewSchemaDrift/DROP_INDEX_media_locations_active_root_relative_idx","Elapsed":0.49}
{"Time":"2026-09-28T23:48:35.5082646+05:30","Action":"run","Package":"resonance/internal/storage","Test":"TestReviewSchemaDrift/DROP_INDEX_media_locations_root_availability_idx"}
{"Time":"2026-09-28T23:48:35.5082646+05:30","Action":"output","Package":"resonance/internal/storage","Test":"TestReviewSchemaDrift/DROP_INDEX_media_locations_root_availability_idx","Output":"=== RUN   TestReviewSchemaDrift/DROP_INDEX_media_locations_root_availability_idx\n"}
{"Time":"2026-09-28T23:48:35.9740071+05:30","Action":"output","Package":"resonance/internal/storage","Test":"TestReviewSchemaDrift/DROP_INDEX_media_locations_root_availability_idx","Output":"--- PASS: TestReviewSchemaDrift/DROP_INDEX_media_locations_root_availability_idx (0.47s)\n"}
{"Time":"2026-09-28T23:48:35.9740071+05:30","Action":"pass","Package":"resonance/internal/storage","Test":"TestReviewSchemaDrift/DROP_INDEX_media_locations_root_availability_idx","Elapsed":0.47}
{"Time":"2026-09-28T23:48:35.9740071+05:30","Action":"run","Package":"resonance/internal/storage","Test":"TestReviewSchemaDrift/DROP_INDEX_media_locations_native_lookup_idx"}
{"Time":"2026-09-28T23:48:35.9740071+05:30","Action":"output","Package":"resonance/internal/storage","Test":"TestReviewSchemaDrift/DROP_INDEX_media_locations_native_lookup_idx","Output":"=== RUN   TestReviewSchemaDrift/DROP_INDEX_media_locations_native_lookup_idx\n"}
{"Time":"2026-09-28T23:48:36.5096624+05:30","Action":"output","Package":"resonance/internal/storage","Test":"TestReviewSchemaDrift/DROP_INDEX_media_locations_native_lookup_idx","Output":"--- PASS: TestReviewSchemaDrift/DROP_INDEX_media_locations_native_lookup_idx (0.54s)\n"}
{"Time":"2026-09-28T23:48:36.5102543+05:30","Action":"pass","Package":"resonance/internal/storage","Test":"TestReviewSchemaDrift/DROP_INDEX_media_locations_native_lookup_idx","Elapsed":0.54}
{"Time":"2026-09-28T23:48:36.5102543+05:30","Action":"output","Package":"resonance/internal/storage","Test":"TestReviewSchemaDrift","Output":"--- PASS: TestReviewSchemaDrift (7.69s)\n"}
{"Time":"2026-09-28T23:48:36.5102543+05:30","Action":"pass","Package":"resonance/internal/storage","Test":"TestReviewSchemaDrift","Elapsed":7.69}
{"Time":"2026-09-28T23:48:36.5102543+05:30","Action":"run","Package":"resonance/internal/storage","Test":"TestReviewM12WrongSameNamedIndexIsRejected"}
{"Time":"2026-09-28T23:48:36.5102543+05:30","Action":"output","Package":"resonance/internal/storage","Test":"TestReviewM12WrongSameNamedIndexIsRejected","Output":"=== RUN   TestReviewM12WrongSameNamedIndexIsRejected\n"}
{"Time":"2026-09-28T23:48:37.0502282+05:30","Action":"output","Package":"resonance/internal/storage","Test":"TestReviewM12WrongSameNamedIndexIsRejected","Output":"--- PASS: TestReviewM12WrongSameNamedIndexIsRejected (0.54s)\n"}
{"Time":"2026-09-28T23:48:37.0502282+05:30","Action":"pass","Package":"resonance/internal/storage","Test":"TestReviewM12WrongSameNamedIndexIsRejected","Elapsed":0.54}
{"Time":"2026-09-28T23:48:37.0502282+05:30","Action":"run","Package":"resonance/internal/storage","Test":"TestReviewCanceledLockWaitAndPoolCleanup"}
{"Time":"2026-09-28T23:48:37.0502282+05:30","Action":"output","Package":"resonance/internal/storage","Test":"TestReviewCanceledLockWaitAndPoolCleanup","Output":"=== RUN   TestReviewCanceledLockWaitAndPoolCleanup\n"}
{"Time":"2026-09-28T23:48:37.7068586+05:30","Action":"output","Package":"resonance/internal/storage","Test":"TestReviewCanceledLockWaitAndPoolCleanup","Output":"--- PASS: TestReviewCanceledLockWaitAndPoolCleanup (0.66s)\n"}
{"Time":"2026-09-28T23:48:37.7068586+05:30","Action":"pass","Package":"resonance/internal/storage","Test":"TestReviewCanceledLockWaitAndPoolCleanup","Elapsed":0.66}
{"Time":"2026-09-28T23:48:37.7068586+05:30","Action":"run","Package":"resonance/internal/storage","Test":"TestReviewIdentityConstraints"}
{"Time":"2026-09-28T23:48:37.7068586+05:30","Action":"output","Package":"resonance/internal/storage","Test":"TestReviewIdentityConstraints","Output":"=== RUN   TestReviewIdentityConstraints\n"}
{"Time":"2026-09-28T23:48:38.152903+05:30","Action":"output","Package":"resonance/internal/storage","Test":"TestReviewIdentityConstraints","Output":"--- PASS: TestReviewIdentityConstraints (0.45s)\n"}
{"Time":"2026-09-28T23:48:38.152903+05:30","Action":"pass","Package":"resonance/internal/storage","Test":"TestReviewIdentityConstraints","Elapsed":0.45}
{"Time":"2026-09-28T23:48:38.152903+05:30","Action":"run","Package":"resonance/internal/storage","Test":"TestReviewConcurrentMigrators"}
{"Time":"2026-09-28T23:48:38.152903+05:30","Action":"output","Package":"resonance/internal/storage","Test":"TestReviewConcurrentMigrators","Output":"=== RUN   TestReviewConcurrentMigrators\n"}
{"Time":"2026-09-28T23:48:39.0486121+05:30","Action":"output","Package":"resonance/internal/storage","Test":"TestReviewConcurrentMigrators","Output":"--- PASS: TestReviewConcurrentMigrators (0.90s)\n"}
{"Time":"2026-09-28T23:48:39.0486121+05:30","Action":"pass","Package":"resonance/internal/storage","Test":"TestReviewConcurrentMigrators","Elapsed":0.9}
{"Time":"2026-09-28T23:48:39.0486121+05:30","Action":"run","Package":"resonance/internal/storage","Test":"TestReviewReadinessDuringMigrationLock"}
{"Time":"2026-09-28T23:48:39.0486121+05:30","Action":"output","Package":"resonance/internal/storage","Test":"TestReviewReadinessDuringMigrationLock","Output":"=== RUN   TestReviewReadinessDuringMigrationLock\n"}
{"Time":"2026-09-28T23:48:39.5014215+05:30","Action":"output","Package":"resonance/internal/storage","Test":"TestReviewReadinessDuringMigrationLock","Output":"--- PASS: TestReviewReadinessDuringMigrationLock (0.45s)\n"}
{"Time":"2026-09-28T23:48:39.5014215+05:30","Action":"pass","Package":"resonance/internal/storage","Test":"TestReviewReadinessDuringMigrationLock","Elapsed":0.45}
{"Time":"2026-09-28T23:48:39.5014215+05:30","Action":"run","Package":"resonance/internal/storage","Test":"TestReviewFailureAfterFirstDDLIsAtomic"}
{"Time":"2026-09-28T23:48:39.5014215+05:30","Action":"output","Package":"resonance/internal/storage","Test":"TestReviewFailureAfterFirstDDLIsAtomic","Output":"=== RUN   TestReviewFailureAfterFirstDDLIsAtomic\n"}
{"Time":"2026-09-28T23:48:40.1316276+05:30","Action":"output","Package":"resonance/internal/storage","Test":"TestReviewFailureAfterFirstDDLIsAtomic","Output":"--- PASS: TestReviewFailureAfterFirstDDLIsAtomic (0.63s)\n"}
{"Time":"2026-09-28T23:48:40.1321325+05:30","Action":"pass","Package":"resonance/internal/storage","Test":"TestReviewFailureAfterFirstDDLIsAtomic","Elapsed":0.63}
{"Time":"2026-09-28T23:48:40.1321325+05:30","Action":"run","Package":"resonance/internal/storage","Test":"TestReviewUnknownAndGappedVersions"}
{"Time":"2026-09-28T23:48:40.1321325+05:30","Action":"output","Package":"resonance/internal/storage","Test":"TestReviewUnknownAndGappedVersions","Output":"=== RUN   TestReviewUnknownAndGappedVersions\n"}
{"Time":"2026-09-28T23:48:40.1321325+05:30","Action":"run","Package":"resonance/internal/storage","Test":"TestReviewUnknownAndGappedVersions/UPDATE_schema_migrations_SET_version=99_WHERE_version=2"}
{"Time":"2026-09-28T23:48:40.1321325+05:30","Action":"output","Package":"resonance/internal/storage","Test":"TestReviewUnknownAndGappedVersions/UPDATE_schema_migrations_SET_version=99_WHERE_version=2","Output":"=== RUN   TestReviewUnknownAndGappedVersions/UPDATE_schema_migrations_SET_version=99_WHERE_version=2\n"}
{"Time":"2026-09-28T23:48:40.5720676+05:30","Action":"output","Package":"resonance/internal/storage","Test":"TestReviewUnknownAndGappedVersions/UPDATE_schema_migrations_SET_version=99_WHERE_version=2","Output":"--- PASS: TestReviewUnknownAndGappedVersions/UPDATE_schema_migrations_SET_version=99_WHERE_version=2 (0.44s)\n"}
{"Time":"2026-09-28T23:48:40.5720676+05:30","Action":"pass","Package":"resonance/internal/storage","Test":"TestReviewUnknownAndGappedVersions/UPDATE_schema_migrations_SET_version=99_WHERE_version=2","Elapsed":0.44}
{"Time":"2026-09-28T23:48:40.5720676+05:30","Action":"run","Package":"resonance/internal/storage","Test":"TestReviewUnknownAndGappedVersions/DELETE_FROM_schema_migrations_WHERE_version=1"}
{"Time":"2026-09-28T23:48:40.5720676+05:30","Action":"output","Package":"resonance/internal/storage","Test":"TestReviewUnknownAndGappedVersions/DELETE_FROM_schema_migrations_WHERE_version=1","Output":"=== RUN   TestReviewUnknownAndGappedVersions/DELETE_FROM_schema_migrations_WHERE_version=1\n"}
{"Time":"2026-09-28T23:48:41.0388655+05:30","Action":"output","Package":"resonance/internal/storage","Test":"TestReviewUnknownAndGappedVersions/DELETE_FROM_schema_migrations_WHERE_version=1","Output":"--- PASS: TestReviewUnknownAndGappedVersions/DELETE_FROM_schema_migrations_WHERE_version=1 (0.47s)\n"}
{"Time":"2026-09-28T23:48:41.0395012+05:30","Action":"pass","Package":"resonance/internal/storage","Test":"TestReviewUnknownAndGappedVersions/DELETE_FROM_schema_migrations_WHERE_version=1","Elapsed":0.47}
{"Time":"2026-09-28T23:48:41.0395012+05:30","Action":"run","Package":"resonance/internal/storage","Test":"TestReviewUnknownAndGappedVersions/UPDATE_schema_migrations_SET_name='changed'_WHERE_version=1"}
{"Time":"2026-09-28T23:48:41.0395012+05:30","Action":"output","Package":"resonance/internal/storage","Test":"TestReviewUnknownAndGappedVersions/UPDATE_schema_migrations_SET_name='changed'_WHERE_version=1","Output":"=== RUN   TestReviewUnknownAndGappedVersions/UPDATE_schema_migrations_SET_name='changed'_WHERE_version=1\n"}
{"Time":"2026-09-28T23:48:41.5018681+05:30","Action":"output","Package":"resonance/internal/storage","Test":"TestReviewUnknownAndGappedVersions/UPDATE_schema_migrations_SET_name='changed'_WHERE_version=1","Output":"--- PASS: TestReviewUnknownAndGappedVersions/UPDATE_schema_migrations_SET_name='changed'_WHERE_version=1 (0.46s)\n"}
{"Time":"2026-09-28T23:48:41.5023797+05:30","Action":"pass","Package":"resonance/internal/storage","Test":"TestReviewUnknownAndGappedVersions/UPDATE_schema_migrations_SET_name='changed'_WHERE_version=1","Elapsed":0.46}
{"Time":"2026-09-28T23:48:41.5023797+05:30","Action":"output","Package":"resonance/internal/storage","Test":"TestReviewUnknownAndGappedVersions","Output":"--- PASS: TestReviewUnknownAndGappedVersions (1.37s)\n"}
{"Time":"2026-09-28T23:48:41.5023797+05:30","Action":"pass","Package":"resonance/internal/storage","Test":"TestReviewUnknownAndGappedVersions","Elapsed":1.37}
{"Time":"2026-09-28T23:48:41.5023797+05:30","Action":"run","Package":"resonance/internal/storage","Test":"TestEmptyMigrationAndIdempotence"}
{"Time":"2026-09-28T23:48:41.5023797+05:30","Action":"output","Package":"resonance/internal/storage","Test":"TestEmptyMigrationAndIdempotence","Output":"=== RUN   TestEmptyMigrationAndIdempotence\n"}
{"Time":"2026-09-28T23:48:42.0734261+05:30","Action":"output","Package":"resonance/internal/storage","Test":"TestEmptyMigrationAndIdempotence","Output":"--- PASS: TestEmptyMigrationAndIdempotence (0.57s)\n"}
{"Time":"2026-09-28T23:48:42.0734261+05:30","Action":"pass","Package":"resonance/internal/storage","Test":"TestEmptyMigrationAndIdempotence","Elapsed":0.57}
{"Time":"2026-09-28T23:48:42.0734261+05:30","Action":"run","Package":"resonance/internal/storage","Test":"TestPendingMigrationIsNotReady"}
{"Time":"2026-09-28T23:48:42.0734261+05:30","Action":"output","Package":"resonance/internal/storage","Test":"TestPendingMigrationIsNotReady","Output":"=== RUN   TestPendingMigrationIsNotReady\n"}
{"Time":"2026-09-28T23:48:42.7062942+05:30","Action":"output","Package":"resonance/internal/storage","Test":"TestPendingMigrationIsNotReady","Output":"--- PASS: TestPendingMigrationIsNotReady (0.63s)\n"}
{"Time":"2026-09-28T23:48:42.706799+05:30","Action":"pass","Package":"resonance/internal/storage","Test":"TestPendingMigrationIsNotReady","Elapsed":0.63}
{"Time":"2026-09-28T23:48:42.706799+05:30","Action":"run","Package":"resonance/internal/storage","Test":"TestPopulatedMigrationPreservesIdentities"}
{"Time":"2026-09-28T23:48:42.706799+05:30","Action":"output","Package":"resonance/internal/storage","Test":"TestPopulatedMigrationPreservesIdentities","Output":"=== RUN   TestPopulatedMigrationPreservesIdentities\n"}
{"Time":"2026-09-28T23:48:43.243636+05:30","Action":"output","Package":"resonance/internal/storage","Test":"TestPopulatedMigrationPreservesIdentities","Output":"--- PASS: TestPopulatedMigrationPreservesIdentities (0.54s)\n"}
{"Time":"2026-09-28T23:48:43.243636+05:30","Action":"pass","Package":"resonance/internal/storage","Test":"TestPopulatedMigrationPreservesIdentities","Elapsed":0.54}
{"Time":"2026-09-28T23:48:43.243636+05:30","Action":"run","Package":"resonance/internal/storage","Test":"TestM12MigrationOnPopulatedCore"}
{"Time":"2026-09-28T23:48:43.243636+05:30","Action":"output","Package":"resonance/internal/storage","Test":"TestM12MigrationOnPopulatedCore","Output":"=== RUN   TestM12MigrationOnPopulatedCore\n"}
{"Time":"2026-09-28T23:48:43.7625995+05:30","Action":"output","Package":"resonance/internal/storage","Test":"TestM12MigrationOnPopulatedCore","Output":"--- PASS: TestM12MigrationOnPopulatedCore (0.52s)\n"}
{"Time":"2026-09-28T23:48:43.7625995+05:30","Action":"pass","Package":"resonance/internal/storage","Test":"TestM12MigrationOnPopulatedCore","Elapsed":0.52}
{"Time":"2026-09-28T23:48:43.7625995+05:30","Action":"run","Package":"resonance/internal/storage","Test":"TestM16PopulatedSevenToEightMigrationRequiresRootVerification"}
{"Time":"2026-09-28T23:48:43.7625995+05:30","Action":"output","Package":"resonance/internal/storage","Test":"TestM16PopulatedSevenToEightMigrationRequiresRootVerification","Output":"=== RUN   TestM16PopulatedSevenToEightMigrationRequiresRootVerification\n"}
{"Time":"2026-09-28T23:48:44.3092056+05:30","Action":"output","Package":"resonance/internal/storage","Test":"TestM16PopulatedSevenToEightMigrationRequiresRootVerification","Output":"--- PASS: TestM16PopulatedSevenToEightMigrationRequiresRootVerification (0.55s)\n"}
{"Time":"2026-09-28T23:48:44.3092056+05:30","Action":"pass","Package":"resonance/internal/storage","Test":"TestM16PopulatedSevenToEightMigrationRequiresRootVerification","Elapsed":0.55}
{"Time":"2026-09-28T23:48:44.3092056+05:30","Action":"run","Package":"resonance/internal/storage","Test":"TestM16RootVerificationEnableMismatchAndExplicitRebind"}
{"Time":"2026-09-28T23:48:44.3092056+05:30","Action":"output","Package":"resonance/internal/storage","Test":"TestM16RootVerificationEnableMismatchAndExplicitRebind","Output":"=== RUN   TestM16RootVerificationEnableMismatchAndExplicitRebind\n"}
{"Time":"2026-09-28T23:48:44.7598698+05:30","Action":"output","Package":"resonance/internal/storage","Test":"TestM16RootVerificationEnableMismatchAndExplicitRebind","Output":"--- PASS: TestM16RootVerificationEnableMismatchAndExplicitRebind (0.45s)\n"}
{"Time":"2026-09-28T23:48:44.7598698+05:30","Action":"pass","Package":"resonance/internal/storage","Test":"TestM16RootVerificationEnableMismatchAndExplicitRebind","Elapsed":0.45}
{"Time":"2026-09-28T23:48:44.7598698+05:30","Action":"run","Package":"resonance/internal/storage","Test":"TestM16EmptySevenToEightMigration"}
{"Time":"2026-09-28T23:48:44.7598698+05:30","Action":"output","Package":"resonance/internal/storage","Test":"TestM16EmptySevenToEightMigration","Output":"=== RUN   TestM16EmptySevenToEightMigration\n"}
{"Time":"2026-09-28T23:48:45.373512+05:30","Action":"output","Package":"resonance/internal/storage","Test":"TestM16EmptySevenToEightMigration","Output":"--- PASS: TestM16EmptySevenToEightMigration (0.61s)\n"}
{"Time":"2026-09-28T23:48:45.373512+05:30","Action":"pass","Package":"resonance/internal/storage","Test":"TestM16EmptySevenToEightMigration","Elapsed":0.61}
{"Time":"2026-09-28T23:48:45.373512+05:30","Action":"run","Package":"resonance/internal/storage","Test":"TestM16MigrationRollbackAndRetryAfterPartialDDL"}
{"Time":"2026-09-28T23:48:45.373512+05:30","Action":"output","Package":"resonance/internal/storage","Test":"TestM16MigrationRollbackAndRetryAfterPartialDDL","Output":"=== RUN   TestM16MigrationRollbackAndRetryAfterPartialDDL\n"}
{"Time":"2026-09-28T23:48:46.0743848+05:30","Action":"output","Package":"resonance/internal/storage","Test":"TestM16MigrationRollbackAndRetryAfterPartialDDL","Output":"--- PASS: TestM16MigrationRollbackAndRetryAfterPartialDDL (0.70s)\n"}
{"Time":"2026-09-28T23:48:46.0743848+05:30","Action":"pass","Package":"resonance/internal/storage","Test":"TestM16MigrationRollbackAndRetryAfterPartialDDL","Elapsed":0.7}
{"Time":"2026-09-28T23:48:46.0743848+05:30","Action":"run","Package":"resonance/internal/storage","Test":"TestM16SchemaContractRejectsRootFenceDrift"}
{"Time":"2026-09-28T23:48:46.0743848+05:30","Action":"output","Package":"resonance/internal/storage","Test":"TestM16SchemaContractRejectsRootFenceDrift","Output":"=== RUN   TestM16SchemaContractRejectsRootFenceDrift\n"}
{"Time":"2026-09-28T23:48:46.5169289+05:30","Action":"output","Package":"resonance/internal/storage","Test":"TestM16SchemaContractRejectsRootFenceDrift","Output":"--- PASS: TestM16SchemaContractRejectsRootFenceDrift (0.44s)\n"}
{"Time":"2026-09-28T23:48:46.5169289+05:30","Action":"pass","Package":"resonance/internal/storage","Test":"TestM16SchemaContractRejectsRootFenceDrift","Elapsed":0.44}
{"Time":"2026-09-28T23:48:46.5169289+05:30","Action":"run","Package":"resonance/internal/storage","Test":"TestM12GroupingCorrectionPreservesObservedMetadata"}
{"Time":"2026-09-28T23:48:46.5169289+05:30","Action":"output","Package":"resonance/internal/storage","Test":"TestM12GroupingCorrectionPreservesObservedMetadata","Output":"=== RUN   TestM12GroupingCorrectionPreservesObservedMetadata\n"}
{"Time":"2026-09-28T23:48:47.0078401+05:30","Action":"output","Package":"resonance/internal/storage","Test":"TestM12GroupingCorrectionPreservesObservedMetadata","Output":"--- PASS: TestM12GroupingCorrectionPreservesObservedMetadata (0.49s)\n"}
{"Time":"2026-09-28T23:48:47.0078401+05:30","Action":"pass","Package":"resonance/internal/storage","Test":"TestM12GroupingCorrectionPreservesObservedMetadata","Elapsed":0.49}
{"Time":"2026-09-28T23:48:47.0078401+05:30","Action":"run","Package":"resonance/internal/storage","Test":"TestM13MigrationBackfillsObservationAndMetadataSource"}
{"Time":"2026-09-28T23:48:47.0078401+05:30","Action":"output","Package":"resonance/internal/storage","Test":"TestM13MigrationBackfillsObservationAndMetadataSource","Output":"=== RUN   TestM13MigrationBackfillsObservationAndMetadataSource\n"}
{"Time":"2026-09-28T23:48:47.6149853+05:30","Action":"output","Package":"resonance/internal/storage","Test":"TestM13MigrationBackfillsObservationAndMetadataSource","Output":"--- PASS: TestM13MigrationBackfillsObservationAndMetadataSource (0.61s)\n"}
{"Time":"2026-09-28T23:48:47.6149853+05:30","Action":"pass","Package":"resonance/internal/storage","Test":"TestM13MigrationBackfillsObservationAndMetadataSource","Elapsed":0.61}
{"Time":"2026-09-28T23:48:47.615489+05:30","Action":"run","Package":"resonance/internal/storage","Test":"TestM13MigrationFailureIsAtomicAndRecoverable"}
{"Time":"2026-09-28T23:48:47.615489+05:30","Action":"output","Package":"resonance/internal/storage","Test":"TestM13MigrationFailureIsAtomicAndRecoverable","Output":"=== RUN   TestM13MigrationFailureIsAtomicAndRecoverable\n"}
{"Time":"2026-09-28T23:48:48.2958982+05:30","Action":"output","Package":"resonance/internal/storage","Test":"TestM13MigrationFailureIsAtomicAndRecoverable","Output":"--- PASS: TestM13MigrationFailureIsAtomicAndRecoverable (0.68s)\n"}
{"Time":"2026-09-28T23:48:48.2958982+05:30","Action":"pass","Package":"resonance/internal/storage","Test":"TestM13MigrationFailureIsAtomicAndRecoverable","Elapsed":0.68}
{"Time":"2026-09-28T23:48:48.2958982+05:30","Action":"run","Package":"resonance/internal/storage","Test":"TestMigrationFailureIsAtomicAndRecoverable"}
{"Time":"2026-09-28T23:48:48.2958982+05:30","Action":"output","Package":"resonance/internal/storage","Test":"TestMigrationFailureIsAtomicAndRecoverable","Output":"=== RUN   TestMigrationFailureIsAtomicAndRecoverable\n"}
{"Time":"2026-09-28T23:48:48.8787245+05:30","Action":"output","Package":"resonance/internal/storage","Test":"TestMigrationFailureIsAtomicAndRecoverable","Output":"--- PASS: TestMigrationFailureIsAtomicAndRecoverable (0.58s)\n"}
{"Time":"2026-09-28T23:48:48.8787245+05:30","Action":"pass","Package":"resonance/internal/storage","Test":"TestMigrationFailureIsAtomicAndRecoverable","Elapsed":0.58}
{"Time":"2026-09-28T23:48:48.8787245+05:30","Action":"run","Package":"resonance/internal/storage","Test":"TestIncompatibleSchemaRejected"}
{"Time":"2026-09-28T23:48:48.8787245+05:30","Action":"output","Package":"resonance/internal/storage","Test":"TestIncompatibleSchemaRejected","Output":"=== RUN   TestIncompatibleSchemaRejected\n"}
{"Time":"2026-09-28T23:48:49.3468331+05:30","Action":"output","Package":"resonance/internal/storage","Test":"TestIncompatibleSchemaRejected","Output":"--- PASS: TestIncompatibleSchemaRejected (0.47s)\n"}
{"Time":"2026-09-28T23:48:49.3468331+05:30","Action":"pass","Package":"resonance/internal/storage","Test":"TestIncompatibleSchemaRejected","Elapsed":0.47}
{"Time":"2026-09-28T23:48:49.3468331+05:30","Action":"run","Package":"resonance/internal/storage","Test":"TestMissingCoreTableIsNotReady"}
{"Time":"2026-09-28T23:48:49.3468331+05:30","Action":"output","Package":"resonance/internal/storage","Test":"TestMissingCoreTableIsNotReady","Output":"=== RUN   TestMissingCoreTableIsNotReady\n"}
{"Time":"2026-09-28T23:48:49.8835388+05:30","Action":"output","Package":"resonance/internal/storage","Test":"TestMissingCoreTableIsNotReady","Output":"--- PASS: TestMissingCoreTableIsNotReady (0.54s)\n"}
{"Time":"2026-09-28T23:48:49.8840656+05:30","Action":"pass","Package":"resonance/internal/storage","Test":"TestMissingCoreTableIsNotReady","Elapsed":0.54}
{"Time":"2026-09-28T23:48:49.8840656+05:30","Action":"run","Package":"resonance/internal/storage","Test":"TestConnectionRecovery"}
{"Time":"2026-09-28T23:48:49.8840656+05:30","Action":"output","Package":"resonance/internal/storage","Test":"TestConnectionRecovery","Output":"=== RUN   TestConnectionRecovery\n"}
{"Time":"2026-09-28T23:48:50.4878975+05:30","Action":"output","Package":"resonance/internal/storage","Test":"TestConnectionRecovery","Output":"--- PASS: TestConnectionRecovery (0.60s)\n"}
{"Time":"2026-09-28T23:48:50.4878975+05:30","Action":"pass","Package":"resonance/internal/storage","Test":"TestConnectionRecovery","Elapsed":0.6}
{"Time":"2026-09-28T23:48:50.4878975+05:30","Action":"run","Package":"resonance/internal/storage","Test":"TestNoDatabaseURL"}
{"Time":"2026-09-28T23:48:50.4884068+05:30","Action":"output","Package":"resonance/internal/storage","Test":"TestNoDatabaseURL","Output":"=== RUN   TestNoDatabaseURL\n"}
{"Time":"2026-09-28T23:48:50.4884068+05:30","Action":"output","Package":"resonance/internal/storage","Test":"TestNoDatabaseURL","Output":"--- PASS: TestNoDatabaseURL (0.00s)\n"}
{"Time":"2026-09-28T23:48:50.4884068+05:30","Action":"pass","Package":"resonance/internal/storage","Test":"TestNoDatabaseURL","Elapsed":0}
{"Time":"2026-09-28T23:48:50.4884068+05:30","Action":"run","Package":"resonance/internal/storage","Test":"TestM15BenchmarkEvidence"}
{"Time":"2026-09-28T23:48:50.4884068+05:30","Action":"output","Package":"resonance/internal/storage","Test":"TestM15BenchmarkEvidence","Output":"=== RUN   TestM15BenchmarkEvidence\n"}
{"Time":"2026-09-28T23:48:50.4884068+05:30","Action":"output","Package":"resonance/internal/storage","Test":"TestM15BenchmarkEvidence","Output":"    user_benchmark_integration_test.go:38: set RESONANCE_M15_BENCHMARK_OUTPUT for explicit evidence run\n"}
{"Time":"2026-09-28T23:48:50.4884068+05:30","Action":"output","Package":"resonance/internal/storage","Test":"TestM15BenchmarkEvidence","Output":"--- SKIP: TestM15BenchmarkEvidence (0.00s)\n"}
{"Time":"2026-09-28T23:48:50.4884068+05:30","Action":"skip","Package":"resonance/internal/storage","Test":"TestM15BenchmarkEvidence","Elapsed":0}
{"Time":"2026-09-28T23:48:50.4884068+05:30","Action":"run","Package":"resonance/internal/storage","Test":"TestM15PopulatedUpgradeAndExactContract"}
{"Time":"2026-09-28T23:48:50.4884068+05:30","Action":"output","Package":"resonance/internal/storage","Test":"TestM15PopulatedUpgradeAndExactContract","Output":"=== RUN   TestM15PopulatedUpgradeAndExactContract\n"}
{"Time":"2026-09-28T23:48:51.0828182+05:30","Action":"output","Package":"resonance/internal/storage","Test":"TestM15PopulatedUpgradeAndExactContract","Output":"--- PASS: TestM15PopulatedUpgradeAndExactContract (0.59s)\n"}
{"Time":"2026-09-28T23:48:51.0828182+05:30","Action":"pass","Package":"resonance/internal/storage","Test":"TestM15PopulatedUpgradeAndExactContract","Elapsed":0.59}
{"Time":"2026-09-28T23:48:51.0828182+05:30","Action":"run","Package":"resonance/internal/storage","Test":"TestM15MigrationFailureRetryAndConstraintDrift"}
{"Time":"2026-09-28T23:48:51.0828182+05:30","Action":"output","Package":"resonance/internal/storage","Test":"TestM15MigrationFailureRetryAndConstraintDrift","Output":"=== RUN   TestM15MigrationFailureRetryAndConstraintDrift\n"}
{"Time":"2026-09-28T23:48:51.6885505+05:30","Action":"output","Package":"resonance/internal/storage","Test":"TestM15MigrationFailureRetryAndConstraintDrift","Output":"--- PASS: TestM15MigrationFailureRetryAndConstraintDrift (0.61s)\n"}
{"Time":"2026-09-28T23:48:51.6885505+05:30","Action":"pass","Package":"resonance/internal/storage","Test":"TestM15MigrationFailureRetryAndConstraintDrift","Elapsed":0.61}
{"Time":"2026-09-28T23:48:51.6885505+05:30","Action":"run","Package":"resonance/internal/storage","Test":"TestM15QueueReceiptsAtomicEndedAndPlaylist"}
{"Time":"2026-09-28T23:48:51.6885505+05:30","Action":"output","Package":"resonance/internal/storage","Test":"TestM15QueueReceiptsAtomicEndedAndPlaylist","Output":"=== RUN   TestM15QueueReceiptsAtomicEndedAndPlaylist\n"}
{"Time":"2026-09-28T23:48:52.2708719+05:30","Action":"output","Package":"resonance/internal/storage","Test":"TestM15QueueReceiptsAtomicEndedAndPlaylist","Output":"--- PASS: TestM15QueueReceiptsAtomicEndedAndPlaylist (0.58s)\n"}
{"Time":"2026-09-28T23:48:52.2708719+05:30","Action":"pass","Package":"resonance/internal/storage","Test":"TestM15QueueReceiptsAtomicEndedAndPlaylist","Elapsed":0.58}
{"Time":"2026-09-28T23:48:52.2708719+05:30","Action":"run","Package":"resonance/internal/storage","Test":"TestM15ConcurrentReceiptsAndCompareAndSwap"}
{"Time":"2026-09-28T23:48:52.2708719+05:30","Action":"output","Package":"resonance/internal/storage","Test":"TestM15ConcurrentReceiptsAndCompareAndSwap","Output":"=== RUN   TestM15ConcurrentReceiptsAndCompareAndSwap\n"}
{"Time":"2026-09-28T23:48:53.2249192+05:30","Action":"output","Package":"resonance/internal/storage","Test":"TestM15ConcurrentReceiptsAndCompareAndSwap","Output":"--- PASS: TestM15ConcurrentReceiptsAndCompareAndSwap (0.95s)\n"}
{"Time":"2026-09-28T23:48:53.2255192+05:30","Action":"pass","Package":"resonance/internal/storage","Test":"TestM15ConcurrentReceiptsAndCompareAndSwap","Elapsed":0.95}
{"Time":"2026-09-28T23:48:53.2255192+05:30","Action":"run","Package":"resonance/internal/storage","Test":"TestM15HistoryThresholdsReportsAndReceiptExpiry"}
{"Time":"2026-09-28T23:48:53.2255192+05:30","Action":"output","Package":"resonance/internal/storage","Test":"TestM15HistoryThresholdsReportsAndReceiptExpiry","Output":"=== RUN   TestM15HistoryThresholdsReportsAndReceiptExpiry\n"}
{"Time":"2026-09-28T23:48:53.6863296+05:30","Action":"output","Package":"resonance/internal/storage","Test":"TestM15HistoryThresholdsReportsAndReceiptExpiry","Output":"--- PASS: TestM15HistoryThresholdsReportsAndReceiptExpiry (0.46s)\n"}
{"Time":"2026-09-28T23:48:53.6863296+05:30","Action":"pass","Package":"resonance/internal/storage","Test":"TestM15HistoryThresholdsReportsAndReceiptExpiry","Elapsed":0.46}
{"Time":"2026-09-28T23:48:53.6863296+05:30","Action":"run","Package":"resonance/internal/storage","Test":"TestM15UnavailableSkipAndRestartPersistence"}
{"Time":"2026-09-28T23:48:53.6863296+05:30","Action":"output","Package":"resonance/internal/storage","Test":"TestM15UnavailableSkipAndRestartPersistence","Output":"=== RUN   TestM15UnavailableSkipAndRestartPersistence\n"}
{"Time":"2026-09-28T23:48:54.2901155+05:30","Action":"output","Package":"resonance/internal/storage","Test":"TestM15UnavailableSkipAndRestartPersistence","Output":"--- PASS: TestM15UnavailableSkipAndRestartPersistence (0.60s)\n"}
{"Time":"2026-09-28T23:48:54.2901155+05:30","Action":"pass","Package":"resonance/internal/storage","Test":"TestM15UnavailableSkipAndRestartPersistence","Elapsed":0.6}
{"Time":"2026-09-28T23:48:54.2901155+05:30","Action":"run","Package":"resonance/internal/storage","Test":"TestM15BoundedQueueAndPlaylist"}
{"Time":"2026-09-28T23:48:54.2901155+05:30","Action":"output","Package":"resonance/internal/storage","Test":"TestM15BoundedQueueAndPlaylist","Output":"=== RUN   TestM15BoundedQueueAndPlaylist\n"}
{"Time":"2026-09-28T23:48:54.9541639+05:30","Action":"output","Package":"resonance/internal/storage","Test":"TestM15BoundedQueueAndPlaylist","Output":"--- PASS: TestM15BoundedQueueAndPlaylist (0.66s)\n"}
{"Time":"2026-09-28T23:48:54.9541639+05:30","Action":"pass","Package":"resonance/internal/storage","Test":"TestM15BoundedQueueAndPlaylist","Elapsed":0.66}
{"Time":"2026-09-28T23:48:54.9541639+05:30","Action":"output","Package":"resonance/internal/storage","Output":"PASS\n"}
{"Time":"2026-09-28T23:48:54.9604012+05:30","Action":"output","Package":"resonance/internal/storage","Output":"ok  \tresonance/internal/storage\t59.039s\n"}
{"Time":"2026-09-28T23:48:54.9604012+05:30","Action":"pass","Package":"resonance/internal/storage","Elapsed":59.039}
