{"Time":"2026-09-28T23:40:47.942634+05:30","Action":"start","Package":"resonance"}
{"Time":"2026-09-28T23:40:48.0211922+05:30","Action":"run","Package":"resonance","Test":"TestM14TracksPageRepeatedAt304Tracks"}
{"Time":"2026-09-28T23:40:48.0211922+05:30","Action":"output","Package":"resonance","Test":"TestM14TracksPageRepeatedAt304Tracks","Output":"=== RUN   TestM14TracksPageRepeatedAt304Tracks\n"}
{"Time":"2026-09-28T23:40:48.026198+05:30","Action":"output","Package":"resonance","Test":"TestM14TracksPageRepeatedAt304Tracks","Output":"    catalog_integration_test.go:135: failed to connect to `user=resonance database=resonance_m17_test`: 127.0.0.1:55439 (127.0.0.1): dial error: dial tcp 127.0.0.1:55439: connectex: No connection could be made because the target machine actively refused it.\n"}
{"Time":"2026-09-28T23:40:48.026198+05:30","Action":"output","Package":"resonance","Test":"TestM14TracksPageRepeatedAt304Tracks","Output":"--- FAIL: TestM14TracksPageRepeatedAt304Tracks (0.01s)\n"}
{"Time":"2026-09-28T23:40:48.026198+05:30","Action":"fail","Package":"resonance","Test":"TestM14TracksPageRepeatedAt304Tracks","Elapsed":0.01}
{"Time":"2026-09-28T23:40:48.026198+05:30","Action":"run","Package":"resonance","Test":"TestCatalogHTTPAndRealRanges"}
{"Time":"2026-09-28T23:40:48.026198+05:30","Action":"output","Package":"resonance","Test":"TestCatalogHTTPAndRealRanges","Output":"=== RUN   TestCatalogHTTPAndRealRanges\n"}
{"Time":"2026-09-28T23:40:48.027276+05:30","Action":"output","Package":"resonance","Test":"TestCatalogHTTPAndRealRanges","Output":"    catalog_integration_test.go:234: failed to connect to `user=resonance database=resonance_m17_test`: 127.0.0.1:55439 (127.0.0.1): dial error: dial tcp 127.0.0.1:55439: connectex: No connection could be made because the target machine actively refused it.\n"}
{"Time":"2026-09-28T23:40:48.0278383+05:30","Action":"output","Package":"resonance","Test":"TestCatalogHTTPAndRealRanges","Output":"--- FAIL: TestCatalogHTTPAndRealRanges (0.00s)\n"}
{"Time":"2026-09-28T23:40:48.0278383+05:30","Action":"fail","Package":"resonance","Test":"TestCatalogHTTPAndRealRanges","Elapsed":0}
{"Time":"2026-09-28T23:40:48.0278383+05:30","Action":"run","Package":"resonance","Test":"TestPublicCatalogStructsHaveNoHostPathFields"}
{"Time":"2026-09-28T23:40:48.0278383+05:30","Action":"output","Package":"resonance","Test":"TestPublicCatalogStructsHaveNoHostPathFields","Output":"=== RUN   TestPublicCatalogStructsHaveNoHostPathFields\n"}
{"Time":"2026-09-28T23:40:48.0278383+05:30","Action":"output","Package":"resonance","Test":"TestPublicCatalogStructsHaveNoHostPathFields","Output":"--- PASS: TestPublicCatalogStructsHaveNoHostPathFields (0.00s)\n"}
{"Time":"2026-09-28T23:40:48.0278383+05:30","Action":"pass","Package":"resonance","Test":"TestPublicCatalogStructsHaveNoHostPathFields","Elapsed":0}
{"Time":"2026-09-28T23:40:48.0278383+05:30","Action":"run","Package":"resonance","Test":"TestVerifiedArtworkRejectsWrongHashAndMIME"}
{"Time":"2026-09-28T23:40:48.0278383+05:30","Action":"output","Package":"resonance","Test":"TestVerifiedArtworkRejectsWrongHashAndMIME","Output":"=== RUN   TestVerifiedArtworkRejectsWrongHashAndMIME\n"}
{"Time":"2026-09-28T23:40:48.041138+05:30","Action":"output","Package":"resonance","Test":"TestVerifiedArtworkRejectsWrongHashAndMIME","Output":"--- PASS: TestVerifiedArtworkRejectsWrongHashAndMIME (0.01s)\n"}
{"Time":"2026-09-28T23:40:48.0417094+05:30","Action":"pass","Package":"resonance","Test":"TestVerifiedArtworkRejectsWrongHashAndMIME","Elapsed":0.01}
{"Time":"2026-09-28T23:40:48.0417094+05:30","Action":"run","Package":"resonance","Test":"TestStoredMediaPathValidation"}
{"Time":"2026-09-28T23:40:48.0417094+05:30","Action":"output","Package":"resonance","Test":"TestStoredMediaPathValidation","Output":"=== RUN   TestStoredMediaPathValidation\n"}
{"Time":"2026-09-28T23:40:48.0417094+05:30","Action":"output","Package":"resonance","Test":"TestStoredMediaPathValidation","Output":"--- PASS: TestStoredMediaPathValidation (0.00s)\n"}
{"Time":"2026-09-28T23:40:48.0417094+05:30","Action":"pass","Package":"resonance","Test":"TestStoredMediaPathValidation","Elapsed":0}
{"Time":"2026-09-28T23:40:48.0417094+05:30","Action":"run","Package":"resonance","Test":"TestCatalogOpenRejectsLinksAndChangedNativeEvidence"}
{"Time":"2026-09-28T23:40:48.0417094+05:30","Action":"output","Package":"resonance","Test":"TestCatalogOpenRejectsLinksAndChangedNativeEvidence","Output":"=== RUN   TestCatalogOpenRejectsLinksAndChangedNativeEvidence\n"}
{"Time":"2026-09-28T23:40:48.0562057+05:30","Action":"output","Package":"resonance","Test":"TestCatalogOpenRejectsLinksAndChangedNativeEvidence","Output":"--- PASS: TestCatalogOpenRejectsLinksAndChangedNativeEvidence (0.01s)\n"}
{"Time":"2026-09-28T23:40:48.0562057+05:30","Action":"pass","Package":"resonance","Test":"TestCatalogOpenRejectsLinksAndChangedNativeEvidence","Elapsed":0.01}
{"Time":"2026-09-28T23:40:48.0562057+05:30","Action":"run","Package":"resonance","Test":"TestCatalogOpenRejectsPathReplacementAfterOpen"}
{"Time":"2026-09-28T23:40:48.0562057+05:30","Action":"output","Package":"resonance","Test":"TestCatalogOpenRejectsPathReplacementAfterOpen","Output":"=== RUN   TestCatalogOpenRejectsPathReplacementAfterOpen\n"}
{"Time":"2026-09-28T23:40:48.0696569+05:30","Action":"output","Package":"resonance","Test":"TestCatalogOpenRejectsPathReplacementAfterOpen","Output":"--- PASS: TestCatalogOpenRejectsPathReplacementAfterOpen (0.01s)\n"}
{"Time":"2026-09-28T23:40:48.0702244+05:30","Action":"pass","Package":"resonance","Test":"TestCatalogOpenRejectsPathReplacementAfterOpen","Elapsed":0.01}
{"Time":"2026-09-28T23:40:48.0702244+05:30","Action":"run","Package":"resonance","Test":"TestCatalogOpenRejectsRedirectedEnrolledRoot"}
{"Time":"2026-09-28T23:40:48.0702244+05:30","Action":"output","Package":"resonance","Test":"TestCatalogOpenRejectsRedirectedEnrolledRoot","Output":"=== RUN   TestCatalogOpenRejectsRedirectedEnrolledRoot\n"}
{"Time":"2026-09-28T23:40:48.7922334+05:30","Action":"output","Package":"resonance","Test":"TestCatalogOpenRejectsRedirectedEnrolledRoot","Output":"--- PASS: TestCatalogOpenRejectsRedirectedEnrolledRoot (0.72s)\n"}
{"Time":"2026-09-28T23:40:48.7927964+05:30","Action":"pass","Package":"resonance","Test":"TestCatalogOpenRejectsRedirectedEnrolledRoot","Elapsed":0.72}
{"Time":"2026-09-28T23:40:48.7927964+05:30","Action":"run","Package":"resonance","Test":"TestM16BenchmarkIndexedRangeDuringUserLibraryWrite"}
{"Time":"2026-09-28T23:40:48.7927964+05:30","Action":"output","Package":"resonance","Test":"TestM16BenchmarkIndexedRangeDuringUserLibraryWrite","Output":"=== RUN   TestM16BenchmarkIndexedRangeDuringUserLibraryWrite\n"}
{"Time":"2026-09-28T23:40:48.7927964+05:30","Action":"output","Package":"resonance","Test":"TestM16BenchmarkIndexedRangeDuringUserLibraryWrite","Output":"    m16_http_benchmark_integration_test.go:40: set RESONANCE_M16_RANGE_BENCHMARK_OUTPUT to write Range/write overlap evidence\n"}
{"Time":"2026-09-28T23:40:48.7927964+05:30","Action":"output","Package":"resonance","Test":"TestM16BenchmarkIndexedRangeDuringUserLibraryWrite","Output":"--- SKIP: TestM16BenchmarkIndexedRangeDuringUserLibraryWrite (0.00s)\n"}
{"Time":"2026-09-28T23:40:48.7927964+05:30","Action":"skip","Package":"resonance","Test":"TestM16BenchmarkIndexedRangeDuringUserLibraryWrite","Elapsed":0}
{"Time":"2026-09-28T23:40:48.7927964+05:30","Action":"run","Package":"resonance","Test":"TestM16DiagnosticsRemainSeparateFromReadiness"}
{"Time":"2026-09-28T23:40:48.7927964+05:30","Action":"output","Package":"resonance","Test":"TestM16DiagnosticsRemainSeparateFromReadiness","Output":"=== RUN   TestM16DiagnosticsRemainSeparateFromReadiness\n"}
{"Time":"2026-09-28T23:40:48.7990391+05:30","Action":"output","Package":"resonance","Test":"TestM16DiagnosticsRemainSeparateFromReadiness","Output":"--- PASS: TestM16DiagnosticsRemainSeparateFromReadiness (0.01s)\n"}
{"Time":"2026-09-28T23:40:48.799611+05:30","Action":"pass","Package":"resonance","Test":"TestM16DiagnosticsRemainSeparateFromReadiness","Elapsed":0.01}
{"Time":"2026-09-28T23:40:48.799611+05:30","Action":"run","Package":"resonance","Test":"TestM17ChangedMediaHTTPConcurrency"}
{"Time":"2026-09-28T23:40:48.799611+05:30","Action":"output","Package":"resonance","Test":"TestM17ChangedMediaHTTPConcurrency","Output":"=== RUN   TestM17ChangedMediaHTTPConcurrency\n"}
{"Time":"2026-09-28T23:40:48.799611+05:30","Action":"output","Package":"resonance","Test":"TestM17ChangedMediaHTTPConcurrency","Output":"    m17_concurrency_benchmark_integration_test.go:54: explicit M1.7 changed-media benchmark only\n"}
{"Time":"2026-09-28T23:40:48.799611+05:30","Action":"output","Package":"resonance","Test":"TestM17ChangedMediaHTTPConcurrency","Output":"--- SKIP: TestM17ChangedMediaHTTPConcurrency (0.00s)\n"}
{"Time":"2026-09-28T23:40:48.799611+05:30","Action":"skip","Package":"resonance","Test":"TestM17ChangedMediaHTTPConcurrency","Elapsed":0}
{"Time":"2026-09-28T23:40:48.799611+05:30","Action":"run","Package":"resonance","Test":"TestM17MeasuredIntervalOverlap"}
{"Time":"2026-09-28T23:40:48.799611+05:30","Action":"output","Package":"resonance","Test":"TestM17MeasuredIntervalOverlap","Output":"=== RUN   TestM17MeasuredIntervalOverlap\n"}
{"Time":"2026-09-28T23:40:48.799611+05:30","Action":"run","Package":"resonance","Test":"TestM17MeasuredIntervalOverlap/positive"}
{"Time":"2026-09-28T23:40:48.799611+05:30","Action":"output","Package":"resonance","Test":"TestM17MeasuredIntervalOverlap/positive","Output":"=== RUN   TestM17MeasuredIntervalOverlap/positive\n"}
{"Time":"2026-09-28T23:40:48.799611+05:30","Action":"output","Package":"resonance","Test":"TestM17MeasuredIntervalOverlap/positive","Output":"--- PASS: TestM17MeasuredIntervalOverlap/positive (0.00s)\n"}
{"Time":"2026-09-28T23:40:48.799611+05:30","Action":"pass","Package":"resonance","Test":"TestM17MeasuredIntervalOverlap/positive","Elapsed":0}
{"Time":"2026-09-28T23:40:48.799611+05:30","Action":"run","Package":"resonance","Test":"TestM17MeasuredIntervalOverlap/touching"}
{"Time":"2026-09-28T23:40:48.799611+05:30","Action":"output","Package":"resonance","Test":"TestM17MeasuredIntervalOverlap/touching","Output":"=== RUN   TestM17MeasuredIntervalOverlap/touching\n"}
{"Time":"2026-09-28T23:40:48.799611+05:30","Action":"output","Package":"resonance","Test":"TestM17MeasuredIntervalOverlap/touching","Output":"--- PASS: TestM17MeasuredIntervalOverlap/touching (0.00s)\n"}
{"Time":"2026-09-28T23:40:48.799611+05:30","Action":"pass","Package":"resonance","Test":"TestM17MeasuredIntervalOverlap/touching","Elapsed":0}
{"Time":"2026-09-28T23:40:48.799611+05:30","Action":"run","Package":"resonance","Test":"TestM17MeasuredIntervalOverlap/zero_inside"}
{"Time":"2026-09-28T23:40:48.799611+05:30","Action":"output","Package":"resonance","Test":"TestM17MeasuredIntervalOverlap/zero_inside","Output":"=== RUN   TestM17MeasuredIntervalOverlap/zero_inside\n"}
{"Time":"2026-09-28T23:40:48.799611+05:30","Action":"output","Package":"resonance","Test":"TestM17MeasuredIntervalOverlap/zero_inside","Output":"--- PASS: TestM17MeasuredIntervalOverlap/zero_inside (0.00s)\n"}
{"Time":"2026-09-28T23:40:48.799611+05:30","Action":"pass","Package":"resonance","Test":"TestM17MeasuredIntervalOverlap/zero_inside","Elapsed":0}
{"Time":"2026-09-28T23:40:48.799611+05:30","Action":"run","Package":"resonance","Test":"TestM17MeasuredIntervalOverlap/reversed"}
{"Time":"2026-09-28T23:40:48.799611+05:30","Action":"output","Package":"resonance","Test":"TestM17MeasuredIntervalOverlap/reversed","Output":"=== RUN   TestM17MeasuredIntervalOverlap/reversed\n"}
{"Time":"2026-09-28T23:40:48.799611+05:30","Action":"output","Package":"resonance","Test":"TestM17MeasuredIntervalOverlap/reversed","Output":"--- PASS: TestM17MeasuredIntervalOverlap/reversed (0.00s)\n"}
{"Time":"2026-09-28T23:40:48.799611+05:30","Action":"pass","Package":"resonance","Test":"TestM17MeasuredIntervalOverlap/reversed","Elapsed":0}
{"Time":"2026-09-28T23:40:48.799611+05:30","Action":"run","Package":"resonance","Test":"TestM17MeasuredIntervalOverlap/disjoint"}
{"Time":"2026-09-28T23:40:48.799611+05:30","Action":"output","Package":"resonance","Test":"TestM17MeasuredIntervalOverlap/disjoint","Output":"=== RUN   TestM17MeasuredIntervalOverlap/disjoint\n"}
{"Time":"2026-09-28T23:40:48.799611+05:30","Action":"output","Package":"resonance","Test":"TestM17MeasuredIntervalOverlap/disjoint","Output":"--- PASS: TestM17MeasuredIntervalOverlap/disjoint (0.00s)\n"}
{"Time":"2026-09-28T23:40:48.799611+05:30","Action":"pass","Package":"resonance","Test":"TestM17MeasuredIntervalOverlap/disjoint","Elapsed":0}
{"Time":"2026-09-28T23:40:48.799611+05:30","Action":"output","Package":"resonance","Test":"TestM17MeasuredIntervalOverlap","Output":"--- PASS: TestM17MeasuredIntervalOverlap (0.00s)\n"}
{"Time":"2026-09-28T23:40:48.799611+05:30","Action":"pass","Package":"resonance","Test":"TestM17MeasuredIntervalOverlap","Elapsed":0}
{"Time":"2026-09-28T23:40:48.799611+05:30","Action":"run","Package":"resonance","Test":"TestM17PlaylistSupportedCapBenchmark"}
{"Time":"2026-09-28T23:40:48.799611+05:30","Action":"output","Package":"resonance","Test":"TestM17PlaylistSupportedCapBenchmark","Output":"=== RUN   TestM17PlaylistSupportedCapBenchmark\n"}
{"Time":"2026-09-28T23:40:48.799611+05:30","Action":"output","Package":"resonance","Test":"TestM17PlaylistSupportedCapBenchmark","Output":"    m17_playlist_benchmark_integration_test.go:23: explicit 5000-entry playlist evidence run\n"}
{"Time":"2026-09-28T23:40:48.799611+05:30","Action":"output","Package":"resonance","Test":"TestM17PlaylistSupportedCapBenchmark","Output":"--- SKIP: TestM17PlaylistSupportedCapBenchmark (0.00s)\n"}
{"Time":"2026-09-28T23:40:48.799611+05:30","Action":"skip","Package":"resonance","Test":"TestM17PlaylistSupportedCapBenchmark","Elapsed":0}
{"Time":"2026-09-28T23:40:48.799611+05:30","Action":"run","Package":"resonance","Test":"TestM17NormalShutdownStreamPersistenceAndLostResponse"}
{"Time":"2026-09-28T23:40:48.799611+05:30","Action":"output","Package":"resonance","Test":"TestM17NormalShutdownStreamPersistenceAndLostResponse","Output":"=== RUN   TestM17NormalShutdownStreamPersistenceAndLostResponse\n"}
{"Time":"2026-09-28T23:40:48.8007385+05:30","Action":"output","Package":"resonance","Test":"TestM17NormalShutdownStreamPersistenceAndLostResponse","Output":"    m17_process_windows_integration_test.go:95: failed to connect to `user=resonance database=resonance_m17_test`: 127.0.0.1:55439 (127.0.0.1): dial error: dial tcp 127.0.0.1:55439: connectex: No connection could be made because the target machine actively refused it.\n"}
{"Time":"2026-09-28T23:40:48.8007385+05:30","Action":"output","Package":"resonance","Test":"TestM17NormalShutdownStreamPersistenceAndLostResponse","Output":"--- FAIL: TestM17NormalShutdownStreamPersistenceAndLostResponse (0.00s)\n"}
{"Time":"2026-09-28T23:40:48.8007385+05:30","Action":"fail","Package":"resonance","Test":"TestM17NormalShutdownStreamPersistenceAndLostResponse","Elapsed":0}
{"Time":"2026-09-28T23:40:48.8007385+05:30","Action":"run","Package":"resonance","Test":"TestM17ConfiguredStartupRejection"}
{"Time":"2026-09-28T23:40:48.8007385+05:30","Action":"output","Package":"resonance","Test":"TestM17ConfiguredStartupRejection","Output":"=== RUN   TestM17ConfiguredStartupRejection\n"}
{"Time":"2026-09-28T23:40:48.8007385+05:30","Action":"run","Package":"resonance","Test":"TestM17ConfiguredStartupRejection/unreachable"}
{"Time":"2026-09-28T23:40:48.8007385+05:30","Action":"output","Package":"resonance","Test":"TestM17ConfiguredStartupRejection/unreachable","Output":"=== RUN   TestM17ConfiguredStartupRejection/unreachable\n"}
{"Time":"2026-09-28T23:40:48.801845+05:30","Action":"output","Package":"resonance","Test":"TestM17ConfiguredStartupRejection/unreachable","Output":"    m17_process_windows_integration_test.go:224: failed to connect to `user=resonance database=resonance_m17_test`: 127.0.0.1:55439 (127.0.0.1): dial error: dial tcp 127.0.0.1:55439: connectex: No connection could be made because the target machine actively refused it.\n"}
{"Time":"2026-09-28T23:40:48.801845+05:30","Action":"output","Package":"resonance","Test":"TestM17ConfiguredStartupRejection/unreachable","Output":"--- FAIL: TestM17ConfiguredStartupRejection/unreachable (0.00s)\n"}
{"Time":"2026-09-28T23:40:48.801845+05:30","Action":"fail","Package":"resonance","Test":"TestM17ConfiguredStartupRejection/unreachable","Elapsed":0}
{"Time":"2026-09-28T23:40:48.801845+05:30","Action":"run","Package":"resonance","Test":"TestM17ConfiguredStartupRejection/damaged"}
{"Time":"2026-09-28T23:40:48.801845+05:30","Action":"output","Package":"resonance","Test":"TestM17ConfiguredStartupRejection/damaged","Output":"=== RUN   TestM17ConfiguredStartupRejection/damaged\n"}
{"Time":"2026-09-28T23:40:48.8029076+05:30","Action":"output","Package":"resonance","Test":"TestM17ConfiguredStartupRejection/damaged","Output":"    m17_process_windows_integration_test.go:224: failed to connect to `user=resonance database=resonance_m17_test`: 127.0.0.1:55439 (127.0.0.1): dial error: dial tcp 127.0.0.1:55439: connectex: No connection could be made because the target machine actively refused it.\n"}
{"Time":"2026-09-28T23:40:48.8029076+05:30","Action":"output","Package":"resonance","Test":"TestM17ConfiguredStartupRejection/damaged","Output":"--- FAIL: TestM17ConfiguredStartupRejection/damaged (0.00s)\n"}
{"Time":"2026-09-28T23:40:48.8029076+05:30","Action":"fail","Package":"resonance","Test":"TestM17ConfiguredStartupRejection/damaged","Elapsed":0}
{"Time":"2026-09-28T23:40:48.8029076+05:30","Action":"run","Package":"resonance","Test":"TestM17ConfiguredStartupRejection/pending"}
{"Time":"2026-09-28T23:40:48.8029076+05:30","Action":"output","Package":"resonance","Test":"TestM17ConfiguredStartupRejection/pending","Output":"=== RUN   TestM17ConfiguredStartupRejection/pending\n"}
{"Time":"2026-09-28T23:40:48.8034318+05:30","Action":"output","Package":"resonance","Test":"TestM17ConfiguredStartupRejection/pending","Output":"    m17_process_windows_integration_test.go:224: failed to connect to `user=resonance database=resonance_m17_test`: 127.0.0.1:55439 (127.0.0.1): dial error: dial tcp 127.0.0.1:55439: connectex: No connection could be made because the target machine actively refused it.\n"}
{"Time":"2026-09-28T23:40:48.8034318+05:30","Action":"output","Package":"resonance","Test":"TestM17ConfiguredStartupRejection/pending","Output":"--- FAIL: TestM17ConfiguredStartupRejection/pending (0.00s)\n"}
{"Time":"2026-09-28T23:40:48.8034318+05:30","Action":"fail","Package":"resonance","Test":"TestM17ConfiguredStartupRejection/pending","Elapsed":0}
{"Time":"2026-09-28T23:40:48.8034318+05:30","Action":"output","Package":"resonance","Test":"TestM17ConfiguredStartupRejection","Output":"--- FAIL: TestM17ConfiguredStartupRejection (0.00s)\n"}
{"Time":"2026-09-28T23:40:48.8034318+05:30","Action":"fail","Package":"resonance","Test":"TestM17ConfiguredStartupRejection","Elapsed":0}
{"Time":"2026-09-28T23:40:48.8034318+05:30","Action":"run","Package":"resonance","Test":"TestM17AllPublicRoutesPrivacyAndConfinementCanaries"}
{"Time":"2026-09-28T23:40:48.8034318+05:30","Action":"output","Package":"resonance","Test":"TestM17AllPublicRoutesPrivacyAndConfinementCanaries","Output":"=== RUN   TestM17AllPublicRoutesPrivacyAndConfinementCanaries\n"}
{"Time":"2026-09-28T23:40:48.8046237+05:30","Action":"output","Package":"resonance","Test":"TestM17AllPublicRoutesPrivacyAndConfinementCanaries","Output":"    m17_security_integration_test.go:22: failed to connect to `user=resonance database=resonance_m17_test`: 127.0.0.1:55439 (127.0.0.1): dial error: dial tcp 127.0.0.1:55439: connectex: No connection could be made because the target machine actively refused it.\n"}
{"Time":"2026-09-28T23:40:48.8046237+05:30","Action":"output","Package":"resonance","Test":"TestM17AllPublicRoutesPrivacyAndConfinementCanaries","Output":"--- FAIL: TestM17AllPublicRoutesPrivacyAndConfinementCanaries (0.00s)\n"}
{"Time":"2026-09-28T23:40:48.8046237+05:30","Action":"fail","Package":"resonance","Test":"TestM17AllPublicRoutesPrivacyAndConfinementCanaries","Elapsed":0}
{"Time":"2026-09-28T23:40:48.8046237+05:30","Action":"run","Package":"resonance","Test":"TestSharedMediaPreHeaderFailureKeepsErrorResponse"}
{"Time":"2026-09-28T23:40:48.8051612+05:30","Action":"output","Package":"resonance","Test":"TestSharedMediaPreHeaderFailureKeepsErrorResponse","Output":"=== RUN   TestSharedMediaPreHeaderFailureKeepsErrorResponse\n"}
{"Time":"2026-09-28T23:40:48.8079366+05:30","Action":"output","Package":"resonance","Test":"TestSharedMediaPreHeaderFailureKeepsErrorResponse","Output":"--- PASS: TestSharedMediaPreHeaderFailureKeepsErrorResponse (0.00s)\n"}
{"Time":"2026-09-28T23:40:48.8079366+05:30","Action":"pass","Package":"resonance","Test":"TestSharedMediaPreHeaderFailureKeepsErrorResponse","Elapsed":0}
{"Time":"2026-09-28T23:40:48.8079366+05:30","Action":"run","Package":"resonance","Test":"TestReadinessSeparateFromLiveness"}
{"Time":"2026-09-28T23:40:48.8079366+05:30","Action":"output","Package":"resonance","Test":"TestReadinessSeparateFromLiveness","Output":"=== RUN   TestReadinessSeparateFromLiveness\n"}
{"Time":"2026-09-28T23:40:48.8084581+05:30","Action":"output","Package":"resonance","Test":"TestReadinessSeparateFromLiveness","Output":"--- PASS: TestReadinessSeparateFromLiveness (0.00s)\n"}
{"Time":"2026-09-28T23:40:48.8084581+05:30","Action":"pass","Package":"resonance","Test":"TestReadinessSeparateFromLiveness","Elapsed":0}
{"Time":"2026-09-28T23:40:48.8084581+05:30","Action":"run","Package":"resonance","Test":"TestDatabaseFailureDoesNotGateDemo"}
{"Time":"2026-09-28T23:40:48.8084581+05:30","Action":"output","Package":"resonance","Test":"TestDatabaseFailureDoesNotGateDemo","Output":"=== RUN   TestDatabaseFailureDoesNotGateDemo\n"}
{"Time":"2026-09-28T23:40:48.8124187+05:30","Action":"output","Package":"resonance","Test":"TestDatabaseFailureDoesNotGateDemo","Output":"--- PASS: TestDatabaseFailureDoesNotGateDemo (0.00s)\n"}
{"Time":"2026-09-28T23:40:48.8124187+05:30","Action":"pass","Package":"resonance","Test":"TestDatabaseFailureDoesNotGateDemo","Elapsed":0}
{"Time":"2026-09-28T23:40:48.8124187+05:30","Action":"run","Package":"resonance","Test":"TestReviewHTTPRangeSemantics"}
{"Time":"2026-09-28T23:40:48.8124187+05:30","Action":"output","Package":"resonance","Test":"TestReviewHTTPRangeSemantics","Output":"=== RUN   TestReviewHTTPRangeSemantics\n"}
{"Time":"2026-09-28T23:40:48.8140574+05:30","Action":"run","Package":"resonance","Test":"TestReviewHTTPRangeSemantics/HEAD_ignores_Range"}
{"Time":"2026-09-28T23:40:48.8140574+05:30","Action":"output","Package":"resonance","Test":"TestReviewHTTPRangeSemantics/HEAD_ignores_Range","Output":"=== RUN   TestReviewHTTPRangeSemantics/HEAD_ignores_Range\n"}
{"Time":"2026-09-28T23:40:48.8140574+05:30","Action":"output","Package":"resonance","Test":"TestReviewHTTPRangeSemantics/HEAD_ignores_Range","Output":"--- PASS: TestReviewHTTPRangeSemantics/HEAD_ignores_Range (0.00s)\n"}
{"Time":"2026-09-28T23:40:48.8146057+05:30","Action":"pass","Package":"resonance","Test":"TestReviewHTTPRangeSemantics/HEAD_ignores_Range","Elapsed":0}
{"Time":"2026-09-28T23:40:48.8146057+05:30","Action":"run","Package":"resonance","Test":"TestReviewHTTPRangeSemantics/HEAD_ignores_invalid_Range"}
{"Time":"2026-09-28T23:40:48.8146057+05:30","Action":"output","Package":"resonance","Test":"TestReviewHTTPRangeSemantics/HEAD_ignores_invalid_Range","Output":"=== RUN   TestReviewHTTPRangeSemantics/HEAD_ignores_invalid_Range\n"}
{"Time":"2026-09-28T23:40:48.8146057+05:30","Action":"output","Package":"resonance","Test":"TestReviewHTTPRangeSemantics/HEAD_ignores_invalid_Range","Output":"--- PASS: TestReviewHTTPRangeSemantics/HEAD_ignores_invalid_Range (0.00s)\n"}
{"Time":"2026-09-28T23:40:48.8146057+05:30","Action":"pass","Package":"resonance","Test":"TestReviewHTTPRangeSemantics/HEAD_ignores_invalid_Range","Elapsed":0}
{"Time":"2026-09-28T23:40:48.8146057+05:30","Action":"run","Package":"resonance","Test":"TestReviewHTTPRangeSemantics/unmatched_If-Range"}
{"Time":"2026-09-28T23:40:48.8146057+05:30","Action":"output","Package":"resonance","Test":"TestReviewHTTPRangeSemantics/unmatched_If-Range","Output":"=== RUN   TestReviewHTTPRangeSemantics/unmatched_If-Range\n"}
{"Time":"2026-09-28T23:40:48.8151421+05:30","Action":"output","Package":"resonance","Test":"TestReviewHTTPRangeSemantics/unmatched_If-Range","Output":"--- PASS: TestReviewHTTPRangeSemantics/unmatched_If-Range (0.00s)\n"}
{"Time":"2026-09-28T23:40:48.8151421+05:30","Action":"pass","Package":"resonance","Test":"TestReviewHTTPRangeSemantics/unmatched_If-Range","Elapsed":0}
{"Time":"2026-09-28T23:40:48.8151421+05:30","Action":"run","Package":"resonance","Test":"TestReviewHTTPRangeSemantics/unknown_unit"}
{"Time":"2026-09-28T23:40:48.8151421+05:30","Action":"output","Package":"resonance","Test":"TestReviewHTTPRangeSemantics/unknown_unit","Output":"=== RUN   TestReviewHTTPRangeSemantics/unknown_unit\n"}
{"Time":"2026-09-28T23:40:48.8156847+05:30","Action":"output","Package":"resonance","Test":"TestReviewHTTPRangeSemantics/unknown_unit","Output":"--- PASS: TestReviewHTTPRangeSemantics/unknown_unit (0.00s)\n"}
{"Time":"2026-09-28T23:40:48.8156847+05:30","Action":"pass","Package":"resonance","Test":"TestReviewHTTPRangeSemantics/unknown_unit","Elapsed":0}
{"Time":"2026-09-28T23:40:48.8156847+05:30","Action":"run","Package":"resonance","Test":"TestReviewHTTPRangeSemantics/multiple_ranges"}
{"Time":"2026-09-28T23:40:48.8156847+05:30","Action":"output","Package":"resonance","Test":"TestReviewHTTPRangeSemantics/multiple_ranges","Output":"=== RUN   TestReviewHTTPRangeSemantics/multiple_ranges\n"}
{"Time":"2026-09-28T23:40:48.8162239+05:30","Action":"output","Package":"resonance","Test":"TestReviewHTTPRangeSemantics/multiple_ranges","Output":"--- PASS: TestReviewHTTPRangeSemantics/multiple_ranges (0.00s)\n"}
{"Time":"2026-09-28T23:40:48.8162239+05:30","Action":"pass","Package":"resonance","Test":"TestReviewHTTPRangeSemantics/multiple_ranges","Elapsed":0}
{"Time":"2026-09-28T23:40:48.8162239+05:30","Action":"run","Package":"resonance","Test":"TestReviewHTTPRangeSemantics/large_end"}
{"Time":"2026-09-28T23:40:48.8162239+05:30","Action":"output","Package":"resonance","Test":"TestReviewHTTPRangeSemantics/large_end","Output":"=== RUN   TestReviewHTTPRangeSemantics/large_end\n"}
{"Time":"2026-09-28T23:40:48.8162239+05:30","Action":"output","Package":"resonance","Test":"TestReviewHTTPRangeSemantics/large_end","Output":"--- PASS: TestReviewHTTPRangeSemantics/large_end (0.00s)\n"}
{"Time":"2026-09-28T23:40:48.8162239+05:30","Action":"pass","Package":"resonance","Test":"TestReviewHTTPRangeSemantics/large_end","Elapsed":0}
{"Time":"2026-09-28T23:40:48.8162239+05:30","Action":"run","Package":"resonance","Test":"TestReviewHTTPRangeSemantics/large_suffix"}
{"Time":"2026-09-28T23:40:48.8162239+05:30","Action":"output","Package":"resonance","Test":"TestReviewHTTPRangeSemantics/large_suffix","Output":"=== RUN   TestReviewHTTPRangeSemantics/large_suffix\n"}
{"Time":"2026-09-28T23:40:48.8167527+05:30","Action":"output","Package":"resonance","Test":"TestReviewHTTPRangeSemantics/large_suffix","Output":"--- PASS: TestReviewHTTPRangeSemantics/large_suffix (0.00s)\n"}
{"Time":"2026-09-28T23:40:48.8167527+05:30","Action":"pass","Package":"resonance","Test":"TestReviewHTTPRangeSemantics/large_suffix","Elapsed":0}
{"Time":"2026-09-28T23:40:48.8167527+05:30","Action":"run","Package":"resonance","Test":"TestReviewHTTPRangeSemantics/large_start"}
{"Time":"2026-09-28T23:40:48.8167527+05:30","Action":"output","Package":"resonance","Test":"TestReviewHTTPRangeSemantics/large_start","Output":"=== RUN   TestReviewHTTPRangeSemantics/large_start\n"}
{"Time":"2026-09-28T23:40:48.8167527+05:30","Action":"output","Package":"resonance","Test":"TestReviewHTTPRangeSemantics/large_start","Output":"--- PASS: TestReviewHTTPRangeSemantics/large_start (0.00s)\n"}
{"Time":"2026-09-28T23:40:48.8167527+05:30","Action":"pass","Package":"resonance","Test":"TestReviewHTTPRangeSemantics/large_start","Elapsed":0}
{"Time":"2026-09-28T23:40:48.8189834+05:30","Action":"output","Package":"resonance","Test":"TestReviewHTTPRangeSemantics","Output":"--- PASS: TestReviewHTTPRangeSemantics (0.01s)\n"}
{"Time":"2026-09-28T23:40:48.8189834+05:30","Action":"pass","Package":"resonance","Test":"TestReviewHTTPRangeSemantics","Elapsed":0.01}
{"Time":"2026-09-28T23:40:48.8189834+05:30","Action":"run","Package":"resonance","Test":"TestReviewAllRequestsHaveIDs"}
{"Time":"2026-09-28T23:40:48.8189834+05:30","Action":"output","Package":"resonance","Test":"TestReviewAllRequestsHaveIDs","Output":"=== RUN   TestReviewAllRequestsHaveIDs\n"}
{"Time":"2026-09-28T23:40:48.9054214+05:30","Action":"output","Package":"resonance","Test":"TestReviewAllRequestsHaveIDs","Output":"--- PASS: TestReviewAllRequestsHaveIDs (0.09s)\n"}
{"Time":"2026-09-28T23:40:48.9064044+05:30","Action":"pass","Package":"resonance","Test":"TestReviewAllRequestsHaveIDs","Elapsed":0.09}
{"Time":"2026-09-28T23:40:48.9064044+05:30","Action":"run","Package":"resonance","Test":"TestReviewAlreadyCanceledDoesNotStream"}
{"Time":"2026-09-28T23:40:48.9064044+05:30","Action":"output","Package":"resonance","Test":"TestReviewAlreadyCanceledDoesNotStream","Output":"=== RUN   TestReviewAlreadyCanceledDoesNotStream\n"}
{"Time":"2026-09-28T23:40:48.90929+05:30","Action":"output","Package":"resonance","Test":"TestReviewAlreadyCanceledDoesNotStream","Output":"--- PASS: TestReviewAlreadyCanceledDoesNotStream (0.00s)\n"}
{"Time":"2026-09-28T23:40:48.90929+05:30","Action":"pass","Package":"resonance","Test":"TestReviewAlreadyCanceledDoesNotStream","Elapsed":0}
{"Time":"2026-09-28T23:40:48.90929+05:30","Action":"run","Package":"resonance","Test":"TestReviewRealDisconnect"}
{"Time":"2026-09-28T23:40:48.90929+05:30","Action":"output","Package":"resonance","Test":"TestReviewRealDisconnect","Output":"=== RUN   TestReviewRealDisconnect\n"}
{"Time":"2026-09-28T23:40:48.9251436+05:30","Action":"output","Package":"resonance","Test":"TestReviewRealDisconnect","Output":"--- PASS: TestReviewRealDisconnect (0.02s)\n"}
{"Time":"2026-09-28T23:40:48.9251436+05:30","Action":"pass","Package":"resonance","Test":"TestReviewRealDisconnect","Elapsed":0.02}
{"Time":"2026-09-28T23:40:48.9251436+05:30","Action":"run","Package":"resonance","Test":"TestReviewErrorRepresentation"}
{"Time":"2026-09-28T23:40:48.9251436+05:30","Action":"output","Package":"resonance","Test":"TestReviewErrorRepresentation","Output":"=== RUN   TestReviewErrorRepresentation\n"}
{"Time":"2026-09-28T23:40:48.932641+05:30","Action":"output","Package":"resonance","Test":"TestReviewErrorRepresentation","Output":"--- PASS: TestReviewErrorRepresentation (0.01s)\n"}
{"Time":"2026-09-28T23:40:48.932641+05:30","Action":"pass","Package":"resonance","Test":"TestReviewErrorRepresentation","Elapsed":0.01}
{"Time":"2026-09-28T23:40:48.932641+05:30","Action":"run","Package":"resonance","Test":"TestReviewMediaSymlinkCannotEscape"}
{"Time":"2026-09-28T23:40:48.932641+05:30","Action":"output","Package":"resonance","Test":"TestReviewMediaSymlinkCannotEscape","Output":"=== RUN   TestReviewMediaSymlinkCannotEscape\n"}
{"Time":"2026-09-28T23:40:48.9354172+05:30","Action":"output","Package":"resonance","Test":"TestReviewMediaSymlinkCannotEscape","Output":"    review_test.go:150: symlink creation unavailable: symlink <local-path>"}
{"Time":"2026-09-28T23:40:48.9376257+05:30","Action":"output","Package":"resonance","Test":"TestReviewMediaSymlinkCannotEscape","Output":"--- SKIP: TestReviewMediaSymlinkCannotEscape (0.00s)\n"}
{"Time":"2026-09-28T23:40:48.9376257+05:30","Action":"skip","Package":"resonance","Test":"TestReviewMediaSymlinkCannotEscape","Elapsed":0}
{"Time":"2026-09-28T23:40:48.9376257+05:30","Action":"run","Package":"resonance","Test":"TestReviewStaticAssetsAreEmbedded"}
{"Time":"2026-09-28T23:40:48.9376257+05:30","Action":"output","Package":"resonance","Test":"TestReviewStaticAssetsAreEmbedded","Output":"=== RUN   TestReviewStaticAssetsAreEmbedded\n"}
{"Time":"2026-09-28T23:40:48.9442541+05:30","Action":"output","Package":"resonance","Test":"TestReviewStaticAssetsAreEmbedded","Output":"--- PASS: TestReviewStaticAssetsAreEmbedded (0.01s)\n"}
{"Time":"2026-09-28T23:40:48.9442541+05:30","Action":"pass","Package":"resonance","Test":"TestReviewStaticAssetsAreEmbedded","Elapsed":0.01}
{"Time":"2026-09-28T23:40:48.9442541+05:30","Action":"run","Package":"resonance","Test":"TestReviewCopyStopsOnReadFailure"}
{"Time":"2026-09-28T23:40:48.9442541+05:30","Action":"output","Package":"resonance","Test":"TestReviewCopyStopsOnReadFailure","Output":"=== RUN   TestReviewCopyStopsOnReadFailure\n"}
{"Time":"2026-09-28T23:40:48.9442541+05:30","Action":"output","Package":"resonance","Test":"TestReviewCopyStopsOnReadFailure","Output":"--- PASS: TestReviewCopyStopsOnReadFailure (0.00s)\n"}
{"Time":"2026-09-28T23:40:48.9442541+05:30","Action":"pass","Package":"resonance","Test":"TestReviewCopyStopsOnReadFailure","Elapsed":0}
{"Time":"2026-09-28T23:40:48.9442541+05:30","Action":"run","Package":"resonance","Test":"TestReviewTelemetrySeparatesRequestedAndSelected"}
{"Time":"2026-09-28T23:40:48.9442541+05:30","Action":"output","Package":"resonance","Test":"TestReviewTelemetrySeparatesRequestedAndSelected","Output":"=== RUN   TestReviewTelemetrySeparatesRequestedAndSelected\n"}
{"Time":"2026-09-28T23:40:48.9488026+05:30","Action":"output","Package":"resonance","Test":"TestReviewTelemetrySeparatesRequestedAndSelected","Output":"--- PASS: TestReviewTelemetrySeparatesRequestedAndSelected (0.00s)\n"}
{"Time":"2026-09-28T23:40:48.9488026+05:30","Action":"pass","Package":"resonance","Test":"TestReviewTelemetrySeparatesRequestedAndSelected","Elapsed":0}
{"Time":"2026-09-28T23:40:48.9488026+05:30","Action":"run","Package":"resonance","Test":"TestReviewTruncationAbortsAndLogsIncomplete"}
{"Time":"2026-09-28T23:40:48.9488026+05:30","Action":"output","Package":"resonance","Test":"TestReviewTruncationAbortsAndLogsIncomplete","Output":"=== RUN   TestReviewTruncationAbortsAndLogsIncomplete\n"}
{"Time":"2026-09-28T23:40:48.9532655+05:30","Action":"output","Package":"resonance","Test":"TestReviewTruncationAbortsAndLogsIncomplete","Output":"--- PASS: TestReviewTruncationAbortsAndLogsIncomplete (0.00s)\n"}
{"Time":"2026-09-28T23:40:48.9532655+05:30","Action":"pass","Package":"resonance","Test":"TestReviewTruncationAbortsAndLogsIncomplete","Elapsed":0}
{"Time":"2026-09-28T23:40:48.9532655+05:30","Action":"run","Package":"resonance","Test":"TestReviewWindowsStyleClientPaths"}
{"Time":"2026-09-28T23:40:48.9532655+05:30","Action":"output","Package":"resonance","Test":"TestReviewWindowsStyleClientPaths","Output":"=== RUN   TestReviewWindowsStyleClientPaths\n"}
{"Time":"2026-09-28T23:40:48.9568694+05:30","Action":"output","Package":"resonance","Test":"TestReviewWindowsStyleClientPaths","Output":"--- PASS: TestReviewWindowsStyleClientPaths (0.00s)\n"}
{"Time":"2026-09-28T23:40:48.9568694+05:30","Action":"pass","Package":"resonance","Test":"TestReviewWindowsStyleClientPaths","Elapsed":0}
{"Time":"2026-09-28T23:40:48.9568694+05:30","Action":"run","Package":"resonance","Test":"TestWindowsJunctionContainment"}
{"Time":"2026-09-28T23:40:48.9568694+05:30","Action":"output","Package":"resonance","Test":"TestWindowsJunctionContainment","Output":"=== RUN   TestWindowsJunctionContainment\n"}
{"Time":"2026-09-28T23:40:49.5004282+05:30","Action":"output","Package":"resonance","Test":"TestWindowsJunctionContainment","Output":"--- PASS: TestWindowsJunctionContainment (0.54s)\n"}
{"Time":"2026-09-28T23:40:49.5004282+05:30","Action":"pass","Package":"resonance","Test":"TestWindowsJunctionContainment","Elapsed":0.54}
{"Time":"2026-09-28T23:40:49.5004282+05:30","Action":"run","Package":"resonance","Test":"TestHealthAndMetadata"}
{"Time":"2026-09-28T23:40:49.5004282+05:30","Action":"output","Package":"resonance","Test":"TestHealthAndMetadata","Output":"=== RUN   TestHealthAndMetadata\n"}
{"Time":"2026-09-28T23:40:49.5025782+05:30","Action":"output","Package":"resonance","Test":"TestHealthAndMetadata","Output":"--- PASS: TestHealthAndMetadata (0.00s)\n"}
{"Time":"2026-09-28T23:40:49.5025782+05:30","Action":"pass","Package":"resonance","Test":"TestHealthAndMetadata","Elapsed":0}
{"Time":"2026-09-28T23:40:49.5025782+05:30","Action":"run","Package":"resonance","Test":"TestMediaRanges"}
{"Time":"2026-09-28T23:40:49.5025782+05:30","Action":"output","Package":"resonance","Test":"TestMediaRanges","Output":"=== RUN   TestMediaRanges\n"}
{"Time":"2026-09-28T23:40:49.503615+05:30","Action":"run","Package":"resonance","Test":"TestMediaRanges/full"}
{"Time":"2026-09-28T23:40:49.5041333+05:30","Action":"output","Package":"resonance","Test":"TestMediaRanges/full","Output":"=== RUN   TestMediaRanges/full\n"}
{"Time":"2026-09-28T23:40:49.5041333+05:30","Action":"output","Package":"resonance","Test":"TestMediaRanges/full","Output":"--- PASS: TestMediaRanges/full (0.00s)\n"}
{"Time":"2026-09-28T23:40:49.5046937+05:30","Action":"pass","Package":"resonance","Test":"TestMediaRanges/full","Elapsed":0}
{"Time":"2026-09-28T23:40:49.5046937+05:30","Action":"run","Package":"resonance","Test":"TestMediaRanges/bounded"}
{"Time":"2026-09-28T23:40:49.5046937+05:30","Action":"output","Package":"resonance","Test":"TestMediaRanges/bounded","Output":"=== RUN   TestMediaRanges/bounded\n"}
{"Time":"2026-09-28T23:40:49.5046937+05:30","Action":"output","Package":"resonance","Test":"TestMediaRanges/bounded","Output":"--- PASS: TestMediaRanges/bounded (0.00s)\n"}
{"Time":"2026-09-28T23:40:49.5046937+05:30","Action":"pass","Package":"resonance","Test":"TestMediaRanges/bounded","Elapsed":0}
{"Time":"2026-09-28T23:40:49.5046937+05:30","Action":"run","Package":"resonance","Test":"TestMediaRanges/open"}
{"Time":"2026-09-28T23:40:49.5046937+05:30","Action":"output","Package":"resonance","Test":"TestMediaRanges/open","Output":"=== RUN   TestMediaRanges/open\n"}
{"Time":"2026-09-28T23:40:49.5052265+05:30","Action":"output","Package":"resonance","Test":"TestMediaRanges/open","Output":"--- PASS: TestMediaRanges/open (0.00s)\n"}
{"Time":"2026-09-28T23:40:49.5052265+05:30","Action":"pass","Package":"resonance","Test":"TestMediaRanges/open","Elapsed":0}
{"Time":"2026-09-28T23:40:49.5052265+05:30","Action":"run","Package":"resonance","Test":"TestMediaRanges/suffix"}
{"Time":"2026-09-28T23:40:49.5052265+05:30","Action":"output","Package":"resonance","Test":"TestMediaRanges/suffix","Output":"=== RUN   TestMediaRanges/suffix\n"}
{"Time":"2026-09-28T23:40:49.5059047+05:30","Action":"output","Package":"resonance","Test":"TestMediaRanges/suffix","Output":"--- PASS: TestMediaRanges/suffix (0.00s)\n"}
{"Time":"2026-09-28T23:40:49.5059047+05:30","Action":"pass","Package":"resonance","Test":"TestMediaRanges/suffix","Elapsed":0}
{"Time":"2026-09-28T23:40:49.5059047+05:30","Action":"run","Package":"resonance","Test":"TestMediaRanges/clamped"}
{"Time":"2026-09-28T23:40:49.5059047+05:30","Action":"output","Package":"resonance","Test":"TestMediaRanges/clamped","Output":"=== RUN   TestMediaRanges/clamped\n"}
{"Time":"2026-09-28T23:40:49.5064444+05:30","Action":"output","Package":"resonance","Test":"TestMediaRanges/clamped","Output":"--- PASS: TestMediaRanges/clamped (0.00s)\n"}
{"Time":"2026-09-28T23:40:49.5064444+05:30","Action":"pass","Package":"resonance","Test":"TestMediaRanges/clamped","Elapsed":0}
{"Time":"2026-09-28T23:40:49.5064444+05:30","Action":"run","Package":"resonance","Test":"TestMediaRanges/tiny"}
{"Time":"2026-09-28T23:40:49.5064444+05:30","Action":"output","Package":"resonance","Test":"TestMediaRanges/tiny","Output":"=== RUN   TestMediaRanges/tiny\n"}
{"Time":"2026-09-28T23:40:49.5069768+05:30","Action":"output","Package":"resonance","Test":"TestMediaRanges/tiny","Output":"--- PASS: TestMediaRanges/tiny (0.00s)\n"}
{"Time":"2026-09-28T23:40:49.5069768+05:30","Action":"pass","Package":"resonance","Test":"TestMediaRanges/tiny","Elapsed":0}
{"Time":"2026-09-28T23:40:49.5080515+05:30","Action":"output","Package":"resonance","Test":"TestMediaRanges","Output":"--- PASS: TestMediaRanges (0.01s)\n"}
{"Time":"2026-09-28T23:40:49.5080515+05:30","Action":"pass","Package":"resonance","Test":"TestMediaRanges","Elapsed":0.01}
{"Time":"2026-09-28T23:40:49.5080515+05:30","Action":"run","Package":"resonance","Test":"TestMediaHead"}
{"Time":"2026-09-28T23:40:49.5080515+05:30","Action":"output","Package":"resonance","Test":"TestMediaHead","Output":"=== RUN   TestMediaHead\n"}
{"Time":"2026-09-28T23:40:49.5113842+05:30","Action":"output","Package":"resonance","Test":"TestMediaHead","Output":"--- PASS: TestMediaHead (0.00s)\n"}
{"Time":"2026-09-28T23:40:49.5113842+05:30","Action":"pass","Package":"resonance","Test":"TestMediaHead","Elapsed":0}
{"Time":"2026-09-28T23:40:49.5113842+05:30","Action":"run","Package":"resonance","Test":"TestInvalidRangesAndUnknownID"}
{"Time":"2026-09-28T23:40:49.5113842+05:30","Action":"output","Package":"resonance","Test":"TestInvalidRangesAndUnknownID","Output":"=== RUN   TestInvalidRangesAndUnknownID\n"}
{"Time":"2026-09-28T23:40:49.5162435+05:30","Action":"output","Package":"resonance","Test":"TestInvalidRangesAndUnknownID","Output":"--- PASS: TestInvalidRangesAndUnknownID (0.00s)\n"}
{"Time":"2026-09-28T23:40:49.5162435+05:30","Action":"pass","Package":"resonance","Test":"TestInvalidRangesAndUnknownID","Elapsed":0}
{"Time":"2026-09-28T23:40:49.5162435+05:30","Action":"run","Package":"resonance","Test":"TestEmptyMissingAndTruncated"}
{"Time":"2026-09-28T23:40:49.5162435+05:30","Action":"output","Package":"resonance","Test":"TestEmptyMissingAndTruncated","Output":"=== RUN   TestEmptyMissingAndTruncated\n"}
{"Time":"2026-09-28T23:40:49.5199713+05:30","Action":"output","Package":"resonance","Test":"TestEmptyMissingAndTruncated","Output":"--- PASS: TestEmptyMissingAndTruncated (0.00s)\n"}
{"Time":"2026-09-28T23:40:49.5199713+05:30","Action":"pass","Package":"resonance","Test":"TestEmptyMissingAndTruncated","Elapsed":0}
{"Time":"2026-09-28T23:40:49.5199713+05:30","Action":"run","Package":"resonance","Test":"TestCancellationTelemetry"}
{"Time":"2026-09-28T23:40:49.5199713+05:30","Action":"output","Package":"resonance","Test":"TestCancellationTelemetry","Output":"=== RUN   TestCancellationTelemetry\n"}
{"Time":"2026-09-28T23:40:49.5234668+05:30","Action":"output","Package":"resonance","Test":"TestCancellationTelemetry","Output":"--- PASS: TestCancellationTelemetry (0.00s)\n"}
{"Time":"2026-09-28T23:40:49.5234668+05:30","Action":"pass","Package":"resonance","Test":"TestCancellationTelemetry","Elapsed":0}
{"Time":"2026-09-28T23:40:49.5234668+05:30","Action":"run","Package":"resonance","Test":"TestM15HTTPContractsAndPathBoundary"}
{"Time":"2026-09-28T23:40:49.5234668+05:30","Action":"output","Package":"resonance","Test":"TestM15HTTPContractsAndPathBoundary","Output":"=== RUN   TestM15HTTPContractsAndPathBoundary\n"}
{"Time":"2026-09-28T23:40:49.5245496+05:30","Action":"output","Package":"resonance","Test":"TestM15HTTPContractsAndPathBoundary","Output":"    user_library_http_integration_test.go:42: failed to connect to `user=resonance database=resonance_m17_test`: 127.0.0.1:55439 (127.0.0.1): dial error: dial tcp 127.0.0.1:55439: connectex: No connection could be made because the target machine actively refused it.\n"}
{"Time":"2026-09-28T23:40:49.5245496+05:30","Action":"output","Package":"resonance","Test":"TestM15HTTPContractsAndPathBoundary","Output":"--- FAIL: TestM15HTTPContractsAndPathBoundary (0.00s)\n"}
{"Time":"2026-09-28T23:40:49.5245496+05:30","Action":"fail","Package":"resonance","Test":"TestM15HTTPContractsAndPathBoundary","Elapsed":0}
{"Time":"2026-09-28T23:40:49.5245496+05:30","Action":"output","Package":"resonance","Output":"FAIL\n"}
{"Time":"2026-09-28T23:40:49.5320831+05:30","Action":"output","Package":"resonance","Output":"FAIL\tresonance\t1.589s\n"}
{"Time":"2026-09-28T23:40:49.5320831+05:30","Action":"fail","Package":"resonance","Elapsed":1.589}
{"Time":"2026-09-28T23:40:49.9882664+05:30","Action":"start","Package":"resonance/cmd/bench"}
{"Time":"2026-09-28T23:40:50.0503121+05:30","Action":"run","Package":"resonance/cmd/bench","Test":"TestPercentiles"}
{"Time":"2026-09-28T23:40:50.0503121+05:30","Action":"output","Package":"resonance/cmd/bench","Test":"TestPercentiles","Output":"=== RUN   TestPercentiles\n"}
{"Time":"2026-09-28T23:40:50.0508739+05:30","Action":"output","Package":"resonance/cmd/bench","Test":"TestPercentiles","Output":"--- PASS: TestPercentiles (0.00s)\n"}
{"Time":"2026-09-28T23:40:50.0508739+05:30","Action":"pass","Package":"resonance/cmd/bench","Test":"TestPercentiles","Elapsed":0}
{"Time":"2026-09-28T23:40:50.0508739+05:30","Action":"run","Package":"resonance/cmd/bench","Test":"TestRejectIncorrectRangeEvidence"}
{"Time":"2026-09-28T23:40:50.0508739+05:30","Action":"output","Package":"resonance/cmd/bench","Test":"TestRejectIncorrectRangeEvidence","Output":"=== RUN   TestRejectIncorrectRangeEvidence\n"}
{"Time":"2026-09-28T23:40:50.0508739+05:30","Action":"output","Package":"resonance/cmd/bench","Test":"TestRejectIncorrectRangeEvidence","Output":"--- PASS: TestRejectIncorrectRangeEvidence (0.00s)\n"}
{"Time":"2026-09-28T23:40:50.0508739+05:30","Action":"pass","Package":"resonance/cmd/bench","Test":"TestRejectIncorrectRangeEvidence","Elapsed":0}
{"Time":"2026-09-28T23:40:50.0508739+05:30","Action":"output","Package":"resonance/cmd/bench","Output":"PASS\n"}
{"Time":"2026-09-28T23:40:50.0553688+05:30","Action":"output","Package":"resonance/cmd/bench","Output":"ok  \tresonance/cmd/bench\t0.067s\n"}
{"Time":"2026-09-28T23:40:50.0553688+05:30","Action":"pass","Package":"resonance/cmd/bench","Elapsed":0.067}
{"Time":"2026-09-28T23:40:50.1138966+05:30","Action":"start","Package":"resonance/cmd/fixture"}
{"Time":"2026-09-28T23:40:50.1138966+05:30","Action":"output","Package":"resonance/cmd/fixture","Output":"?   \tresonance/cmd/fixture\t[no test files]\n"}
{"Time":"2026-09-28T23:40:50.1138966+05:30","Action":"skip","Package":"resonance/cmd/fixture","Elapsed":0}
{"Time":"2026-09-28T23:40:50.2075917+05:30","Action":"start","Package":"resonance/cmd/m14measure"}
{"Time":"2026-09-28T23:40:50.2075917+05:30","Action":"output","Package":"resonance/cmd/m14measure","Output":"?   \tresonance/cmd/m14measure\t[no test files]\n"}
{"Time":"2026-09-28T23:40:50.2075917+05:30","Action":"skip","Package":"resonance/cmd/m14measure","Elapsed":0}
{"Time":"2026-09-28T23:40:50.2981961+05:30","Action":"start","Package":"resonance/cmd/m15burst"}
{"Time":"2026-09-28T23:40:50.2981961+05:30","Action":"output","Package":"resonance/cmd/m15burst","Output":"?   \tresonance/cmd/m15burst\t[no test files]\n"}
{"Time":"2026-09-28T23:40:50.2981961+05:30","Action":"skip","Package":"resonance/cmd/m15burst","Elapsed":0}
{"Time":"2026-09-28T23:40:50.4055531+05:30","Action":"start","Package":"resonance/cmd/m15catalogbench"}
{"Time":"2026-09-28T23:40:50.4055531+05:30","Action":"output","Package":"resonance/cmd/m15catalogbench","Output":"?   \tresonance/cmd/m15catalogbench\t[no test files]\n"}
{"Time":"2026-09-28T23:40:50.4055531+05:30","Action":"skip","Package":"resonance/cmd/m15catalogbench","Elapsed":0}
{"Time":"2026-09-28T23:40:50.4742418+05:30","Action":"start","Package":"resonance/cmd/m17corpus"}
{"Time":"2026-09-28T23:40:50.4748149+05:30","Action":"output","Package":"resonance/cmd/m17corpus","Output":"?   \tresonance/cmd/m17corpus\t[no test files]\n"}
{"Time":"2026-09-28T23:40:50.4748149+05:30","Action":"skip","Package":"resonance/cmd/m17corpus","Elapsed":0.001}
{"Time":"2026-09-28T23:40:50.5826889+05:30","Action":"start","Package":"resonance/cmd/m17manifest"}
{"Time":"2026-09-28T23:40:50.5826889+05:30","Action":"output","Package":"resonance/cmd/m17manifest","Output":"?   \tresonance/cmd/m17manifest\t[no test files]\n"}
{"Time":"2026-09-28T23:40:50.5826889+05:30","Action":"skip","Package":"resonance/cmd/m17manifest","Elapsed":0}
{"Time":"2026-09-28T23:40:50.7382288+05:30","Action":"start","Package":"resonance/cmd/m17scanbench"}
{"Time":"2026-09-28T23:40:50.7382288+05:30","Action":"output","Package":"resonance/cmd/m17scanbench","Output":"?   \tresonance/cmd/m17scanbench\t[no test files]\n"}
{"Time":"2026-09-28T23:40:50.7382288+05:30","Action":"skip","Package":"resonance/cmd/m17scanbench","Elapsed":0}
{"Time":"2026-09-28T23:40:53.0479201+05:30","Action":"start","Package":"resonance/internal/library"}
{"Time":"2026-09-28T23:40:53.0902002+05:30","Action":"run","Package":"resonance/internal/library","Test":"TestM16BenchmarkWatcherConvergence"}
{"Time":"2026-09-28T23:40:53.0902002+05:30","Action":"output","Package":"resonance/internal/library","Test":"TestM16BenchmarkWatcherConvergence","Output":"=== RUN   TestM16BenchmarkWatcherConvergence\n"}
{"Time":"2026-09-28T23:40:53.0902002+05:30","Action":"output","Package":"resonance/internal/library","Test":"TestM16BenchmarkWatcherConvergence","Output":"    coordinator_benchmark_integration_test.go:47: set RESONANCE_M16_BENCHMARK_OUTPUT to write watcher convergence evidence\n"}
{"Time":"2026-09-28T23:40:53.0902002+05:30","Action":"output","Package":"resonance/internal/library","Test":"TestM16BenchmarkWatcherConvergence","Output":"--- SKIP: TestM16BenchmarkWatcherConvergence (0.00s)\n"}
{"Time":"2026-09-28T23:40:53.0902002+05:30","Action":"skip","Package":"resonance/internal/library","Test":"TestM16BenchmarkWatcherConvergence","Elapsed":0}
{"Time":"2026-09-28T23:40:53.0902002+05:30","Action":"run","Package":"resonance/internal/library","Test":"TestM16RealWatcherConvergesCreateModifyDuplicateRenameDeleteAndRestart"}
{"Time":"2026-09-28T23:40:53.0902002+05:30","Action":"output","Package":"resonance/internal/library","Test":"TestM16RealWatcherConvergesCreateModifyDuplicateRenameDeleteAndRestart","Output":"=== RUN   TestM16RealWatcherConvergesCreateModifyDuplicateRenameDeleteAndRestart\n"}
{"Time":"2026-09-28T23:40:53.0963137+05:30","Action":"output","Package":"resonance/internal/library","Test":"TestM16RealWatcherConvergesCreateModifyDuplicateRenameDeleteAndRestart","Output":"    coordinator_integration_test.go:23: failed to connect to `user=resonance database=resonance_m17_test`: 127.0.0.1:55439 (127.0.0.1): dial error: dial tcp 127.0.0.1:55439: connectex: No connection could be made because the target machine actively refused it.\n"}
{"Time":"2026-09-28T23:40:53.0968638+05:30","Action":"output","Package":"resonance/internal/library","Test":"TestM16RealWatcherConvergesCreateModifyDuplicateRenameDeleteAndRestart","Output":"--- FAIL: TestM16RealWatcherConvergesCreateModifyDuplicateRenameDeleteAndRestart (0.01s)\n"}
{"Time":"2026-09-28T23:40:53.0968638+05:30","Action":"fail","Package":"resonance/internal/library","Test":"TestM16RealWatcherConvergesCreateModifyDuplicateRenameDeleteAndRestart","Elapsed":0.01}
{"Time":"2026-09-28T23:40:53.0968638+05:30","Action":"run","Package":"resonance/internal/library","Test":"TestM16WatcherIncompleteTraversalPreservesThousandLocationsAndUserState"}
{"Time":"2026-09-28T23:40:53.0968638+05:30","Action":"output","Package":"resonance/internal/library","Test":"TestM16WatcherIncompleteTraversalPreservesThousandLocationsAndUserState","Output":"=== RUN   TestM16WatcherIncompleteTraversalPreservesThousandLocationsAndUserState\n"}
{"Time":"2026-09-28T23:40:53.097936+05:30","Action":"output","Package":"resonance/internal/library","Test":"TestM16WatcherIncompleteTraversalPreservesThousandLocationsAndUserState","Output":"    coordinator_integration_test.go:149: failed to connect to `user=resonance database=resonance_m17_test`: 127.0.0.1:55439 (127.0.0.1): dial error: dial tcp 127.0.0.1:55439: connectex: No connection could be made because the target machine actively refused it.\n"}
{"Time":"2026-09-28T23:40:53.097936+05:30","Action":"output","Package":"resonance/internal/library","Test":"TestM16WatcherIncompleteTraversalPreservesThousandLocationsAndUserState","Output":"--- FAIL: TestM16WatcherIncompleteTraversalPreservesThousandLocationsAndUserState (0.00s)\n"}
{"Time":"2026-09-28T23:40:53.097936+05:30","Action":"fail","Package":"resonance/internal/library","Test":"TestM16WatcherIncompleteTraversalPreservesThousandLocationsAndUserState","Elapsed":0}
{"Time":"2026-09-28T23:40:53.097936+05:30","Action":"run","Package":"resonance/internal/library","Test":"TestM16DatabaseInterruptionRetainsDirtyRootAndRecovers"}
{"Time":"2026-09-28T23:40:53.097936+05:30","Action":"output","Package":"resonance/internal/library","Test":"TestM16DatabaseInterruptionRetainsDirtyRootAndRecovers","Output":"=== RUN   TestM16DatabaseInterruptionRetainsDirtyRootAndRecovers\n"}
{"Time":"2026-09-28T23:40:53.0990318+05:30","Action":"output","Package":"resonance/internal/library","Test":"TestM16DatabaseInterruptionRetainsDirtyRootAndRecovers","Output":"    coordinator_integration_test.go:250: failed to connect to `user=resonance database=resonance_m17_test`: 127.0.0.1:55439 (127.0.0.1): dial error: dial tcp 127.0.0.1:55439: connectex: No connection could be made because the target machine actively refused it.\n"}
{"Time":"2026-09-28T23:40:53.0996759+05:30","Action":"output","Package":"resonance/internal/library","Test":"TestM16DatabaseInterruptionRetainsDirtyRootAndRecovers","Output":"--- FAIL: TestM16DatabaseInterruptionRetainsDirtyRootAndRecovers (0.00s)\n"}
{"Time":"2026-09-28T23:40:53.0996759+05:30","Action":"fail","Package":"resonance/internal/library","Test":"TestM16DatabaseInterruptionRetainsDirtyRootAndRecovers","Elapsed":0}
{"Time":"2026-09-28T23:40:53.0996759+05:30","Action":"run","Package":"resonance/internal/library","Test":"TestCoordinatorCoalescesRootEventsAndRetriesPartialAuthority"}
{"Time":"2026-09-28T23:40:53.0996759+05:30","Action":"output","Package":"resonance/internal/library","Test":"TestCoordinatorCoalescesRootEventsAndRetriesPartialAuthority","Output":"=== RUN   TestCoordinatorCoalescesRootEventsAndRetriesPartialAuthority\n"}
{"Time":"2026-09-28T23:40:53.5063682+05:30","Action":"output","Package":"resonance/internal/library","Test":"TestCoordinatorCoalescesRootEventsAndRetriesPartialAuthority","Output":"--- PASS: TestCoordinatorCoalescesRootEventsAndRetriesPartialAuthority (0.41s)\n"}
{"Time":"2026-09-28T23:40:53.5063682+05:30","Action":"pass","Package":"resonance/internal/library","Test":"TestCoordinatorCoalescesRootEventsAndRetriesPartialAuthority","Elapsed":0.41}
{"Time":"2026-09-28T23:40:53.5063682+05:30","Action":"run","Package":"resonance/internal/library","Test":"TestCoordinatorOverflowRequestsSweepAndRecreatesWatcher"}
{"Time":"2026-09-28T23:40:53.5063682+05:30","Action":"output","Package":"resonance/internal/library","Test":"TestCoordinatorOverflowRequestsSweepAndRecreatesWatcher","Output":"=== RUN   TestCoordinatorOverflowRequestsSweepAndRecreatesWatcher\n"}
{"Time":"2026-09-28T23:40:53.8113829+05:30","Action":"output","Package":"resonance/internal/library","Test":"TestCoordinatorOverflowRequestsSweepAndRecreatesWatcher","Output":"--- PASS: TestCoordinatorOverflowRequestsSweepAndRecreatesWatcher (0.30s)\n"}
{"Time":"2026-09-28T23:40:53.8113829+05:30","Action":"pass","Package":"resonance/internal/library","Test":"TestCoordinatorOverflowRequestsSweepAndRecreatesWatcher","Elapsed":0.3}
{"Time":"2026-09-28T23:40:53.8113829+05:30","Action":"run","Package":"resonance/internal/library","Test":"TestCoordinatorStatusContainsNoFilesystemPaths"}
{"Time":"2026-09-28T23:40:53.8113829+05:30","Action":"output","Package":"resonance/internal/library","Test":"TestCoordinatorStatusContainsNoFilesystemPaths","Output":"=== RUN   TestCoordinatorStatusContainsNoFilesystemPaths\n"}
{"Time":"2026-09-28T23:40:53.8119379+05:30","Action":"output","Package":"resonance/internal/library","Test":"TestCoordinatorStatusContainsNoFilesystemPaths","Output":"--- PASS: TestCoordinatorStatusContainsNoFilesystemPaths (0.00s)\n"}
{"Time":"2026-09-28T23:40:53.8119379+05:30","Action":"pass","Package":"resonance/internal/library","Test":"TestCoordinatorStatusContainsNoFilesystemPaths","Elapsed":0}
{"Time":"2026-09-28T23:40:53.8119379+05:30","Action":"run","Package":"resonance/internal/library","Test":"TestCoordinatorWatcherStartupFailureStillScansAndRecovers"}
{"Time":"2026-09-28T23:40:53.8119379+05:30","Action":"output","Package":"resonance/internal/library","Test":"TestCoordinatorWatcherStartupFailureStillScansAndRecovers","Output":"=== RUN   TestCoordinatorWatcherStartupFailureStillScansAndRecovers\n"}
{"Time":"2026-09-28T23:40:53.9159836+05:30","Action":"output","Package":"resonance/internal/library","Test":"TestCoordinatorWatcherStartupFailureStillScansAndRecovers","Output":"--- PASS: TestCoordinatorWatcherStartupFailureStillScansAndRecovers (0.10s)\n"}
{"Time":"2026-09-28T23:40:53.9165535+05:30","Action":"pass","Package":"resonance/internal/library","Test":"TestCoordinatorWatcherStartupFailureStillScansAndRecovers","Elapsed":0.1}
{"Time":"2026-09-28T23:40:53.9165535+05:30","Action":"run","Package":"resonance/internal/library","Test":"TestCoordinatorPermissionDeniedWatchDegradesCoverageButKeepsScanning"}
{"Time":"2026-09-28T23:40:53.9165535+05:30","Action":"output","Package":"resonance/internal/library","Test":"TestCoordinatorPermissionDeniedWatchDegradesCoverageButKeepsScanning","Output":"=== RUN   TestCoordinatorPermissionDeniedWatchDegradesCoverageButKeepsScanning\n"}
{"Time":"2026-09-28T23:40:54.0209307+05:30","Action":"output","Package":"resonance/internal/library","Test":"TestCoordinatorPermissionDeniedWatchDegradesCoverageButKeepsScanning","Output":"--- PASS: TestCoordinatorPermissionDeniedWatchDegradesCoverageButKeepsScanning (0.10s)\n"}
{"Time":"2026-09-28T23:40:54.0209307+05:30","Action":"pass","Package":"resonance/internal/library","Test":"TestCoordinatorPermissionDeniedWatchDegradesCoverageButKeepsScanning","Elapsed":0.1}
{"Time":"2026-09-28T23:40:54.0209307+05:30","Action":"run","Package":"resonance/internal/library","Test":"TestCoordinatorWatchStatusRecoversAfterLossAndCoverageRepair"}
{"Time":"2026-09-28T23:40:54.0209307+05:30","Action":"output","Package":"resonance/internal/library","Test":"TestCoordinatorWatchStatusRecoversAfterLossAndCoverageRepair","Output":"=== RUN   TestCoordinatorWatchStatusRecoversAfterLossAndCoverageRepair\n"}
{"Time":"2026-09-28T23:40:54.022684+05:30","Action":"output","Package":"resonance/internal/library","Test":"TestCoordinatorWatchStatusRecoversAfterLossAndCoverageRepair","Output":"--- PASS: TestCoordinatorWatchStatusRecoversAfterLossAndCoverageRepair (0.00s)\n"}
{"Time":"2026-09-28T23:40:54.0232319+05:30","Action":"pass","Package":"resonance/internal/library","Test":"TestCoordinatorWatchStatusRecoversAfterLossAndCoverageRepair","Elapsed":0}
{"Time":"2026-09-28T23:40:54.0232319+05:30","Action":"run","Package":"resonance/internal/library","Test":"TestCoordinatorEpochRetainsEventsAcrossPublication"}
{"Time":"2026-09-28T23:40:54.0232319+05:30","Action":"output","Package":"resonance/internal/library","Test":"TestCoordinatorEpochRetainsEventsAcrossPublication","Output":"=== RUN   TestCoordinatorEpochRetainsEventsAcrossPublication\n"}
{"Time":"2026-09-28T23:40:54.0232319+05:30","Action":"output","Package":"resonance/internal/library","Test":"TestCoordinatorEpochRetainsEventsAcrossPublication","Output":"--- PASS: TestCoordinatorEpochRetainsEventsAcrossPublication (0.00s)\n"}
{"Time":"2026-09-28T23:40:54.0232319+05:30","Action":"pass","Package":"resonance/internal/library","Test":"TestCoordinatorEpochRetainsEventsAcrossPublication","Elapsed":0}
{"Time":"2026-09-28T23:40:54.0232319+05:30","Action":"run","Package":"resonance/internal/library","Test":"TestCoordinatorRemovedOrDisabledRootDoesNotMisreportWatchState"}
{"Time":"2026-09-28T23:40:54.0232319+05:30","Action":"output","Package":"resonance/internal/library","Test":"TestCoordinatorRemovedOrDisabledRootDoesNotMisreportWatchState","Output":"=== RUN   TestCoordinatorRemovedOrDisabledRootDoesNotMisreportWatchState\n"}
{"Time":"2026-09-28T23:40:54.0232319+05:30","Action":"output","Package":"resonance/internal/library","Test":"TestCoordinatorRemovedOrDisabledRootDoesNotMisreportWatchState","Output":"--- PASS: TestCoordinatorRemovedOrDisabledRootDoesNotMisreportWatchState (0.00s)\n"}
{"Time":"2026-09-28T23:40:54.0232319+05:30","Action":"pass","Package":"resonance/internal/library","Test":"TestCoordinatorRemovedOrDisabledRootDoesNotMisreportWatchState","Elapsed":0}
{"Time":"2026-09-28T23:40:54.0232319+05:30","Action":"run","Package":"resonance/internal/library","Test":"TestCoordinatorScanResultImmediatelyDropsOfflineAndDisabledWatches"}
{"Time":"2026-09-28T23:40:54.0232319+05:30","Action":"output","Package":"resonance/internal/library","Test":"TestCoordinatorScanResultImmediatelyDropsOfflineAndDisabledWatches","Output":"=== RUN   TestCoordinatorScanResultImmediatelyDropsOfflineAndDisabledWatches\n"}
{"Time":"2026-09-28T23:40:54.0243628+05:30","Action":"output","Package":"resonance/internal/library","Test":"TestCoordinatorScanResultImmediatelyDropsOfflineAndDisabledWatches","Output":"--- PASS: TestCoordinatorScanResultImmediatelyDropsOfflineAndDisabledWatches (0.00s)\n"}
{"Time":"2026-09-28T23:40:54.0243628+05:30","Action":"pass","Package":"resonance/internal/library","Test":"TestCoordinatorScanResultImmediatelyDropsOfflineAndDisabledWatches","Elapsed":0}
{"Time":"2026-09-28T23:40:54.0243628+05:30","Action":"run","Package":"resonance/internal/library","Test":"TestCoordinatorHardCapsExposeDegradationAndGlobalSweep"}
{"Time":"2026-09-28T23:40:54.0243628+05:30","Action":"output","Package":"resonance/internal/library","Test":"TestCoordinatorHardCapsExposeDegradationAndGlobalSweep","Output":"=== RUN   TestCoordinatorHardCapsExposeDegradationAndGlobalSweep\n"}
{"Time":"2026-09-28T23:40:54.0423137+05:30","Action":"output","Package":"resonance/internal/library","Test":"TestCoordinatorHardCapsExposeDegradationAndGlobalSweep","Output":"--- PASS: TestCoordinatorHardCapsExposeDegradationAndGlobalSweep (0.02s)\n"}
{"Time":"2026-09-28T23:40:54.0423137+05:30","Action":"pass","Package":"resonance/internal/library","Test":"TestCoordinatorHardCapsExposeDegradationAndGlobalSweep","Elapsed":0.02}
{"Time":"2026-09-28T23:40:54.0423137+05:30","Action":"run","Package":"resonance/internal/library","Test":"TestCoordinatorShutdownCancelsActiveScanAndClosesWatcher"}
{"Time":"2026-09-28T23:40:54.0423137+05:30","Action":"output","Package":"resonance/internal/library","Test":"TestCoordinatorShutdownCancelsActiveScanAndClosesWatcher","Output":"=== RUN   TestCoordinatorShutdownCancelsActiveScanAndClosesWatcher\n"}
{"Time":"2026-09-28T23:40:54.1434937+05:30","Action":"output","Package":"resonance/internal/library","Test":"TestCoordinatorShutdownCancelsActiveScanAndClosesWatcher","Output":"--- PASS: TestCoordinatorShutdownCancelsActiveScanAndClosesWatcher (0.10s)\n"}
{"Time":"2026-09-28T23:40:54.1434937+05:30","Action":"pass","Package":"resonance/internal/library","Test":"TestCoordinatorShutdownCancelsActiveScanAndClosesWatcher","Elapsed":0.1}
{"Time":"2026-09-28T23:40:54.1434937+05:30","Action":"run","Package":"resonance/internal/library","Test":"TestCoordinatorManualScanLeaseContentionRetries"}
{"Time":"2026-09-28T23:40:54.1434937+05:30","Action":"output","Package":"resonance/internal/library","Test":"TestCoordinatorManualScanLeaseContentionRetries","Output":"=== RUN   TestCoordinatorManualScanLeaseContentionRetries\n"}
{"Time":"2026-09-28T23:40:54.3476826+05:30","Action":"output","Package":"resonance/internal/library","Test":"TestCoordinatorManualScanLeaseContentionRetries","Output":"--- PASS: TestCoordinatorManualScanLeaseContentionRetries (0.20s)\n"}
{"Time":"2026-09-28T23:40:54.3476826+05:30","Action":"pass","Package":"resonance/internal/library","Test":"TestCoordinatorManualScanLeaseContentionRetries","Elapsed":0.2}
{"Time":"2026-09-28T23:40:54.3476826+05:30","Action":"run","Package":"resonance/internal/library","Test":"TestCoordinatorPeriodicSweepRunsWithoutAnyWatcherEvent"}
{"Time":"2026-09-28T23:40:54.3476826+05:30","Action":"output","Package":"resonance/internal/library","Test":"TestCoordinatorPeriodicSweepRunsWithoutAnyWatcherEvent","Output":"=== RUN   TestCoordinatorPeriodicSweepRunsWithoutAnyWatcherEvent\n"}
{"Time":"2026-09-28T23:40:54.5538032+05:30","Action":"output","Package":"resonance/internal/library","Test":"TestCoordinatorPeriodicSweepRunsWithoutAnyWatcherEvent","Output":"--- PASS: TestCoordinatorPeriodicSweepRunsWithoutAnyWatcherEvent (0.21s)\n"}
{"Time":"2026-09-28T23:40:54.554364+05:30","Action":"pass","Package":"resonance/internal/library","Test":"TestCoordinatorPeriodicSweepRunsWithoutAnyWatcherEvent","Elapsed":0.21}
{"Time":"2026-09-28T23:40:54.554364+05:30","Action":"run","Package":"resonance/internal/library","Test":"TestCoordinatorRootOfflineThenMatchingReturnRetries"}
{"Time":"2026-09-28T23:40:54.554364+05:30","Action":"output","Package":"resonance/internal/library","Test":"TestCoordinatorRootOfflineThenMatchingReturnRetries","Output":"=== RUN   TestCoordinatorRootOfflineThenMatchingReturnRetries\n"}
{"Time":"2026-09-28T23:40:55.9586167+05:30","Action":"output","Package":"resonance/internal/library","Test":"TestCoordinatorRootOfflineThenMatchingReturnRetries","Output":"--- PASS: TestCoordinatorRootOfflineThenMatchingReturnRetries (1.40s)\n"}
{"Time":"2026-09-28T23:40:55.9586167+05:30","Action":"pass","Package":"resonance/internal/library","Test":"TestCoordinatorRootOfflineThenMatchingReturnRetries","Elapsed":1.4}
{"Time":"2026-09-28T23:40:55.9586167+05:30","Action":"run","Package":"resonance/internal/library","Test":"TestCoordinatorConfigurationDisableCancelsActiveScan"}
{"Time":"2026-09-28T23:40:55.9586167+05:30","Action":"output","Package":"resonance/internal/library","Test":"TestCoordinatorConfigurationDisableCancelsActiveScan","Output":"=== RUN   TestCoordinatorConfigurationDisableCancelsActiveScan\n"}
{"Time":"2026-09-28T23:40:56.1638651+05:30","Action":"output","Package":"resonance/internal/library","Test":"TestCoordinatorConfigurationDisableCancelsActiveScan","Output":"--- PASS: TestCoordinatorConfigurationDisableCancelsActiveScan (0.21s)\n"}
{"Time":"2026-09-28T23:40:56.1638651+05:30","Action":"pass","Package":"resonance/internal/library","Test":"TestCoordinatorConfigurationDisableCancelsActiveScan","Elapsed":0.21}
{"Time":"2026-09-28T23:40:56.1645538+05:30","Action":"run","Package":"resonance/internal/library","Test":"TestCoordinatorRetriesFailedScanAndRecovers"}
{"Time":"2026-09-28T23:40:56.1645538+05:30","Action":"output","Package":"resonance/internal/library","Test":"TestCoordinatorRetriesFailedScanAndRecovers","Output":"=== RUN   TestCoordinatorRetriesFailedScanAndRecovers\n"}
{"Time":"2026-09-28T23:40:56.9690659+05:30","Action":"output","Package":"resonance/internal/library","Test":"TestCoordinatorRetriesFailedScanAndRecovers","Output":"--- PASS: TestCoordinatorRetriesFailedScanAndRecovers (0.80s)\n"}
{"Time":"2026-09-28T23:40:56.9690659+05:30","Action":"pass","Package":"resonance/internal/library","Test":"TestCoordinatorRetriesFailedScanAndRecovers","Elapsed":0.8}
{"Time":"2026-09-28T23:40:56.9690659+05:30","Action":"run","Package":"resonance/internal/library","Test":"TestCoordinatorDirtyCapacityUsesPagedFairSweep"}
{"Time":"2026-09-28T23:40:56.9690659+05:30","Action":"output","Package":"resonance/internal/library","Test":"TestCoordinatorDirtyCapacityUsesPagedFairSweep","Output":"=== RUN   TestCoordinatorDirtyCapacityUsesPagedFairSweep\n"}
{"Time":"2026-09-28T23:40:57.6796814+05:30","Action":"output","Package":"resonance/internal/library","Test":"TestCoordinatorDirtyCapacityUsesPagedFairSweep","Output":"--- PASS: TestCoordinatorDirtyCapacityUsesPagedFairSweep (0.71s)\n"}
{"Time":"2026-09-28T23:40:57.6796814+05:30","Action":"pass","Package":"resonance/internal/library","Test":"TestCoordinatorDirtyCapacityUsesPagedFairSweep","Elapsed":0.71}
{"Time":"2026-09-28T23:40:57.6796814+05:30","Action":"run","Package":"resonance/internal/library","Test":"TestCoordinatorRefreshDisablesAndRemovesRootWatches"}
{"Time":"2026-09-28T23:40:57.6796814+05:30","Action":"output","Package":"resonance/internal/library","Test":"TestCoordinatorRefreshDisablesAndRemovesRootWatches","Output":"=== RUN   TestCoordinatorRefreshDisablesAndRemovesRootWatches\n"}
{"Time":"2026-09-28T23:40:57.6808122+05:30","Action":"output","Package":"resonance/internal/library","Test":"TestCoordinatorRefreshDisablesAndRemovesRootWatches","Output":"--- PASS: TestCoordinatorRefreshDisablesAndRemovesRootWatches (0.00s)\n"}
{"Time":"2026-09-28T23:40:57.6808122+05:30","Action":"pass","Package":"resonance/internal/library","Test":"TestCoordinatorRefreshDisablesAndRemovesRootWatches","Elapsed":0}
{"Time":"2026-09-28T23:40:57.6808122+05:30","Action":"run","Package":"resonance/internal/library","Test":"TestM16WindowsJunctionIsNotTraversedOrWatched"}
{"Time":"2026-09-28T23:40:57.6808122+05:30","Action":"output","Package":"resonance/internal/library","Test":"TestM16WindowsJunctionIsNotTraversedOrWatched","Output":"=== RUN   TestM16WindowsJunctionIsNotTraversedOrWatched\n"}
{"Time":"2026-09-28T23:40:57.681697+05:30","Action":"output","Package":"resonance/internal/library","Test":"TestM16WindowsJunctionIsNotTraversedOrWatched","Output":"    junction_windows_integration_test.go:15: failed to connect to `user=resonance database=resonance_m17_test`: 127.0.0.1:55439 (127.0.0.1): dial error: dial tcp 127.0.0.1:55439: connectex: No connection could be made because the target machine actively refused it.\n"}
{"Time":"2026-09-28T23:40:57.681697+05:30","Action":"output","Package":"resonance/internal/library","Test":"TestM16WindowsJunctionIsNotTraversedOrWatched","Output":"--- FAIL: TestM16WindowsJunctionIsNotTraversedOrWatched (0.00s)\n"}
{"Time":"2026-09-28T23:40:57.681697+05:30","Action":"fail","Package":"resonance/internal/library","Test":"TestM16WindowsJunctionIsNotTraversedOrWatched","Elapsed":0}
{"Time":"2026-09-28T23:40:57.681697+05:30","Action":"run","Package":"resonance/internal/library","Test":"TestM16ManualScanCannotReconcileUnverifiedRoot"}
{"Time":"2026-09-28T23:40:57.681697+05:30","Action":"output","Package":"resonance/internal/library","Test":"TestM16ManualScanCannotReconcileUnverifiedRoot","Output":"=== RUN   TestM16ManualScanCannotReconcileUnverifiedRoot\n"}
{"Time":"2026-09-28T23:40:57.6827882+05:30","Action":"output","Package":"resonance/internal/library","Test":"TestM16ManualScanCannotReconcileUnverifiedRoot","Output":"    library_integration_test.go:176: failed to connect to `user=resonance database=resonance_m17_test`: 127.0.0.1:55439 (127.0.0.1): dial error: dial tcp 127.0.0.1:55439: connectex: No connection could be made because the target machine actively refused it.\n"}
{"Time":"2026-09-28T23:40:57.6827882+05:30","Action":"output","Package":"resonance/internal/library","Test":"TestM16ManualScanCannotReconcileUnverifiedRoot","Output":"--- FAIL: TestM16ManualScanCannotReconcileUnverifiedRoot (0.00s)\n"}
{"Time":"2026-09-28T23:40:57.6827882+05:30","Action":"fail","Package":"resonance/internal/library","Test":"TestM16ManualScanCannotReconcileUnverifiedRoot","Elapsed":0}
{"Time":"2026-09-28T23:40:57.6827882+05:30","Action":"run","Package":"resonance/internal/library","Test":"TestM16ReopenedRootPathFenceSuppressesPublication"}
{"Time":"2026-09-28T23:40:57.6827882+05:30","Action":"output","Package":"resonance/internal/library","Test":"TestM16ReopenedRootPathFenceSuppressesPublication","Output":"=== RUN   TestM16ReopenedRootPathFenceSuppressesPublication\n"}
{"Time":"2026-09-28T23:40:57.6839147+05:30","Action":"output","Package":"resonance/internal/library","Test":"TestM16ReopenedRootPathFenceSuppressesPublication","Output":"    library_integration_test.go:203: failed to connect to `user=resonance database=resonance_m17_test`: 127.0.0.1:55439 (127.0.0.1): dial error: dial tcp 127.0.0.1:55439: connectex: No connection could be made because the target machine actively refused it.\n"}
{"Time":"2026-09-28T23:40:57.6839147+05:30","Action":"output","Package":"resonance/internal/library","Test":"TestM16ReopenedRootPathFenceSuppressesPublication","Output":"--- FAIL: TestM16ReopenedRootPathFenceSuppressesPublication (0.00s)\n"}
{"Time":"2026-09-28T23:40:57.6839147+05:30","Action":"fail","Package":"resonance/internal/library","Test":"TestM16ReopenedRootPathFenceSuppressesPublication","Elapsed":0}
{"Time":"2026-09-28T23:40:57.6839147+05:30","Action":"run","Package":"resonance/internal/library","Test":"TestM16TransientRootIdentityReadErrorRetriesWithoutQuarantine"}
{"Time":"2026-09-28T23:40:57.6839147+05:30","Action":"output","Package":"resonance/internal/library","Test":"TestM16TransientRootIdentityReadErrorRetriesWithoutQuarantine","Output":"=== RUN   TestM16TransientRootIdentityReadErrorRetriesWithoutQuarantine\n"}
{"Time":"2026-09-28T23:40:57.6844792+05:30","Action":"output","Package":"resonance/internal/library","Test":"TestM16TransientRootIdentityReadErrorRetriesWithoutQuarantine","Output":"    library_integration_test.go:265: failed to connect to `user=resonance database=resonance_m17_test`: 127.0.0.1:55439 (127.0.0.1): dial error: dial tcp 127.0.0.1:55439: connectex: No connection could be made because the target machine actively refused it.\n"}
{"Time":"2026-09-28T23:40:57.6844792+05:30","Action":"output","Package":"resonance/internal/library","Test":"TestM16TransientRootIdentityReadErrorRetriesWithoutQuarantine","Output":"--- FAIL: TestM16TransientRootIdentityReadErrorRetriesWithoutQuarantine (0.00s)\n"}
{"Time":"2026-09-28T23:40:57.6844792+05:30","Action":"fail","Package":"resonance/internal/library","Test":"TestM16TransientRootIdentityReadErrorRetriesWithoutQuarantine","Elapsed":0}
{"Time":"2026-09-28T23:40:57.6844792+05:30","Action":"run","Package":"resonance/internal/library","Test":"TestInitialImportTwoRootsDedupAndRestart"}
{"Time":"2026-09-28T23:40:57.6844792+05:30","Action":"output","Package":"resonance/internal/library","Test":"TestInitialImportTwoRootsDedupAndRestart","Output":"=== RUN   TestInitialImportTwoRootsDedupAndRestart\n"}
{"Time":"2026-09-28T23:40:57.6855891+05:30","Action":"output","Package":"resonance/internal/library","Test":"TestInitialImportTwoRootsDedupAndRestart","Output":"    library_integration_test.go:315: failed to connect to `user=resonance database=resonance_m17_test`: 127.0.0.1:55439 (127.0.0.1): dial error: dial tcp 127.0.0.1:55439: connectex: No connection could be made because the target machine actively refused it.\n"}
{"Time":"2026-09-28T23:40:57.6855891+05:30","Action":"output","Package":"resonance/internal/library","Test":"TestInitialImportTwoRootsDedupAndRestart","Output":"--- FAIL: TestInitialImportTwoRootsDedupAndRestart (0.00s)\n"}
{"Time":"2026-09-28T23:40:57.6855891+05:30","Action":"fail","Package":"resonance/internal/library","Test":"TestInitialImportTwoRootsDedupAndRestart","Elapsed":0}
{"Time":"2026-09-28T23:40:57.6855891+05:30","Action":"run","Package":"resonance/internal/library","Test":"TestByteIdentityDoesNotBecomeUniversalTrackIdentity"}
{"Time":"2026-09-28T23:40:57.6855891+05:30","Action":"output","Package":"resonance/internal/library","Test":"TestByteIdentityDoesNotBecomeUniversalTrackIdentity","Output":"=== RUN   TestByteIdentityDoesNotBecomeUniversalTrackIdentity\n"}
{"Time":"2026-09-28T23:40:57.6861251+05:30","Action":"output","Package":"resonance/internal/library","Test":"TestByteIdentityDoesNotBecomeUniversalTrackIdentity","Output":"    library_integration_test.go:404: failed to connect to `user=resonance database=resonance_m17_test`: 127.0.0.1:55439 (127.0.0.1): dial error: dial tcp 127.0.0.1:55439: connectex: No connection could be made because the target machine actively refused it.\n"}
{"Time":"2026-09-28T23:40:57.6861251+05:30","Action":"output","Package":"resonance/internal/library","Test":"TestByteIdentityDoesNotBecomeUniversalTrackIdentity","Output":"--- FAIL: TestByteIdentityDoesNotBecomeUniversalTrackIdentity (0.00s)\n"}
{"Time":"2026-09-28T23:40:57.6861251+05:30","Action":"fail","Package":"resonance/internal/library","Test":"TestByteIdentityDoesNotBecomeUniversalTrackIdentity","Elapsed":0}
{"Time":"2026-09-28T23:40:57.6861251+05:30","Action":"run","Package":"resonance/internal/library","Test":"TestFilesystemFailuresContinue"}
{"Time":"2026-09-28T23:40:57.6861251+05:30","Action":"output","Package":"resonance/internal/library","Test":"TestFilesystemFailuresContinue","Output":"=== RUN   TestFilesystemFailuresContinue\n"}
{"Time":"2026-09-28T23:40:57.6866676+05:30","Action":"output","Package":"resonance/internal/library","Test":"TestFilesystemFailuresContinue","Output":"    library_integration_test.go:429: failed to connect to `user=resonance database=resonance_m17_test`: 127.0.0.1:55439 (127.0.0.1): dial error: dial tcp 127.0.0.1:55439: connectex: No connection could be made because the target machine actively refused it.\n"}
{"Time":"2026-09-28T23:40:57.6866676+05:30","Action":"output","Package":"resonance/internal/library","Test":"TestFilesystemFailuresContinue","Output":"--- FAIL: TestFilesystemFailuresContinue (0.00s)\n"}
{"Time":"2026-09-28T23:40:57.6866676+05:30","Action":"fail","Package":"resonance/internal/library","Test":"TestFilesystemFailuresContinue","Elapsed":0}
{"Time":"2026-09-28T23:40:57.6866676+05:30","Action":"run","Package":"resonance/internal/library","Test":"TestMissingRootAndScanLease"}
{"Time":"2026-09-28T23:40:57.6866676+05:30","Action":"output","Package":"resonance/internal/library","Test":"TestMissingRootAndScanLease","Output":"=== RUN   TestMissingRootAndScanLease\n"}
{"Time":"2026-09-28T23:40:57.6877596+05:30","Action":"output","Package":"resonance/internal/library","Test":"TestMissingRootAndScanLease","Output":"    library_integration_test.go:468: failed to connect to `user=resonance database=resonance_m17_test`: 127.0.0.1:55439 (127.0.0.1): dial error: dial tcp 127.0.0.1:55439: connectex: No connection could be made because the target machine actively refused it.\n"}
{"Time":"2026-09-28T23:40:57.6877596+05:30","Action":"output","Package":"resonance/internal/library","Test":"TestMissingRootAndScanLease","Output":"--- FAIL: TestMissingRootAndScanLease (0.00s)\n"}
{"Time":"2026-09-28T23:40:57.6877596+05:30","Action":"fail","Package":"resonance/internal/library","Test":"TestMissingRootAndScanLease","Elapsed":0}
{"Time":"2026-09-28T23:40:57.6877596+05:30","Action":"run","Package":"resonance/internal/library","Test":"TestEmptyRootSucceeds"}
{"Time":"2026-09-28T23:40:57.6877596+05:30","Action":"output","Package":"resonance/internal/library","Test":"TestEmptyRootSucceeds","Output":"=== RUN   TestEmptyRootSucceeds\n"}
{"Time":"2026-09-28T23:40:57.688377+05:30","Action":"output","Package":"resonance/internal/library","Test":"TestEmptyRootSucceeds","Output":"    library_integration_test.go:496: failed to connect to `user=resonance database=resonance_m17_test`: 127.0.0.1:55439 (127.0.0.1): dial error: dial tcp 127.0.0.1:55439: connectex: No connection could be made because the target machine actively refused it.\n"}
{"Time":"2026-09-28T23:40:57.6890369+05:30","Action":"output","Package":"resonance/internal/library","Test":"TestEmptyRootSucceeds","Output":"--- FAIL: TestEmptyRootSucceeds (0.00s)\n"}
{"Time":"2026-09-28T23:40:57.6890369+05:30","Action":"fail","Package":"resonance/internal/library","Test":"TestEmptyRootSucceeds","Elapsed":0}
{"Time":"2026-09-28T23:40:57.6890369+05:30","Action":"run","Package":"resonance/internal/library","Test":"TestErrorRecordsAreBounded"}
{"Time":"2026-09-28T23:40:57.6890369+05:30","Action":"output","Package":"resonance/internal/library","Test":"TestErrorRecordsAreBounded","Output":"=== RUN   TestErrorRecordsAreBounded\n"}
{"Time":"2026-09-28T23:40:57.6895962+05:30","Action":"output","Package":"resonance/internal/library","Test":"TestErrorRecordsAreBounded","Output":"    library_integration_test.go:508: failed to connect to `user=resonance database=resonance_m17_test`: 127.0.0.1:55439 (127.0.0.1): dial error: dial tcp 127.0.0.1:55439: connectex: No connection could be made because the target machine actively refused it.\n"}
{"Time":"2026-09-28T23:40:57.6895962+05:30","Action":"output","Package":"resonance/internal/library","Test":"TestErrorRecordsAreBounded","Output":"--- FAIL: TestErrorRecordsAreBounded (0.00s)\n"}
{"Time":"2026-09-28T23:40:57.6895962+05:30","Action":"fail","Package":"resonance/internal/library","Test":"TestErrorRecordsAreBounded","Elapsed":0}
{"Time":"2026-09-28T23:40:57.6895962+05:30","Action":"run","Package":"resonance/internal/library","Test":"TestCanceledScanAndDatabaseFailure"}
{"Time":"2026-09-28T23:40:57.6895962+05:30","Action":"output","Package":"resonance/internal/library","Test":"TestCanceledScanAndDatabaseFailure","Output":"=== RUN   TestCanceledScanAndDatabaseFailure\n"}
{"Time":"2026-09-28T23:40:57.6908867+05:30","Action":"output","Package":"resonance/internal/library","Test":"TestCanceledScanAndDatabaseFailure","Output":"    library_integration_test.go:521: failed to connect to `user=resonance database=resonance_m17_test`: 127.0.0.1:55439 (127.0.0.1): dial error: dial tcp 127.0.0.1:55439: connectex: No connection could be made because the target machine actively refused it.\n"}
{"Time":"2026-09-28T23:40:57.6908867+05:30","Action":"output","Package":"resonance/internal/library","Test":"TestCanceledScanAndDatabaseFailure","Output":"--- FAIL: TestCanceledScanAndDatabaseFailure (0.00s)\n"}
{"Time":"2026-09-28T23:40:57.6908867+05:30","Action":"fail","Package":"resonance/internal/library","Test":"TestCanceledScanAndDatabaseFailure","Elapsed":0}
{"Time":"2026-09-28T23:40:57.6908867+05:30","Action":"run","Package":"resonance/internal/library","Test":"TestM13BaselineFromM12AndUnchangedRescan"}
{"Time":"2026-09-28T23:40:57.6908867+05:30","Action":"output","Package":"resonance/internal/library","Test":"TestM13BaselineFromM12AndUnchangedRescan","Output":"=== RUN   TestM13BaselineFromM12AndUnchangedRescan\n"}
{"Time":"2026-09-28T23:40:57.6914403+05:30","Action":"output","Package":"resonance/internal/library","Test":"TestM13BaselineFromM12AndUnchangedRescan","Output":"    library_integration_test.go:622: failed to connect to `user=resonance database=resonance_m17_test`: 127.0.0.1:55439 (127.0.0.1): dial error: dial tcp 127.0.0.1:55439: connectex: No connection could be made because the target machine actively refused it.\n"}
{"Time":"2026-09-28T23:40:57.6914403+05:30","Action":"output","Package":"resonance/internal/library","Test":"TestM13BaselineFromM12AndUnchangedRescan","Output":"--- FAIL: TestM13BaselineFromM12AndUnchangedRescan (0.00s)\n"}
{"Time":"2026-09-28T23:40:57.6914403+05:30","Action":"fail","Package":"resonance/internal/library","Test":"TestM13BaselineFromM12AndUnchangedRescan","Elapsed":0}
{"Time":"2026-09-28T23:40:57.6914403+05:30","Action":"run","Package":"resonance/internal/library","Test":"TestM13MtimeChangeAndExactCopy"}
{"Time":"2026-09-28T23:40:57.6914403+05:30","Action":"output","Package":"resonance/internal/library","Test":"TestM13MtimeChangeAndExactCopy","Output":"=== RUN   TestM13MtimeChangeAndExactCopy\n"}
{"Time":"2026-09-28T23:40:57.6925379+05:30","Action":"output","Package":"resonance/internal/library","Test":"TestM13MtimeChangeAndExactCopy","Output":"    library_integration_test.go:668: failed to connect to `user=resonance database=resonance_m17_test`: 127.0.0.1:55439 (127.0.0.1): dial error: dial tcp 127.0.0.1:55439: connectex: No connection could be made because the target machine actively refused it.\n"}
{"Time":"2026-09-28T23:40:57.6925379+05:30","Action":"output","Package":"resonance/internal/library","Test":"TestM13MtimeChangeAndExactCopy","Output":"--- FAIL: TestM13MtimeChangeAndExactCopy (0.00s)\n"}
{"Time":"2026-09-28T23:40:57.6925379+05:30","Action":"fail","Package":"resonance/internal/library","Test":"TestM13MtimeChangeAndExactCopy","Elapsed":0}
{"Time":"2026-09-28T23:40:57.6925379+05:30","Action":"run","Package":"resonance/internal/library","Test":"TestM13RenameWithAndWithoutNativeIdentity"}
{"Time":"2026-09-28T23:40:57.6925379+05:30","Action":"output","Package":"resonance/internal/library","Test":"TestM13RenameWithAndWithoutNativeIdentity","Output":"=== RUN   TestM13RenameWithAndWithoutNativeIdentity\n"}
{"Time":"2026-09-28T23:40:57.6925379+05:30","Action":"run","Package":"resonance/internal/library","Test":"TestM13RenameWithAndWithoutNativeIdentity/without_native"}
{"Time":"2026-09-28T23:40:57.6925379+05:30","Action":"output","Package":"resonance/internal/library","Test":"TestM13RenameWithAndWithoutNativeIdentity/without_native","Output":"=== RUN   TestM13RenameWithAndWithoutNativeIdentity/without_native\n"}
{"Time":"2026-09-28T23:40:57.6930644+05:30","Action":"output","Package":"resonance/internal/library","Test":"TestM13RenameWithAndWithoutNativeIdentity/without_native","Output":"    library_integration_test.go:710: failed to connect to `user=resonance database=resonance_m17_test`: 127.0.0.1:55439 (127.0.0.1): dial error: dial tcp 127.0.0.1:55439: connectex: No connection could be made because the target machine actively refused it.\n"}
{"Time":"2026-09-28T23:40:57.6930644+05:30","Action":"output","Package":"resonance/internal/library","Test":"TestM13RenameWithAndWithoutNativeIdentity/without_native","Output":"--- FAIL: TestM13RenameWithAndWithoutNativeIdentity/without_native (0.00s)\n"}
{"Time":"2026-09-28T23:40:57.6930644+05:30","Action":"fail","Package":"resonance/internal/library","Test":"TestM13RenameWithAndWithoutNativeIdentity/without_native","Elapsed":0}
{"Time":"2026-09-28T23:40:57.6930644+05:30","Action":"run","Package":"resonance/internal/library","Test":"TestM13RenameWithAndWithoutNativeIdentity/with_native"}
{"Time":"2026-09-28T23:40:57.6930644+05:30","Action":"output","Package":"resonance/internal/library","Test":"TestM13RenameWithAndWithoutNativeIdentity/with_native","Output":"=== RUN   TestM13RenameWithAndWithoutNativeIdentity/with_native\n"}
{"Time":"2026-09-28T23:40:57.6936316+05:30","Action":"output","Package":"resonance/internal/library","Test":"TestM13RenameWithAndWithoutNativeIdentity/with_native","Output":"    library_integration_test.go:710: failed to connect to `user=resonance database=resonance_m17_test`: 127.0.0.1:55439 (127.0.0.1): dial error: dial tcp 127.0.0.1:55439: connectex: No connection could be made because the target machine actively refused it.\n"}
{"Time":"2026-09-28T23:40:57.6936316+05:30","Action":"output","Package":"resonance/internal/library","Test":"TestM13RenameWithAndWithoutNativeIdentity/with_native","Output":"--- FAIL: TestM13RenameWithAndWithoutNativeIdentity/with_native (0.00s)\n"}
{"Time":"2026-09-28T23:40:57.6936316+05:30","Action":"fail","Package":"resonance/internal/library","Test":"TestM13RenameWithAndWithoutNativeIdentity/with_native","Elapsed":0}
{"Time":"2026-09-28T23:40:57.6936316+05:30","Action":"output","Package":"resonance/internal/library","Test":"TestM13RenameWithAndWithoutNativeIdentity","Output":"--- FAIL: TestM13RenameWithAndWithoutNativeIdentity (0.00s)\n"}
{"Time":"2026-09-28T23:40:57.6936316+05:30","Action":"fail","Package":"resonance/internal/library","Test":"TestM13RenameWithAndWithoutNativeIdentity","Elapsed":0}
{"Time":"2026-09-28T23:40:57.6936316+05:30","Action":"run","Package":"resonance/internal/library","Test":"TestM13ReplacementAndStrongNativeContinuity"}
{"Time":"2026-09-28T23:40:57.6936316+05:30","Action":"output","Package":"resonance/internal/library","Test":"TestM13ReplacementAndStrongNativeContinuity","Output":"=== RUN   TestM13ReplacementAndStrongNativeContinuity\n"}
{"Time":"2026-09-28T23:40:57.6936316+05:30","Action":"run","Package":"resonance/internal/library","Test":"TestM13ReplacementAndStrongNativeContinuity/same_metadata_different_bytes_without_native"}
{"Time":"2026-09-28T23:40:57.6936316+05:30","Action":"output","Package":"resonance/internal/library","Test":"TestM13ReplacementAndStrongNativeContinuity/same_metadata_different_bytes_without_native","Output":"=== RUN   TestM13ReplacementAndStrongNativeContinuity/same_metadata_different_bytes_without_native\n"}
{"Time":"2026-09-28T23:40:57.6941922+05:30","Action":"output","Package":"resonance/internal/library","Test":"TestM13ReplacementAndStrongNativeContinuity/same_metadata_different_bytes_without_native","Output":"    library_integration_test.go:772: failed to connect to `user=resonance database=resonance_m17_test`: 127.0.0.1:55439 (127.0.0.1): dial error: dial tcp 127.0.0.1:55439: connectex: No connection could be made because the target machine actively refused it.\n"}
{"Time":"2026-09-28T23:40:57.6941922+05:30","Action":"output","Package":"resonance/internal/library","Test":"TestM13ReplacementAndStrongNativeContinuity/same_metadata_different_bytes_without_native","Output":"--- FAIL: TestM13ReplacementAndStrongNativeContinuity/same_metadata_different_bytes_without_native (0.00s)\n"}
{"Time":"2026-09-28T23:40:57.6941922+05:30","Action":"fail","Package":"resonance/internal/library","Test":"TestM13ReplacementAndStrongNativeContinuity/same_metadata_different_bytes_without_native","Elapsed":0}
{"Time":"2026-09-28T23:40:57.6941922+05:30","Action":"run","Package":"resonance/internal/library","Test":"TestM13ReplacementAndStrongNativeContinuity/same_native_changed_bytes"}
{"Time":"2026-09-28T23:40:57.6941922+05:30","Action":"output","Package":"resonance/internal/library","Test":"TestM13ReplacementAndStrongNativeContinuity/same_native_changed_bytes","Output":"=== RUN   TestM13ReplacementAndStrongNativeContinuity/same_native_changed_bytes\n"}
{"Time":"2026-09-28T23:40:57.6952619+05:30","Action":"output","Package":"resonance/internal/library","Test":"TestM13ReplacementAndStrongNativeContinuity/same_native_changed_bytes","Output":"    library_integration_test.go:814: failed to connect to `user=resonance database=resonance_m17_test`: 127.0.0.1:55439 (127.0.0.1): dial error: dial tcp 127.0.0.1:55439: connectex: No connection could be made because the target machine actively refused it.\n"}
{"Time":"2026-09-28T23:40:57.6952619+05:30","Action":"output","Package":"resonance/internal/library","Test":"TestM13ReplacementAndStrongNativeContinuity/same_native_changed_bytes","Output":"--- FAIL: TestM13ReplacementAndStrongNativeContinuity/same_native_changed_bytes (0.00s)\n"}
{"Time":"2026-09-28T23:40:57.6952619+05:30","Action":"fail","Package":"resonance/internal/library","Test":"TestM13ReplacementAndStrongNativeContinuity/same_native_changed_bytes","Elapsed":0}
{"Time":"2026-09-28T23:40:57.6952619+05:30","Action":"output","Package":"resonance/internal/library","Test":"TestM13ReplacementAndStrongNativeContinuity","Output":"--- FAIL: TestM13ReplacementAndStrongNativeContinuity (0.00s)\n"}
{"Time":"2026-09-28T23:40:57.6952619+05:30","Action":"fail","Package":"resonance/internal/library","Test":"TestM13ReplacementAndStrongNativeContinuity","Elapsed":0}
{"Time":"2026-09-28T23:40:57.6952619+05:30","Action":"run","Package":"resonance/internal/library","Test":"TestM13ExistingObjectTrackWinsAndNativeIDReuseFallsBack"}
{"Time":"2026-09-28T23:40:57.6952619+05:30","Action":"output","Package":"resonance/internal/library","Test":"TestM13ExistingObjectTrackWinsAndNativeIDReuseFallsBack","Output":"=== RUN   TestM13ExistingObjectTrackWinsAndNativeIDReuseFallsBack\n"}
{"Time":"2026-09-28T23:40:57.6952619+05:30","Action":"run","Package":"resonance/internal/library","Test":"TestM13ExistingObjectTrackWinsAndNativeIDReuseFallsBack/same_sha_but_reused_native_id_creates_new_location"}
{"Time":"2026-09-28T23:40:57.6952619+05:30","Action":"output","Package":"resonance/internal/library","Test":"TestM13ExistingObjectTrackWinsAndNativeIDReuseFallsBack/same_sha_but_reused_native_id_creates_new_location","Output":"=== RUN   TestM13ExistingObjectTrackWinsAndNativeIDReuseFallsBack/same_sha_but_reused_native_id_creates_new_location\n"}
{"Time":"2026-09-28T23:40:57.6962217+05:30","Action":"output","Package":"resonance/internal/library","Test":"TestM13ExistingObjectTrackWinsAndNativeIDReuseFallsBack/same_sha_but_reused_native_id_creates_new_location","Output":"    library_integration_test.go:847: failed to connect to `user=resonance database=resonance_m17_test`: 127.0.0.1:55439 (127.0.0.1): dial error: dial tcp 127.0.0.1:55439: connectex: No connection could be made because the target machine actively refused it.\n"}
{"Time":"2026-09-28T23:40:57.6962217+05:30","Action":"output","Package":"resonance/internal/library","Test":"TestM13ExistingObjectTrackWinsAndNativeIDReuseFallsBack/same_sha_but_reused_native_id_creates_new_location","Output":"--- FAIL: TestM13ExistingObjectTrackWinsAndNativeIDReuseFallsBack/same_sha_but_reused_native_id_creates_new_location (0.00s)\n"}
{"Time":"2026-09-28T23:40:57.6962217+05:30","Action":"fail","Package":"resonance/internal/library","Test":"TestM13ExistingObjectTrackWinsAndNativeIDReuseFallsBack/same_sha_but_reused_native_id_creates_new_location","Elapsed":0}
{"Time":"2026-09-28T23:40:57.6962217+05:30","Action":"run","Package":"resonance/internal/library","Test":"TestM13ExistingObjectTrackWinsAndNativeIDReuseFallsBack/existing_object_on_another_track"}
{"Time":"2026-09-28T23:40:57.6962217+05:30","Action":"output","Package":"resonance/internal/library","Test":"TestM13ExistingObjectTrackWinsAndNativeIDReuseFallsBack/existing_object_on_another_track","Output":"=== RUN   TestM13ExistingObjectTrackWinsAndNativeIDReuseFallsBack/existing_object_on_another_track\n"}
{"Time":"2026-09-28T23:40:57.6967604+05:30","Action":"output","Package":"resonance/internal/library","Test":"TestM13ExistingObjectTrackWinsAndNativeIDReuseFallsBack/existing_object_on_another_track","Output":"    library_integration_test.go:885: failed to connect to `user=resonance database=resonance_m17_test`: 127.0.0.1:55439 (127.0.0.1): dial error: dial tcp 127.0.0.1:55439: connectex: No connection could be made because the target machine actively refused it.\n"}
{"Time":"2026-09-28T23:40:57.6967604+05:30","Action":"output","Package":"resonance/internal/library","Test":"TestM13ExistingObjectTrackWinsAndNativeIDReuseFallsBack/existing_object_on_another_track","Output":"--- FAIL: TestM13ExistingObjectTrackWinsAndNativeIDReuseFallsBack/existing_object_on_another_track (0.00s)\n"}
{"Time":"2026-09-28T23:40:57.6967604+05:30","Action":"fail","Package":"resonance/internal/library","Test":"TestM13ExistingObjectTrackWinsAndNativeIDReuseFallsBack/existing_object_on_another_track","Elapsed":0}
{"Time":"2026-09-28T23:40:57.6967604+05:30","Action":"run","Package":"resonance/internal/library","Test":"TestM13ExistingObjectTrackWinsAndNativeIDReuseFallsBack/birth_token_mismatch"}
{"Time":"2026-09-28T23:40:57.6967604+05:30","Action":"output","Package":"resonance/internal/library","Test":"TestM13ExistingObjectTrackWinsAndNativeIDReuseFallsBack/birth_token_mismatch","Output":"=== RUN   TestM13ExistingObjectTrackWinsAndNativeIDReuseFallsBack/birth_token_mismatch\n"}
{"Time":"2026-09-28T23:40:57.6979202+05:30","Action":"output","Package":"resonance/internal/library","Test":"TestM13ExistingObjectTrackWinsAndNativeIDReuseFallsBack/birth_token_mismatch","Output":"    library_integration_test.go:940: failed to connect to `user=resonance database=resonance_m17_test`: 127.0.0.1:55439 (127.0.0.1): dial error: dial tcp 127.0.0.1:55439: connectex: No connection could be made because the target machine actively refused it.\n"}
{"Time":"2026-09-28T23:40:57.6979202+05:30","Action":"output","Package":"resonance/internal/library","Test":"TestM13ExistingObjectTrackWinsAndNativeIDReuseFallsBack/birth_token_mismatch","Output":"--- FAIL: TestM13ExistingObjectTrackWinsAndNativeIDReuseFallsBack/birth_token_mismatch (0.00s)\n"}
{"Time":"2026-09-28T23:40:57.6979202+05:30","Action":"fail","Package":"resonance/internal/library","Test":"TestM13ExistingObjectTrackWinsAndNativeIDReuseFallsBack/birth_token_mismatch","Elapsed":0}
{"Time":"2026-09-28T23:40:57.6979202+05:30","Action":"output","Package":"resonance/internal/library","Test":"TestM13ExistingObjectTrackWinsAndNativeIDReuseFallsBack","Output":"--- FAIL: TestM13ExistingObjectTrackWinsAndNativeIDReuseFallsBack (0.00s)\n"}
{"Time":"2026-09-28T23:40:57.6979202+05:30","Action":"fail","Package":"resonance/internal/library","Test":"TestM13ExistingObjectTrackWinsAndNativeIDReuseFallsBack","Elapsed":0}
{"Time":"2026-09-28T23:40:57.6979202+05:30","Action":"run","Package":"resonance/internal/library","Test":"TestM13MetadataSourceAndAmbiguousNativeIDs"}
{"Time":"2026-09-28T23:40:57.6979202+05:30","Action":"output","Package":"resonance/internal/library","Test":"TestM13MetadataSourceAndAmbiguousNativeIDs","Output":"=== RUN   TestM13MetadataSourceAndAmbiguousNativeIDs\n"}
{"Time":"2026-09-28T23:40:57.6979202+05:30","Action":"run","Package":"resonance/internal/library","Test":"TestM13MetadataSourceAndAmbiguousNativeIDs/hardlink_is_a_separate_location"}
{"Time":"2026-09-28T23:40:57.6979202+05:30","Action":"output","Package":"resonance/internal/library","Test":"TestM13MetadataSourceAndAmbiguousNativeIDs/hardlink_is_a_separate_location","Output":"=== RUN   TestM13MetadataSourceAndAmbiguousNativeIDs/hardlink_is_a_separate_location\n"}
{"Time":"2026-09-28T23:40:57.6984583+05:30","Action":"output","Package":"resonance/internal/library","Test":"TestM13MetadataSourceAndAmbiguousNativeIDs/hardlink_is_a_separate_location","Output":"    library_integration_test.go:983: failed to connect to `user=resonance database=resonance_m17_test`: 127.0.0.1:55439 (127.0.0.1): dial error: dial tcp 127.0.0.1:55439: connectex: No connection could be made because the target machine actively refused it.\n"}
{"Time":"2026-09-28T23:40:57.6984583+05:30","Action":"output","Package":"resonance/internal/library","Test":"TestM13MetadataSourceAndAmbiguousNativeIDs/hardlink_is_a_separate_location","Output":"--- FAIL: TestM13MetadataSourceAndAmbiguousNativeIDs/hardlink_is_a_separate_location (0.00s)\n"}
{"Time":"2026-09-28T23:40:57.6984583+05:30","Action":"fail","Package":"resonance/internal/library","Test":"TestM13MetadataSourceAndAmbiguousNativeIDs/hardlink_is_a_separate_location","Elapsed":0}
{"Time":"2026-09-28T23:40:57.6984583+05:30","Action":"run","Package":"resonance/internal/library","Test":"TestM13MetadataSourceAndAmbiguousNativeIDs/editing_non_source_duplicate_keeps_shared_metadata"}
{"Time":"2026-09-28T23:40:57.6984583+05:30","Action":"output","Package":"resonance/internal/library","Test":"TestM13MetadataSourceAndAmbiguousNativeIDs/editing_non_source_duplicate_keeps_shared_metadata","Output":"=== RUN   TestM13MetadataSourceAndAmbiguousNativeIDs/editing_non_source_duplicate_keeps_shared_metadata\n"}
{"Time":"2026-09-28T23:40:57.6995293+05:30","Action":"output","Package":"resonance/internal/library","Test":"TestM13MetadataSourceAndAmbiguousNativeIDs/editing_non_source_duplicate_keeps_shared_metadata","Output":"    library_integration_test.go:1008: failed to connect to `user=resonance database=resonance_m17_test`: 127.0.0.1:55439 (127.0.0.1): dial error: dial tcp 127.0.0.1:55439: connectex: No connection could be made because the target machine actively refused it.\n"}
{"Time":"2026-09-28T23:40:57.6995293+05:30","Action":"output","Package":"resonance/internal/library","Test":"TestM13MetadataSourceAndAmbiguousNativeIDs/editing_non_source_duplicate_keeps_shared_metadata","Output":"--- FAIL: TestM13MetadataSourceAndAmbiguousNativeIDs/editing_non_source_duplicate_keeps_shared_metadata (0.00s)\n"}
{"Time":"2026-09-28T23:40:57.6995293+05:30","Action":"fail","Package":"resonance/internal/library","Test":"TestM13MetadataSourceAndAmbiguousNativeIDs/editing_non_source_duplicate_keeps_shared_metadata","Elapsed":0}
{"Time":"2026-09-28T23:40:57.6995293+05:30","Action":"run","Package":"resonance/internal/library","Test":"TestM13MetadataSourceAndAmbiguousNativeIDs/ambiguous_native_id_does_not_infer_move"}
{"Time":"2026-09-28T23:40:57.6995293+05:30","Action":"output","Package":"resonance/internal/library","Test":"TestM13MetadataSourceAndAmbiguousNativeIDs/ambiguous_native_id_does_not_infer_move","Output":"=== RUN   TestM13MetadataSourceAndAmbiguousNativeIDs/ambiguous_native_id_does_not_infer_move\n"}
{"Time":"2026-09-28T23:40:57.7000442+05:30","Action":"output","Package":"resonance/internal/library","Test":"TestM13MetadataSourceAndAmbiguousNativeIDs/ambiguous_native_id_does_not_infer_move","Output":"    library_integration_test.go:1060: failed to connect to `user=resonance database=resonance_m17_test`: 127.0.0.1:55439 (127.0.0.1): dial error: dial tcp 127.0.0.1:55439: connectex: No connection could be made because the target machine actively refused it.\n"}
{"Time":"2026-09-28T23:40:57.7000442+05:30","Action":"output","Package":"resonance/internal/library","Test":"TestM13MetadataSourceAndAmbiguousNativeIDs/ambiguous_native_id_does_not_infer_move","Output":"--- FAIL: TestM13MetadataSourceAndAmbiguousNativeIDs/ambiguous_native_id_does_not_infer_move (0.00s)\n"}
{"Time":"2026-09-28T23:40:57.7000442+05:30","Action":"fail","Package":"resonance/internal/library","Test":"TestM13MetadataSourceAndAmbiguousNativeIDs/ambiguous_native_id_does_not_infer_move","Elapsed":0}
{"Time":"2026-09-28T23:40:57.7000442+05:30","Action":"output","Package":"resonance/internal/library","Test":"TestM13MetadataSourceAndAmbiguousNativeIDs","Output":"--- FAIL: TestM13MetadataSourceAndAmbiguousNativeIDs (0.00s)\n"}
{"Time":"2026-09-28T23:40:57.7000442+05:30","Action":"fail","Package":"resonance/internal/library","Test":"TestM13MetadataSourceAndAmbiguousNativeIDs","Elapsed":0}
{"Time":"2026-09-28T23:40:57.7000442+05:30","Action":"run","Package":"resonance/internal/library","Test":"TestM13UnreadableAndTransientObservationsAreConservative"}
{"Time":"2026-09-28T23:40:57.7000442+05:30","Action":"output","Package":"resonance/internal/library","Test":"TestM13UnreadableAndTransientObservationsAreConservative","Output":"=== RUN   TestM13UnreadableAndTransientObservationsAreConservative\n"}
{"Time":"2026-09-28T23:40:57.7000442+05:30","Action":"run","Package":"resonance/internal/library","Test":"TestM13UnreadableAndTransientObservationsAreConservative/known_unreadable_and_reappearance"}
{"Time":"2026-09-28T23:40:57.7000442+05:30","Action":"output","Package":"resonance/internal/library","Test":"TestM13UnreadableAndTransientObservationsAreConservative/known_unreadable_and_reappearance","Output":"=== RUN   TestM13UnreadableAndTransientObservationsAreConservative/known_unreadable_and_reappearance\n"}
{"Time":"2026-09-28T23:40:57.7005901+05:30","Action":"output","Package":"resonance/internal/library","Test":"TestM13UnreadableAndTransientObservationsAreConservative/known_unreadable_and_reappearance","Output":"    library_integration_test.go:1088: failed to connect to `user=resonance database=resonance_m17_test`: 127.0.0.1:55439 (127.0.0.1): dial error: dial tcp 127.0.0.1:55439: connectex: No connection could be made because the target machine actively refused it.\n"}
{"Time":"2026-09-28T23:40:57.7005901+05:30","Action":"output","Package":"resonance/internal/library","Test":"TestM13UnreadableAndTransientObservationsAreConservative/known_unreadable_and_reappearance","Output":"--- FAIL: TestM13UnreadableAndTransientObservationsAreConservative/known_unreadable_and_reappearance (0.00s)\n"}
{"Time":"2026-09-28T23:40:57.7005901+05:30","Action":"fail","Package":"resonance/internal/library","Test":"TestM13UnreadableAndTransientObservationsAreConservative/known_unreadable_and_reappearance","Elapsed":0}
{"Time":"2026-09-28T23:40:57.7005901+05:30","Action":"run","Package":"resonance/internal/library","Test":"TestM13UnreadableAndTransientObservationsAreConservative/disappears_before_open"}
{"Time":"2026-09-28T23:40:57.7005901+05:30","Action":"output","Package":"resonance/internal/library","Test":"TestM13UnreadableAndTransientObservationsAreConservative/disappears_before_open","Output":"=== RUN   TestM13UnreadableAndTransientObservationsAreConservative/disappears_before_open\n"}
{"Time":"2026-09-28T23:40:57.7011347+05:30","Action":"output","Package":"resonance/internal/library","Test":"TestM13UnreadableAndTransientObservationsAreConservative/disappears_before_open","Output":"    library_integration_test.go:1134: failed to connect to `user=resonance database=resonance_m17_test`: 127.0.0.1:55439 (127.0.0.1): dial error: dial tcp 127.0.0.1:55439: connectex: No connection could be made because the target machine actively refused it.\n"}
{"Time":"2026-09-28T23:40:57.7011347+05:30","Action":"output","Package":"resonance/internal/library","Test":"TestM13UnreadableAndTransientObservationsAreConservative/disappears_before_open","Output":"--- FAIL: TestM13UnreadableAndTransientObservationsAreConservative/disappears_before_open (0.00s)\n"}
{"Time":"2026-09-28T23:40:57.7011347+05:30","Action":"fail","Package":"resonance/internal/library","Test":"TestM13UnreadableAndTransientObservationsAreConservative/disappears_before_open","Elapsed":0}
{"Time":"2026-09-28T23:40:57.7011347+05:30","Action":"run","Package":"resonance/internal/library","Test":"TestM13UnreadableAndTransientObservationsAreConservative/mutation_after_enumeration"}
{"Time":"2026-09-28T23:40:57.7011347+05:30","Action":"output","Package":"resonance/internal/library","Test":"TestM13UnreadableAndTransientObservationsAreConservative/mutation_after_enumeration","Output":"=== RUN   TestM13UnreadableAndTransientObservationsAreConservative/mutation_after_enumeration\n"}
{"Time":"2026-09-28T23:40:57.7016768+05:30","Action":"output","Package":"resonance/internal/library","Test":"TestM13UnreadableAndTransientObservationsAreConservative/mutation_after_enumeration","Output":"    library_integration_test.go:1163: failed to connect to `user=resonance database=resonance_m17_test`: 127.0.0.1:55439 (127.0.0.1): dial error: dial tcp 127.0.0.1:55439: connectex: No connection could be made because the target machine actively refused it.\n"}
{"Time":"2026-09-28T23:40:57.7016768+05:30","Action":"output","Package":"resonance/internal/library","Test":"TestM13UnreadableAndTransientObservationsAreConservative/mutation_after_enumeration","Output":"--- FAIL: TestM13UnreadableAndTransientObservationsAreConservative/mutation_after_enumeration (0.00s)\n"}
{"Time":"2026-09-28T23:40:57.7016768+05:30","Action":"fail","Package":"resonance/internal/library","Test":"TestM13UnreadableAndTransientObservationsAreConservative/mutation_after_enumeration","Elapsed":0}
{"Time":"2026-09-28T23:40:57.7016768+05:30","Action":"output","Package":"resonance/internal/library","Test":"TestM13UnreadableAndTransientObservationsAreConservative","Output":"--- FAIL: TestM13UnreadableAndTransientObservationsAreConservative (0.00s)\n"}
{"Time":"2026-09-28T23:40:57.7016768+05:30","Action":"fail","Package":"resonance/internal/library","Test":"TestM13UnreadableAndTransientObservationsAreConservative","Elapsed":0}
{"Time":"2026-09-28T23:40:57.7016768+05:30","Action":"run","Package":"resonance/internal/library","Test":"TestM13PathReplacedAfterOpenDoesNotPublishOldHandle"}
{"Time":"2026-09-28T23:40:57.7016768+05:30","Action":"output","Package":"resonance/internal/library","Test":"TestM13PathReplacedAfterOpenDoesNotPublishOldHandle","Output":"=== RUN   TestM13PathReplacedAfterOpenDoesNotPublishOldHandle\n"}
{"Time":"2026-09-28T23:40:57.7022067+05:30","Action":"output","Package":"resonance/internal/library","Test":"TestM13PathReplacedAfterOpenDoesNotPublishOldHandle","Output":"    library_integration_test.go:1196: failed to connect to `user=resonance database=resonance_m17_test`: 127.0.0.1:55439 (127.0.0.1): dial error: dial tcp 127.0.0.1:55439: connectex: No connection could be made because the target machine actively refused it.\n"}
{"Time":"2026-09-28T23:40:57.7022067+05:30","Action":"output","Package":"resonance/internal/library","Test":"TestM13PathReplacedAfterOpenDoesNotPublishOldHandle","Output":"--- FAIL: TestM13PathReplacedAfterOpenDoesNotPublishOldHandle (0.00s)\n"}
{"Time":"2026-09-28T23:40:57.7022067+05:30","Action":"fail","Package":"resonance/internal/library","Test":"TestM13PathReplacedAfterOpenDoesNotPublishOldHandle","Elapsed":0}
{"Time":"2026-09-28T23:40:57.7022067+05:30","Action":"run","Package":"resonance/internal/library","Test":"TestM13MalformedReplacementAndRootOfflinePreserveIdentity"}
{"Time":"2026-09-28T23:40:57.7022067+05:30","Action":"output","Package":"resonance/internal/library","Test":"TestM13MalformedReplacementAndRootOfflinePreserveIdentity","Output":"=== RUN   TestM13MalformedReplacementAndRootOfflinePreserveIdentity\n"}
{"Time":"2026-09-28T23:40:57.7027462+05:30","Action":"output","Package":"resonance/internal/library","Test":"TestM13MalformedReplacementAndRootOfflinePreserveIdentity","Output":"    library_integration_test.go:1225: failed to connect to `user=resonance database=resonance_m17_test`: 127.0.0.1:55439 (127.0.0.1): dial error: dial tcp 127.0.0.1:55439: connectex: No connection could be made because the target machine actively refused it.\n"}
{"Time":"2026-09-28T23:40:57.7027462+05:30","Action":"output","Package":"resonance/internal/library","Test":"TestM13MalformedReplacementAndRootOfflinePreserveIdentity","Output":"--- FAIL: TestM13MalformedReplacementAndRootOfflinePreserveIdentity (0.00s)\n"}
{"Time":"2026-09-28T23:40:57.7027462+05:30","Action":"fail","Package":"resonance/internal/library","Test":"TestM13MalformedReplacementAndRootOfflinePreserveIdentity","Elapsed":0}
{"Time":"2026-09-28T23:40:57.7027462+05:30","Action":"run","Package":"resonance/internal/library","Test":"TestM13FinalPublishRollbackIsAtomic"}
{"Time":"2026-09-28T23:40:57.7027462+05:30","Action":"output","Package":"resonance/internal/library","Test":"TestM13FinalPublishRollbackIsAtomic","Output":"=== RUN   TestM13FinalPublishRollbackIsAtomic\n"}
{"Time":"2026-09-28T23:40:57.7032777+05:30","Action":"output","Package":"resonance/internal/library","Test":"TestM13FinalPublishRollbackIsAtomic","Output":"    library_integration_test.go:1263: failed to connect to `user=resonance database=resonance_m17_test`: 127.0.0.1:55439 (127.0.0.1): dial error: dial tcp 127.0.0.1:55439: connectex: No connection could be made because the target machine actively refused it.\n"}
{"Time":"2026-09-28T23:40:57.7037996+05:30","Action":"output","Package":"resonance/internal/library","Test":"TestM13FinalPublishRollbackIsAtomic","Output":"--- FAIL: TestM13FinalPublishRollbackIsAtomic (0.00s)\n"}
{"Time":"2026-09-28T23:40:57.7037996+05:30","Action":"fail","Package":"resonance/internal/library","Test":"TestM13FinalPublishRollbackIsAtomic","Elapsed":0}
{"Time":"2026-09-28T23:40:57.7037996+05:30","Action":"run","Package":"resonance/internal/library","Test":"TestM14GroupingFailureRollsBackScanPublication"}
{"Time":"2026-09-28T23:40:57.7037996+05:30","Action":"output","Package":"resonance/internal/library","Test":"TestM14GroupingFailureRollsBackScanPublication","Output":"=== RUN   TestM14GroupingFailureRollsBackScanPublication\n"}
{"Time":"2026-09-28T23:40:57.7044033+05:30","Action":"output","Package":"resonance/internal/library","Test":"TestM14GroupingFailureRollsBackScanPublication","Output":"    library_integration_test.go:1303: failed to connect to `user=resonance database=resonance_m17_test`: 127.0.0.1:55439 (127.0.0.1): dial error: dial tcp 127.0.0.1:55439: connectex: No connection could be made because the target machine actively refused it.\n"}
{"Time":"2026-09-28T23:40:57.7044033+05:30","Action":"output","Package":"resonance/internal/library","Test":"TestM14GroupingFailureRollsBackScanPublication","Output":"--- FAIL: TestM14GroupingFailureRollsBackScanPublication (0.00s)\n"}
{"Time":"2026-09-28T23:40:57.7044033+05:30","Action":"fail","Package":"resonance/internal/library","Test":"TestM14GroupingFailureRollsBackScanPublication","Elapsed":0}
{"Time":"2026-09-28T23:40:57.7044033+05:30","Action":"run","Package":"resonance/internal/library","Test":"TestM14UnambiguousMoveKeepsGroupingIDs"}
{"Time":"2026-09-28T23:40:57.7044033+05:30","Action":"output","Package":"resonance/internal/library","Test":"TestM14UnambiguousMoveKeepsGroupingIDs","Output":"=== RUN   TestM14UnambiguousMoveKeepsGroupingIDs\n"}
{"Time":"2026-09-28T23:40:57.7051748+05:30","Action":"output","Package":"resonance/internal/library","Test":"TestM14UnambiguousMoveKeepsGroupingIDs","Output":"    library_integration_test.go:1336: failed to connect to `user=resonance database=resonance_m17_test`: 127.0.0.1:55439 (127.0.0.1): dial error: dial tcp 127.0.0.1:55439: connectex: No connection could be made because the target machine actively refused it.\n"}
{"Time":"2026-09-28T23:40:57.7051748+05:30","Action":"output","Package":"resonance/internal/library","Test":"TestM14UnambiguousMoveKeepsGroupingIDs","Output":"--- FAIL: TestM14UnambiguousMoveKeepsGroupingIDs (0.00s)\n"}
{"Time":"2026-09-28T23:40:57.7056984+05:30","Action":"fail","Package":"resonance/internal/library","Test":"TestM14UnambiguousMoveKeepsGroupingIDs","Elapsed":0}
{"Time":"2026-09-28T23:40:57.7056984+05:30","Action":"run","Package":"resonance/internal/library","Test":"TestM13LargeIncompleteDeletionSuppressesAbsence"}
{"Time":"2026-09-28T23:40:57.7056984+05:30","Action":"output","Package":"resonance/internal/library","Test":"TestM13LargeIncompleteDeletionSuppressesAbsence","Output":"=== RUN   TestM13LargeIncompleteDeletionSuppressesAbsence\n"}
{"Time":"2026-09-28T23:40:57.7063747+05:30","Action":"output","Package":"resonance/internal/library","Test":"TestM13LargeIncompleteDeletionSuppressesAbsence","Output":"    library_integration_test.go:1380: failed to connect to `user=resonance database=resonance_m17_test`: 127.0.0.1:55439 (127.0.0.1): dial error: dial tcp 127.0.0.1:55439: connectex: No connection could be made because the target machine actively refused it.\n"}
{"Time":"2026-09-28T23:40:57.7063747+05:30","Action":"output","Package":"resonance/internal/library","Test":"TestM13LargeIncompleteDeletionSuppressesAbsence","Output":"--- FAIL: TestM13LargeIncompleteDeletionSuppressesAbsence (0.00s)\n"}
{"Time":"2026-09-28T23:40:57.7063747+05:30","Action":"fail","Package":"resonance/internal/library","Test":"TestM13LargeIncompleteDeletionSuppressesAbsence","Elapsed":0}
{"Time":"2026-09-28T23:40:57.7063747+05:30","Action":"run","Package":"resonance/internal/library","Test":"TestM17CrashChild"}
{"Time":"2026-09-28T23:40:57.7063747+05:30","Action":"output","Package":"resonance/internal/library","Test":"TestM17CrashChild","Output":"=== RUN   TestM17CrashChild\n"}
{"Time":"2026-09-28T23:40:57.7063747+05:30","Action":"output","Package":"resonance/internal/library","Test":"TestM17CrashChild","Output":"--- PASS: TestM17CrashChild (0.00s)\n"}
{"Time":"2026-09-28T23:40:57.7063747+05:30","Action":"pass","Package":"resonance/internal/library","Test":"TestM17CrashChild","Elapsed":0}
{"Time":"2026-09-28T23:40:57.7063747+05:30","Action":"run","Package":"resonance/internal/library","Test":"TestM17PublicationCrashCampaign"}
{"Time":"2026-09-28T23:40:57.7063747+05:30","Action":"output","Package":"resonance/internal/library","Test":"TestM17PublicationCrashCampaign","Output":"=== RUN   TestM17PublicationCrashCampaign\n"}
{"Time":"2026-09-28T23:40:57.7063747+05:30","Action":"run","Package":"resonance/internal/library","Test":"TestM17PublicationCrashCampaign/discovery"}
{"Time":"2026-09-28T23:40:57.7063747+05:30","Action":"output","Package":"resonance/internal/library","Test":"TestM17PublicationCrashCampaign/discovery","Output":"=== RUN   TestM17PublicationCrashCampaign/discovery\n"}
{"Time":"2026-09-28T23:40:57.7069358+05:30","Action":"output","Package":"resonance/internal/library","Test":"TestM17PublicationCrashCampaign/discovery","Output":"    m17_crash_integration_test.go:130: failed to connect to `user=resonance database=resonance_m17_test`: 127.0.0.1:55439 (127.0.0.1): dial error: dial tcp 127.0.0.1:55439: connectex: No connection could be made because the target machine actively refused it.\n"}
{"Time":"2026-09-28T23:40:57.7069358+05:30","Action":"output","Package":"resonance/internal/library","Test":"TestM17PublicationCrashCampaign/discovery","Output":"--- FAIL: TestM17PublicationCrashCampaign/discovery (0.00s)\n"}
{"Time":"2026-09-28T23:40:57.7069358+05:30","Action":"fail","Package":"resonance/internal/library","Test":"TestM17PublicationCrashCampaign/discovery","Elapsed":0}
{"Time":"2026-09-28T23:40:57.7069358+05:30","Action":"run","Package":"resonance/internal/library","Test":"TestM17PublicationCrashCampaign/publication"}
{"Time":"2026-09-28T23:40:57.7069358+05:30","Action":"output","Package":"resonance/internal/library","Test":"TestM17PublicationCrashCampaign/publication","Output":"=== RUN   TestM17PublicationCrashCampaign/publication\n"}
{"Time":"2026-09-28T23:40:57.7074741+05:30","Action":"output","Package":"resonance/internal/library","Test":"TestM17PublicationCrashCampaign/publication","Output":"    m17_crash_integration_test.go:130: failed to connect to `user=resonance database=resonance_m17_test`: 127.0.0.1:55439 (127.0.0.1): dial error: dial tcp 127.0.0.1:55439: connectex: No connection could be made because the target machine actively refused it.\n"}
{"Time":"2026-09-28T23:40:57.7074741+05:30","Action":"output","Package":"resonance/internal/library","Test":"TestM17PublicationCrashCampaign/publication","Output":"--- FAIL: TestM17PublicationCrashCampaign/publication (0.00s)\n"}
{"Time":"2026-09-28T23:40:57.7074741+05:30","Action":"fail","Package":"resonance/internal/library","Test":"TestM17PublicationCrashCampaign/publication","Elapsed":0}
{"Time":"2026-09-28T23:40:57.7074741+05:30","Action":"run","Package":"resonance/internal/library","Test":"TestM17PublicationCrashCampaign/commit_without_delivery"}
{"Time":"2026-09-28T23:40:57.7074741+05:30","Action":"output","Package":"resonance/internal/library","Test":"TestM17PublicationCrashCampaign/commit_without_delivery","Output":"=== RUN   TestM17PublicationCrashCampaign/commit_without_delivery\n"}
{"Time":"2026-09-28T23:40:57.7080092+05:30","Action":"output","Package":"resonance/internal/library","Test":"TestM17PublicationCrashCampaign/commit_without_delivery","Output":"    m17_crash_integration_test.go:130: failed to connect to `user=resonance database=resonance_m17_test`: 127.0.0.1:55439 (127.0.0.1): dial error: dial tcp 127.0.0.1:55439: connectex: No connection could be made because the target machine actively refused it.\n"}
{"Time":"2026-09-28T23:40:57.7080092+05:30","Action":"output","Package":"resonance/internal/library","Test":"TestM17PublicationCrashCampaign/commit_without_delivery","Output":"--- FAIL: TestM17PublicationCrashCampaign/commit_without_delivery (0.00s)\n"}
{"Time":"2026-09-28T23:40:57.7080092+05:30","Action":"fail","Package":"resonance/internal/library","Test":"TestM17PublicationCrashCampaign/commit_without_delivery","Elapsed":0}
{"Time":"2026-09-28T23:40:57.7080092+05:30","Action":"output","Package":"resonance/internal/library","Test":"TestM17PublicationCrashCampaign","Output":"--- FAIL: TestM17PublicationCrashCampaign (0.00s)\n"}
{"Time":"2026-09-28T23:40:57.7080092+05:30","Action":"fail","Package":"resonance/internal/library","Test":"TestM17PublicationCrashCampaign","Elapsed":0}
{"Time":"2026-09-28T23:40:57.7080092+05:30","Action":"run","Package":"resonance/internal/library","Test":"TestM17DirtyWorkHardCrashAndStartupSweep"}
{"Time":"2026-09-28T23:40:57.7080092+05:30","Action":"output","Package":"resonance/internal/library","Test":"TestM17DirtyWorkHardCrashAndStartupSweep","Output":"=== RUN   TestM17DirtyWorkHardCrashAndStartupSweep\n"}
{"Time":"2026-09-28T23:40:57.7085503+05:30","Action":"output","Package":"resonance/internal/library","Test":"TestM17DirtyWorkHardCrashAndStartupSweep","Output":"    m17_crash_integration_test.go:223: failed to connect to `user=resonance database=resonance_m17_test`: 127.0.0.1:55439 (127.0.0.1): dial error: dial tcp 127.0.0.1:55439: connectex: No connection could be made because the target machine actively refused it.\n"}
{"Time":"2026-09-28T23:40:57.7090658+05:30","Action":"output","Package":"resonance/internal/library","Test":"TestM17DirtyWorkHardCrashAndStartupSweep","Output":"--- FAIL: TestM17DirtyWorkHardCrashAndStartupSweep (0.00s)\n"}
{"Time":"2026-09-28T23:40:57.7090658+05:30","Action":"fail","Package":"resonance/internal/library","Test":"TestM17DirtyWorkHardCrashAndStartupSweep","Elapsed":0}
{"Time":"2026-09-28T23:40:57.7090658+05:30","Action":"run","Package":"resonance/internal/library","Test":"TestM17PhysicalRootOfflineReturnReplacementAndVerification"}
{"Time":"2026-09-28T23:40:57.7090658+05:30","Action":"output","Package":"resonance/internal/library","Test":"TestM17PhysicalRootOfflineReturnReplacementAndVerification","Output":"=== RUN   TestM17PhysicalRootOfflineReturnReplacementAndVerification\n"}
{"Time":"2026-09-28T23:40:57.7095775+05:30","Action":"output","Package":"resonance/internal/library","Test":"TestM17PhysicalRootOfflineReturnReplacementAndVerification","Output":"    m17_root_operations_integration_test.go:15: failed to connect to `user=resonance database=resonance_m17_test`: 127.0.0.1:55439 (127.0.0.1): dial error: dial tcp 127.0.0.1:55439: connectex: No connection could be made because the target machine actively refused it.\n"}
{"Time":"2026-09-28T23:40:57.7095775+05:30","Action":"output","Package":"resonance/internal/library","Test":"TestM17PhysicalRootOfflineReturnReplacementAndVerification","Output":"--- FAIL: TestM17PhysicalRootOfflineReturnReplacementAndVerification (0.00s)\n"}
{"Time":"2026-09-28T23:40:57.7095775+05:30","Action":"fail","Package":"resonance/internal/library","Test":"TestM17PhysicalRootOfflineReturnReplacementAndVerification","Elapsed":0}
{"Time":"2026-09-28T23:40:57.7095775+05:30","Action":"run","Package":"resonance/internal/library","Test":"TestM17ThirtyRealMediaWatcherChanges"}
{"Time":"2026-09-28T23:40:57.7095775+05:30","Action":"output","Package":"resonance/internal/library","Test":"TestM17ThirtyRealMediaWatcherChanges","Output":"=== RUN   TestM17ThirtyRealMediaWatcherChanges\n"}
{"Time":"2026-09-28T23:40:57.7095775+05:30","Action":"output","Package":"resonance/internal/library","Test":"TestM17ThirtyRealMediaWatcherChanges","Output":"    m17_watcher_benchmark_integration_test.go:18: explicit 30-media-event watcher campaign\n"}
{"Time":"2026-09-28T23:40:57.7095775+05:30","Action":"output","Package":"resonance/internal/library","Test":"TestM17ThirtyRealMediaWatcherChanges","Output":"--- SKIP: TestM17ThirtyRealMediaWatcherChanges (0.00s)\n"}
{"Time":"2026-09-28T23:40:57.7095775+05:30","Action":"skip","Package":"resonance/internal/library","Test":"TestM17ThirtyRealMediaWatcherChanges","Elapsed":0}
{"Time":"2026-09-28T23:40:57.7095775+05:30","Action":"run","Package":"resonance/internal/library","Test":"TestWindowsNativeIdentityComesFromStableOpenHandleEvidence"}
{"Time":"2026-09-28T23:40:57.7095775+05:30","Action":"output","Package":"resonance/internal/library","Test":"TestWindowsNativeIdentityComesFromStableOpenHandleEvidence","Output":"=== RUN   TestWindowsNativeIdentityComesFromStableOpenHandleEvidence\n"}
{"Time":"2026-09-28T23:40:57.711134+05:30","Action":"output","Package":"resonance/internal/library","Test":"TestWindowsNativeIdentityComesFromStableOpenHandleEvidence","Output":"--- PASS: TestWindowsNativeIdentityComesFromStableOpenHandleEvidence (0.00s)\n"}
{"Time":"2026-09-28T23:40:57.711134+05:30","Action":"pass","Package":"resonance/internal/library","Test":"TestWindowsNativeIdentityComesFromStableOpenHandleEvidence","Elapsed":0}
{"Time":"2026-09-28T23:40:57.711134+05:30","Action":"run","Package":"resonance/internal/library","Test":"TestRootIdentityRequiresNonzeroBirthEvidence"}
{"Time":"2026-09-28T23:40:57.711134+05:30","Action":"output","Package":"resonance/internal/library","Test":"TestRootIdentityRequiresNonzeroBirthEvidence","Output":"=== RUN   TestRootIdentityRequiresNonzeroBirthEvidence\n"}
{"Time":"2026-09-28T23:40:57.711134+05:30","Action":"output","Package":"resonance/internal/library","Test":"TestRootIdentityRequiresNonzeroBirthEvidence","Output":"--- PASS: TestRootIdentityRequiresNonzeroBirthEvidence (0.00s)\n"}
{"Time":"2026-09-28T23:40:57.711134+05:30","Action":"pass","Package":"resonance/internal/library","Test":"TestRootIdentityRequiresNonzeroBirthEvidence","Elapsed":0}
{"Time":"2026-09-28T23:40:57.711134+05:30","Action":"run","Package":"resonance/internal/library","Test":"TestWindowsCanonicalizationCollapsesCaseAndJunctionAliases"}
{"Time":"2026-09-28T23:40:57.711134+05:30","Action":"output","Package":"resonance/internal/library","Test":"TestWindowsCanonicalizationCollapsesCaseAndJunctionAliases","Output":"=== RUN   TestWindowsCanonicalizationCollapsesCaseAndJunctionAliases\n"}
{"Time":"2026-09-28T23:40:58.0696948+05:30","Action":"output","Package":"resonance/internal/library","Test":"TestWindowsCanonicalizationCollapsesCaseAndJunctionAliases","Output":"--- PASS: TestWindowsCanonicalizationCollapsesCaseAndJunctionAliases (0.36s)\n"}
{"Time":"2026-09-28T23:40:58.0696948+05:30","Action":"pass","Package":"resonance/internal/library","Test":"TestWindowsCanonicalizationCollapsesCaseAndJunctionAliases","Elapsed":0.36}
{"Time":"2026-09-28T23:40:58.0696948+05:30","Action":"run","Package":"resonance/internal/library","Test":"TestWindowsEnrollmentRejectsDeviceAndAlternateStreamPaths"}
{"Time":"2026-09-28T23:40:58.0696948+05:30","Action":"output","Package":"resonance/internal/library","Test":"TestWindowsEnrollmentRejectsDeviceAndAlternateStreamPaths","Output":"=== RUN   TestWindowsEnrollmentRejectsDeviceAndAlternateStreamPaths\n"}
{"Time":"2026-09-28T23:40:58.0712023+05:30","Action":"output","Package":"resonance/internal/library","Test":"TestWindowsEnrollmentRejectsDeviceAndAlternateStreamPaths","Output":"--- PASS: TestWindowsEnrollmentRejectsDeviceAndAlternateStreamPaths (0.00s)\n"}
{"Time":"2026-09-28T23:40:58.0717613+05:30","Action":"pass","Package":"resonance/internal/library","Test":"TestWindowsEnrollmentRejectsDeviceAndAlternateStreamPaths","Elapsed":0}
{"Time":"2026-09-28T23:40:58.0717613+05:30","Action":"run","Package":"resonance/internal/library","Test":"TestWindowsRootRejectsTraversalAbsoluteAndDeviceNames"}
{"Time":"2026-09-28T23:40:58.0717613+05:30","Action":"output","Package":"resonance/internal/library","Test":"TestWindowsRootRejectsTraversalAbsoluteAndDeviceNames","Output":"=== RUN   TestWindowsRootRejectsTraversalAbsoluteAndDeviceNames\n"}
{"Time":"2026-09-28T23:40:58.0722992+05:30","Action":"output","Package":"resonance/internal/library","Test":"TestWindowsRootRejectsTraversalAbsoluteAndDeviceNames","Output":"--- PASS: TestWindowsRootRejectsTraversalAbsoluteAndDeviceNames (0.00s)\n"}
{"Time":"2026-09-28T23:40:58.0722992+05:30","Action":"pass","Package":"resonance/internal/library","Test":"TestWindowsRootRejectsTraversalAbsoluteAndDeviceNames","Elapsed":0}
{"Time":"2026-09-28T23:40:58.0722992+05:30","Action":"run","Package":"resonance/internal/library","Test":"TestWindowsJunctionSkippedDuringScan"}
{"Time":"2026-09-28T23:40:58.0722992+05:30","Action":"output","Package":"resonance/internal/library","Test":"TestWindowsJunctionSkippedDuringScan","Output":"=== RUN   TestWindowsJunctionSkippedDuringScan\n"}
{"Time":"2026-09-28T23:40:58.0730173+05:30","Action":"output","Package":"resonance/internal/library","Test":"TestWindowsJunctionSkippedDuringScan","Output":"    scanner_windows_integration_test.go:14: failed to connect to `user=resonance database=resonance_m17_test`: 127.0.0.1:55439 (127.0.0.1): dial error: dial tcp 127.0.0.1:55439: connectex: No connection could be made because the target machine actively refused it.\n"}
{"Time":"2026-09-28T23:40:58.0730173+05:30","Action":"output","Package":"resonance/internal/library","Test":"TestWindowsJunctionSkippedDuringScan","Output":"--- FAIL: TestWindowsJunctionSkippedDuringScan (0.00s)\n"}
{"Time":"2026-09-28T23:40:58.0730173+05:30","Action":"fail","Package":"resonance/internal/library","Test":"TestWindowsJunctionSkippedDuringScan","Elapsed":0}
{"Time":"2026-09-28T23:40:58.0730173+05:30","Action":"run","Package":"resonance/internal/library","Test":"TestWindowsCaseOnlyRenameKeepsOneActiveLocation"}
{"Time":"2026-09-28T23:40:58.0730173+05:30","Action":"output","Package":"resonance/internal/library","Test":"TestWindowsCaseOnlyRenameKeepsOneActiveLocation","Output":"=== RUN   TestWindowsCaseOnlyRenameKeepsOneActiveLocation\n"}
{"Time":"2026-09-28T23:40:58.0735721+05:30","Action":"output","Package":"resonance/internal/library","Test":"TestWindowsCaseOnlyRenameKeepsOneActiveLocation","Output":"    scanner_windows_integration_test.go:36: failed to connect to `user=resonance database=resonance_m17_test`: 127.0.0.1:55439 (127.0.0.1): dial error: dial tcp 127.0.0.1:55439: connectex: No connection could be made because the target machine actively refused it.\n"}
{"Time":"2026-09-28T23:40:58.0735721+05:30","Action":"output","Package":"resonance/internal/library","Test":"TestWindowsCaseOnlyRenameKeepsOneActiveLocation","Output":"--- FAIL: TestWindowsCaseOnlyRenameKeepsOneActiveLocation (0.00s)\n"}
{"Time":"2026-09-28T23:40:58.0735721+05:30","Action":"fail","Package":"resonance/internal/library","Test":"TestWindowsCaseOnlyRenameKeepsOneActiveLocation","Elapsed":0}
{"Time":"2026-09-28T23:40:58.0735721+05:30","Action":"run","Package":"resonance/internal/library","Test":"TestWindowsKnownLocationReplacedBySymlinkIsDirectlyUnavailable"}
{"Time":"2026-09-28T23:40:58.0735721+05:30","Action":"output","Package":"resonance/internal/library","Test":"TestWindowsKnownLocationReplacedBySymlinkIsDirectlyUnavailable","Output":"=== RUN   TestWindowsKnownLocationReplacedBySymlinkIsDirectlyUnavailable\n"}
{"Time":"2026-09-28T23:40:58.0741214+05:30","Action":"output","Package":"resonance/internal/library","Test":"TestWindowsKnownLocationReplacedBySymlinkIsDirectlyUnavailable","Output":"    scanner_windows_integration_test.go:66: failed to connect to `user=resonance database=resonance_m17_test`: 127.0.0.1:55439 (127.0.0.1): dial error: dial tcp 127.0.0.1:55439: connectex: No connection could be made because the target machine actively refused it.\n"}
{"Time":"2026-09-28T23:40:58.0741214+05:30","Action":"output","Package":"resonance/internal/library","Test":"TestWindowsKnownLocationReplacedBySymlinkIsDirectlyUnavailable","Output":"--- FAIL: TestWindowsKnownLocationReplacedBySymlinkIsDirectlyUnavailable (0.00s)\n"}
{"Time":"2026-09-28T23:40:58.0741214+05:30","Action":"fail","Package":"resonance/internal/library","Test":"TestWindowsKnownLocationReplacedBySymlinkIsDirectlyUnavailable","Elapsed":0}
{"Time":"2026-09-28T23:40:58.0746385+05:30","Action":"run","Package":"resonance/internal/library","Test":"TestM16RealWindowsDirectoryWatcher"}
{"Time":"2026-09-28T23:40:58.0746385+05:30","Action":"output","Package":"resonance/internal/library","Test":"TestM16RealWindowsDirectoryWatcher","Output":"=== RUN   TestM16RealWindowsDirectoryWatcher\n"}
{"Time":"2026-09-28T23:40:58.0779463+05:30","Action":"output","Package":"resonance/internal/library","Test":"TestM16RealWindowsDirectoryWatcher","Output":"--- PASS: TestM16RealWindowsDirectoryWatcher (0.00s)\n"}
{"Time":"2026-09-28T23:40:58.0779463+05:30","Action":"pass","Package":"resonance/internal/library","Test":"TestM16RealWindowsDirectoryWatcher","Elapsed":0}
{"Time":"2026-09-28T23:40:58.0779463+05:30","Action":"run","Package":"resonance/internal/library","Test":"TestDatabaseFailurePreservesCancellation"}
{"Time":"2026-09-28T23:40:58.0779463+05:30","Action":"output","Package":"resonance/internal/library","Test":"TestDatabaseFailurePreservesCancellation","Output":"=== RUN   TestDatabaseFailurePreservesCancellation\n"}
{"Time":"2026-09-28T23:40:58.0779463+05:30","Action":"output","Package":"resonance/internal/library","Test":"TestDatabaseFailurePreservesCancellation","Output":"--- PASS: TestDatabaseFailurePreservesCancellation (0.00s)\n"}
{"Time":"2026-09-28T23:40:58.0779463+05:30","Action":"pass","Package":"resonance/internal/library","Test":"TestDatabaseFailurePreservesCancellation","Elapsed":0}
{"Time":"2026-09-28T23:40:58.0779463+05:30","Action":"run","Package":"resonance/internal/library","Test":"TestTraversalEntryLimitIncludesNonFiles"}
{"Time":"2026-09-28T23:40:58.0779463+05:30","Action":"output","Package":"resonance/internal/library","Test":"TestTraversalEntryLimitIncludesNonFiles","Output":"=== RUN   TestTraversalEntryLimitIncludesNonFiles\n"}
{"Time":"2026-09-28T23:40:58.0779463+05:30","Action":"output","Package":"resonance/internal/library","Test":"TestTraversalEntryLimitIncludesNonFiles","Output":"--- PASS: TestTraversalEntryLimitIncludesNonFiles (0.00s)\n"}
{"Time":"2026-09-28T23:40:58.0779463+05:30","Action":"pass","Package":"resonance/internal/library","Test":"TestTraversalEntryLimitIncludesNonFiles","Elapsed":0}
{"Time":"2026-09-28T23:40:58.0779463+05:30","Action":"run","Package":"resonance/internal/library","Test":"TestPCMEnvelope"}
{"Time":"2026-09-28T23:40:58.0779463+05:30","Action":"output","Package":"resonance/internal/library","Test":"TestPCMEnvelope","Output":"=== RUN   TestPCMEnvelope\n"}
{"Time":"2026-09-28T23:40:58.0779463+05:30","Action":"output","Package":"resonance/internal/library","Test":"TestPCMEnvelope","Output":"--- PASS: TestPCMEnvelope (0.00s)\n"}
{"Time":"2026-09-28T23:40:58.0779463+05:30","Action":"pass","Package":"resonance/internal/library","Test":"TestPCMEnvelope","Elapsed":0}
{"Time":"2026-09-28T23:40:58.0779463+05:30","Action":"run","Package":"resonance/internal/library","Test":"TestCanonicalizeRoot"}
{"Time":"2026-09-28T23:40:58.0779463+05:30","Action":"output","Package":"resonance/internal/library","Test":"TestCanonicalizeRoot","Output":"=== RUN   TestCanonicalizeRoot\n"}
{"Time":"2026-09-28T23:40:58.0833359+05:30","Action":"output","Package":"resonance/internal/library","Test":"TestCanonicalizeRoot","Output":"--- PASS: TestCanonicalizeRoot (0.01s)\n"}
{"Time":"2026-09-28T23:40:58.0838761+05:30","Action":"pass","Package":"resonance/internal/library","Test":"TestCanonicalizeRoot","Elapsed":0.01}
{"Time":"2026-09-28T23:40:58.0838761+05:30","Action":"output","Package":"resonance/internal/library","Output":"FAIL\n"}
{"Time":"2026-09-28T23:40:58.0896957+05:30","Action":"output","Package":"resonance/internal/library","Output":"FAIL\tresonance/internal/library\t5.042s\n"}
{"Time":"2026-09-28T23:40:58.0896957+05:30","Action":"fail","Package":"resonance/internal/library","Elapsed":5.042}
{"Time":"2026-09-28T23:40:58.5103856+05:30","Action":"start","Package":"resonance/internal/m17fixtures"}
{"Time":"2026-09-28T23:40:58.5548769+05:30","Action":"run","Package":"resonance/internal/m17fixtures","Test":"TestScaleCorpusDistinctTagsAndManifest"}
{"Time":"2026-09-28T23:40:58.5548769+05:30","Action":"output","Package":"resonance/internal/m17fixtures","Test":"TestScaleCorpusDistinctTagsAndManifest","Output":"=== RUN   TestScaleCorpusDistinctTagsAndManifest\n"}
{"Time":"2026-09-28T23:40:58.8023322+05:30","Action":"output","Package":"resonance/internal/m17fixtures","Test":"TestScaleCorpusDistinctTagsAndManifest","Output":"--- PASS: TestScaleCorpusDistinctTagsAndManifest (0.25s)\n"}
{"Time":"2026-09-28T23:40:58.8023322+05:30","Action":"pass","Package":"resonance/internal/m17fixtures","Test":"TestScaleCorpusDistinctTagsAndManifest","Elapsed":0.25}
{"Time":"2026-09-28T23:40:58.8023322+05:30","Action":"run","Package":"resonance/internal/m17fixtures","Test":"TestJourneyCorpusKeepsScaleSeparateFromLongPlayback"}
{"Time":"2026-09-28T23:40:58.8023322+05:30","Action":"output","Package":"resonance/internal/m17fixtures","Test":"TestJourneyCorpusKeepsScaleSeparateFromLongPlayback","Output":"=== RUN   TestJourneyCorpusKeepsScaleSeparateFromLongPlayback\n"}
{"Time":"2026-09-28T23:40:59.0914075+05:30","Action":"output","Package":"resonance/internal/m17fixtures","Test":"TestJourneyCorpusKeepsScaleSeparateFromLongPlayback","Output":"--- PASS: TestJourneyCorpusKeepsScaleSeparateFromLongPlayback (0.29s)\n"}
{"Time":"2026-09-28T23:40:59.0914075+05:30","Action":"pass","Package":"resonance/internal/m17fixtures","Test":"TestJourneyCorpusKeepsScaleSeparateFromLongPlayback","Elapsed":0.29}
{"Time":"2026-09-28T23:40:59.0914075+05:30","Action":"output","Package":"resonance/internal/m17fixtures","Output":"PASS\n"}
{"Time":"2026-09-28T23:40:59.0981239+05:30","Action":"output","Package":"resonance/internal/m17fixtures","Output":"ok  \tresonance/internal/m17fixtures\t0.588s\n"}
{"Time":"2026-09-28T23:40:59.0981239+05:30","Action":"pass","Package":"resonance/internal/m17fixtures","Elapsed":0.588}
{"Time":"2026-09-28T23:40:59.598718+05:30","Action":"start","Package":"resonance/internal/metadata"}
{"Time":"2026-09-28T23:40:59.6234294+05:30","Action":"run","Package":"resonance/internal/metadata","Test":"TestCorpus"}
{"Time":"2026-09-28T23:40:59.6234294+05:30","Action":"output","Package":"resonance/internal/metadata","Test":"TestCorpus","Output":"=== RUN   TestCorpus\n"}
{"Time":"2026-09-28T23:40:59.6266915+05:30","Action":"run","Package":"resonance/internal/metadata","Test":"TestCorpus/tagged.mp3"}
{"Time":"2026-09-28T23:40:59.6266915+05:30","Action":"output","Package":"resonance/internal/metadata","Test":"TestCorpus/tagged.mp3","Output":"=== RUN   TestCorpus/tagged.mp3\n"}
{"Time":"2026-09-28T23:40:59.6266915+05:30","Action":"output","Package":"resonance/internal/metadata","Test":"TestCorpus/tagged.mp3","Output":"--- PASS: TestCorpus/tagged.mp3 (0.00s)\n"}
{"Time":"2026-09-28T23:40:59.6266915+05:30","Action":"pass","Package":"resonance/internal/metadata","Test":"TestCorpus/tagged.mp3","Elapsed":0}
{"Time":"2026-09-28T23:40:59.6266915+05:30","Action":"run","Package":"resonance/internal/metadata","Test":"TestCorpus/tagged.flac"}
{"Time":"2026-09-28T23:40:59.6266915+05:30","Action":"output","Package":"resonance/internal/metadata","Test":"TestCorpus/tagged.flac","Output":"=== RUN   TestCorpus/tagged.flac\n"}
{"Time":"2026-09-28T23:40:59.6272341+05:30","Action":"output","Package":"resonance/internal/metadata","Test":"TestCorpus/tagged.flac","Output":"--- PASS: TestCorpus/tagged.flac (0.00s)\n"}
{"Time":"2026-09-28T23:40:59.6272341+05:30","Action":"pass","Package":"resonance/internal/metadata","Test":"TestCorpus/tagged.flac","Elapsed":0}
{"Time":"2026-09-28T23:40:59.6272341+05:30","Action":"run","Package":"resonance/internal/metadata","Test":"TestCorpus/untagged.mp3"}
{"Time":"2026-09-28T23:40:59.6272341+05:30","Action":"output","Package":"resonance/internal/metadata","Test":"TestCorpus/untagged.mp3","Output":"=== RUN   TestCorpus/untagged.mp3\n"}
{"Time":"2026-09-28T23:40:59.6272341+05:30","Action":"output","Package":"resonance/internal/metadata","Test":"TestCorpus/untagged.mp3","Output":"--- PASS: TestCorpus/untagged.mp3 (0.00s)\n"}
{"Time":"2026-09-28T23:40:59.6272341+05:30","Action":"pass","Package":"resonance/internal/metadata","Test":"TestCorpus/untagged.mp3","Elapsed":0}
{"Time":"2026-09-28T23:40:59.6272341+05:30","Action":"run","Package":"resonance/internal/metadata","Test":"TestCorpus/untagged.flac"}
{"Time":"2026-09-28T23:40:59.6272341+05:30","Action":"output","Package":"resonance/internal/metadata","Test":"TestCorpus/untagged.flac","Output":"=== RUN   TestCorpus/untagged.flac\n"}
{"Time":"2026-09-28T23:40:59.6272341+05:30","Action":"output","Package":"resonance/internal/metadata","Test":"TestCorpus/untagged.flac","Output":"--- PASS: TestCorpus/untagged.flac (0.00s)\n"}
{"Time":"2026-09-28T23:40:59.6272341+05:30","Action":"pass","Package":"resonance/internal/metadata","Test":"TestCorpus/untagged.flac","Elapsed":0}
{"Time":"2026-09-28T23:40:59.6272341+05:30","Action":"output","Package":"resonance/internal/metadata","Test":"TestCorpus","Output":"--- PASS: TestCorpus (0.00s)\n"}
{"Time":"2026-09-28T23:40:59.6272341+05:30","Action":"pass","Package":"resonance/internal/metadata","Test":"TestCorpus","Elapsed":0}
{"Time":"2026-09-28T23:40:59.6272341+05:30","Action":"run","Package":"resonance/internal/metadata","Test":"TestUnicodeAndArtwork"}
{"Time":"2026-09-28T23:40:59.6272341+05:30","Action":"output","Package":"resonance/internal/metadata","Test":"TestUnicodeAndArtwork","Output":"=== RUN   TestUnicodeAndArtwork\n"}
{"Time":"2026-09-28T23:40:59.6288629+05:30","Action":"output","Package":"resonance/internal/metadata","Test":"TestUnicodeAndArtwork","Output":"--- PASS: TestUnicodeAndArtwork (0.00s)\n"}
{"Time":"2026-09-28T23:40:59.6288629+05:30","Action":"pass","Package":"resonance/internal/metadata","Test":"TestUnicodeAndArtwork","Elapsed":0}
{"Time":"2026-09-28T23:40:59.6288629+05:30","Action":"run","Package":"resonance/internal/metadata","Test":"TestFLACArtwork"}
{"Time":"2026-09-28T23:40:59.6288629+05:30","Action":"output","Package":"resonance/internal/metadata","Test":"TestFLACArtwork","Output":"=== RUN   TestFLACArtwork\n"}
{"Time":"2026-09-28T23:40:59.6299564+05:30","Action":"output","Package":"resonance/internal/metadata","Test":"TestFLACArtwork","Output":"--- PASS: TestFLACArtwork (0.00s)\n"}
{"Time":"2026-09-28T23:40:59.6299564+05:30","Action":"pass","Package":"resonance/internal/metadata","Test":"TestFLACArtwork","Elapsed":0}
{"Time":"2026-09-28T23:40:59.6299564+05:30","Action":"run","Package":"resonance/internal/metadata","Test":"TestUnsupportedWAVAndMalformed"}
{"Time":"2026-09-28T23:40:59.6299564+05:30","Action":"output","Package":"resonance/internal/metadata","Test":"TestUnsupportedWAVAndMalformed","Output":"=== RUN   TestUnsupportedWAVAndMalformed\n"}
{"Time":"2026-09-28T23:40:59.6299564+05:30","Action":"output","Package":"resonance/internal/metadata","Test":"TestUnsupportedWAVAndMalformed","Output":"--- PASS: TestUnsupportedWAVAndMalformed (0.00s)\n"}
{"Time":"2026-09-28T23:40:59.6299564+05:30","Action":"pass","Package":"resonance/internal/metadata","Test":"TestUnsupportedWAVAndMalformed","Elapsed":0}
{"Time":"2026-09-28T23:40:59.6299564+05:30","Action":"run","Package":"resonance/internal/metadata","Test":"TestMalformedFLACPictureLengthIsRejectedBeforeAllocation"}
{"Time":"2026-09-28T23:40:59.6299564+05:30","Action":"output","Package":"resonance/internal/metadata","Test":"TestMalformedFLACPictureLengthIsRejectedBeforeAllocation","Output":"=== RUN   TestMalformedFLACPictureLengthIsRejectedBeforeAllocation\n"}
{"Time":"2026-09-28T23:40:59.6299564+05:30","Action":"output","Package":"resonance/internal/metadata","Test":"TestMalformedFLACPictureLengthIsRejectedBeforeAllocation","Output":"--- PASS: TestMalformedFLACPictureLengthIsRejectedBeforeAllocation (0.00s)\n"}
{"Time":"2026-09-28T23:40:59.6299564+05:30","Action":"pass","Package":"resonance/internal/metadata","Test":"TestMalformedFLACPictureLengthIsRejectedBeforeAllocation","Elapsed":0}
{"Time":"2026-09-28T23:40:59.6299564+05:30","Action":"run","Package":"resonance/internal/metadata","Test":"TestLargeFileReadBound"}
{"Time":"2026-09-28T23:40:59.6299564+05:30","Action":"output","Package":"resonance/internal/metadata","Test":"TestLargeFileReadBound","Output":"=== RUN   TestLargeFileReadBound\n"}
{"Time":"2026-09-28T23:40:59.6349076+05:30","Action":"output","Package":"resonance/internal/metadata","Test":"TestLargeFileReadBound","Output":"    metadata_test.go:270: 64 MiB sparse MP3: parser read 387 bytes\n"}
{"Time":"2026-09-28T23:40:59.6359599+05:30","Action":"output","Package":"resonance/internal/metadata","Test":"TestLargeFileReadBound","Output":"--- PASS: TestLargeFileReadBound (0.01s)\n"}
{"Time":"2026-09-28T23:40:59.6359599+05:30","Action":"pass","Package":"resonance/internal/metadata","Test":"TestLargeFileReadBound","Elapsed":0.01}
{"Time":"2026-09-28T23:40:59.6359599+05:30","Action":"run","Package":"resonance/internal/metadata","Test":"TestReviewNestedPictureAllocation"}
{"Time":"2026-09-28T23:40:59.6359599+05:30","Action":"output","Package":"resonance/internal/metadata","Test":"TestReviewNestedPictureAllocation","Output":"=== RUN   TestReviewNestedPictureAllocation\n"}
{"Time":"2026-09-28T23:40:59.637014+05:30","Action":"output","Package":"resonance/internal/metadata","Test":"TestReviewNestedPictureAllocation","Output":"    review_test.go:34: input=87 read=91 allocated=416 error=malformed or oversized metadata block\n"}
{"Time":"2026-09-28T23:40:59.637014+05:30","Action":"output","Package":"resonance/internal/metadata","Test":"TestReviewNestedPictureAllocation","Output":"--- PASS: TestReviewNestedPictureAllocation (0.00s)\n"}
{"Time":"2026-09-28T23:40:59.637014+05:30","Action":"pass","Package":"resonance/internal/metadata","Test":"TestReviewNestedPictureAllocation","Elapsed":0}
{"Time":"2026-09-28T23:40:59.637014+05:30","Action":"run","Package":"resonance/internal/metadata","Test":"TestReviewInvalidDateStaysNull"}
{"Time":"2026-09-28T23:40:59.637014+05:30","Action":"output","Package":"resonance/internal/metadata","Test":"TestReviewInvalidDateStaysNull","Output":"=== RUN   TestReviewInvalidDateStaysNull\n"}
{"Time":"2026-09-28T23:40:59.637014+05:30","Action":"output","Package":"resonance/internal/metadata","Test":"TestReviewInvalidDateStaysNull","Output":"--- PASS: TestReviewInvalidDateStaysNull (0.00s)\n"}
{"Time":"2026-09-28T23:40:59.637014+05:30","Action":"pass","Package":"resonance/internal/metadata","Test":"TestReviewInvalidDateStaysNull","Elapsed":0}
{"Time":"2026-09-28T23:40:59.637014+05:30","Action":"run","Package":"resonance/internal/metadata","Test":"TestReviewDuplicateFrameWorkBound"}
{"Time":"2026-09-28T23:40:59.637014+05:30","Action":"output","Package":"resonance/internal/metadata","Test":"TestReviewDuplicateFrameWorkBound","Output":"=== RUN   TestReviewDuplicateFrameWorkBound\n"}
{"Time":"2026-09-28T23:40:59.637014+05:30","Action":"output","Package":"resonance/internal/metadata","Test":"TestReviewDuplicateFrameWorkBound","Output":"--- PASS: TestReviewDuplicateFrameWorkBound (0.00s)\n"}
{"Time":"2026-09-28T23:40:59.637014+05:30","Action":"pass","Package":"resonance/internal/metadata","Test":"TestReviewDuplicateFrameWorkBound","Elapsed":0}
{"Time":"2026-09-28T23:40:59.637014+05:30","Action":"run","Package":"resonance/internal/metadata","Test":"TestReviewContainerLimits"}
{"Time":"2026-09-28T23:40:59.637014+05:30","Action":"output","Package":"resonance/internal/metadata","Test":"TestReviewContainerLimits","Output":"=== RUN   TestReviewContainerLimits\n"}
{"Time":"2026-09-28T23:40:59.637014+05:30","Action":"output","Package":"resonance/internal/metadata","Test":"TestReviewContainerLimits","Output":"--- PASS: TestReviewContainerLimits (0.00s)\n"}
{"Time":"2026-09-28T23:40:59.637014+05:30","Action":"pass","Package":"resonance/internal/metadata","Test":"TestReviewContainerLimits","Elapsed":0}
{"Time":"2026-09-28T23:40:59.637014+05:30","Action":"run","Package":"resonance/internal/metadata","Test":"TestReviewYearAndUnicodeFLAC"}
{"Time":"2026-09-28T23:40:59.637014+05:30","Action":"output","Package":"resonance/internal/metadata","Test":"TestReviewYearAndUnicodeFLAC","Output":"=== RUN   TestReviewYearAndUnicodeFLAC\n"}
{"Time":"2026-09-28T23:40:59.6375599+05:30","Action":"output","Package":"resonance/internal/metadata","Test":"TestReviewYearAndUnicodeFLAC","Output":"--- PASS: TestReviewYearAndUnicodeFLAC (0.00s)\n"}
{"Time":"2026-09-28T23:40:59.6375599+05:30","Action":"pass","Package":"resonance/internal/metadata","Test":"TestReviewYearAndUnicodeFLAC","Elapsed":0}
{"Time":"2026-09-28T23:40:59.6375599+05:30","Action":"run","Package":"resonance/internal/metadata","Test":"TestReviewAdditionalID3Variants"}
{"Time":"2026-09-28T23:40:59.6375599+05:30","Action":"output","Package":"resonance/internal/metadata","Test":"TestReviewAdditionalID3Variants","Output":"=== RUN   TestReviewAdditionalID3Variants\n"}
{"Time":"2026-09-28T23:40:59.6428925+05:30","Action":"output","Package":"resonance/internal/metadata","Test":"TestReviewAdditionalID3Variants","Output":"--- PASS: TestReviewAdditionalID3Variants (0.01s)\n"}
{"Time":"2026-09-28T23:40:59.6428925+05:30","Action":"pass","Package":"resonance/internal/metadata","Test":"TestReviewAdditionalID3Variants","Elapsed":0.01}
{"Time":"2026-09-28T23:40:59.6428925+05:30","Action":"run","Package":"resonance/internal/metadata","Test":"TestReviewUnsupportedDispatchAndFlags"}
{"Time":"2026-09-28T23:40:59.6428925+05:30","Action":"output","Package":"resonance/internal/metadata","Test":"TestReviewUnsupportedDispatchAndFlags","Output":"=== RUN   TestReviewUnsupportedDispatchAndFlags\n"}
{"Time":"2026-09-28T23:40:59.6444864+05:30","Action":"output","Package":"resonance/internal/metadata","Test":"TestReviewUnsupportedDispatchAndFlags","Output":"--- PASS: TestReviewUnsupportedDispatchAndFlags (0.00s)\n"}
{"Time":"2026-09-28T23:40:59.6444864+05:30","Action":"pass","Package":"resonance/internal/metadata","Test":"TestReviewUnsupportedDispatchAndFlags","Elapsed":0}
{"Time":"2026-09-28T23:40:59.6444864+05:30","Action":"run","Package":"resonance/internal/metadata","Test":"TestReviewArtworkSizeLimits"}
{"Time":"2026-09-28T23:40:59.6444864+05:30","Action":"output","Package":"resonance/internal/metadata","Test":"TestReviewArtworkSizeLimits","Output":"=== RUN   TestReviewArtworkSizeLimits\n"}
{"Time":"2026-09-28T23:40:59.6476884+05:30","Action":"output","Package":"resonance/internal/metadata","Test":"TestReviewArtworkSizeLimits","Output":"--- PASS: TestReviewArtworkSizeLimits (0.00s)\n"}
{"Time":"2026-09-28T23:40:59.6476884+05:30","Action":"pass","Package":"resonance/internal/metadata","Test":"TestReviewArtworkSizeLimits","Elapsed":0}
{"Time":"2026-09-28T23:40:59.6476884+05:30","Action":"run","Package":"resonance/internal/metadata","Test":"FuzzMetadataEnvelope"}
{"Time":"2026-09-28T23:40:59.6476884+05:30","Action":"output","Package":"resonance/internal/metadata","Test":"FuzzMetadataEnvelope","Output":"=== RUN   FuzzMetadataEnvelope\n"}
{"Time":"2026-09-28T23:40:59.6476884+05:30","Action":"run","Package":"resonance/internal/metadata","Test":"FuzzMetadataEnvelope/seed#0"}
{"Time":"2026-09-28T23:40:59.6476884+05:30","Action":"output","Package":"resonance/internal/metadata","Test":"FuzzMetadataEnvelope/seed#0","Output":"=== RUN   FuzzMetadataEnvelope/seed#0\n"}
{"Time":"2026-09-28T23:40:59.6476884+05:30","Action":"output","Package":"resonance/internal/metadata","Test":"FuzzMetadataEnvelope/seed#0","Output":"--- PASS: FuzzMetadataEnvelope/seed#0 (0.00s)\n"}
{"Time":"2026-09-28T23:40:59.6476884+05:30","Action":"pass","Package":"resonance/internal/metadata","Test":"FuzzMetadataEnvelope/seed#0","Elapsed":0}
{"Time":"2026-09-28T23:40:59.6476884+05:30","Action":"run","Package":"resonance/internal/metadata","Test":"FuzzMetadataEnvelope/seed#1"}
{"Time":"2026-09-28T23:40:59.6476884+05:30","Action":"output","Package":"resonance/internal/metadata","Test":"FuzzMetadataEnvelope/seed#1","Output":"=== RUN   FuzzMetadataEnvelope/seed#1\n"}
{"Time":"2026-09-28T23:40:59.6482103+05:30","Action":"output","Package":"resonance/internal/metadata","Test":"FuzzMetadataEnvelope/seed#1","Output":"--- PASS: FuzzMetadataEnvelope/seed#1 (0.00s)\n"}
{"Time":"2026-09-28T23:40:59.6482103+05:30","Action":"pass","Package":"resonance/internal/metadata","Test":"FuzzMetadataEnvelope/seed#1","Elapsed":0}
{"Time":"2026-09-28T23:40:59.6482103+05:30","Action":"output","Package":"resonance/internal/metadata","Test":"FuzzMetadataEnvelope","Output":"--- PASS: FuzzMetadataEnvelope (0.00s)\n"}
{"Time":"2026-09-28T23:40:59.6482103+05:30","Action":"pass","Package":"resonance/internal/metadata","Test":"FuzzMetadataEnvelope","Elapsed":0}
{"Time":"2026-09-28T23:40:59.6482103+05:30","Action":"output","Package":"resonance/internal/metadata","Output":"PASS\n"}
{"Time":"2026-09-28T23:40:59.652773+05:30","Action":"output","Package":"resonance/internal/metadata","Output":"ok  \tresonance/internal/metadata\t0.054s\n"}
{"Time":"2026-09-28T23:40:59.652773+05:30","Action":"pass","Package":"resonance/internal/metadata","Elapsed":0.054}
{"Time":"2026-09-28T23:41:01.1813268+05:30","Action":"start","Package":"resonance/internal/storage"}
{"Time":"2026-09-28T23:41:01.2308739+05:30","Action":"run","Package":"resonance/internal/storage","Test":"TestM14PopulatedUpgradeBackfillRetryAndGrouping"}
{"Time":"2026-09-28T23:41:01.2308739+05:30","Action":"output","Package":"resonance/internal/storage","Test":"TestM14PopulatedUpgradeBackfillRetryAndGrouping","Output":"=== RUN   TestM14PopulatedUpgradeBackfillRetryAndGrouping\n"}
{"Time":"2026-09-28T23:41:01.2341685+05:30","Action":"output","Package":"resonance/internal/storage","Test":"TestM14PopulatedUpgradeBackfillRetryAndGrouping","Output":"    grouping_integration_test.go:14: failed to connect to `user=resonance database=resonance_m17_test`: 127.0.0.1:55439 (127.0.0.1): dial error: dial tcp 127.0.0.1:55439: connectex: No connection could be made because the target machine actively refused it.\n"}
{"Time":"2026-09-28T23:41:01.2341685+05:30","Action":"output","Package":"resonance/internal/storage","Test":"TestM14PopulatedUpgradeBackfillRetryAndGrouping","Output":"--- FAIL: TestM14PopulatedUpgradeBackfillRetryAndGrouping (0.00s)\n"}
{"Time":"2026-09-28T23:41:01.2341685+05:30","Action":"fail","Package":"resonance/internal/storage","Test":"TestM14PopulatedUpgradeBackfillRetryAndGrouping","Elapsed":0}
{"Time":"2026-09-28T23:41:01.2341685+05:30","Action":"run","Package":"resonance/internal/storage","Test":"TestM14SchemaDriftRejected"}
{"Time":"2026-09-28T23:41:01.2341685+05:30","Action":"output","Package":"resonance/internal/storage","Test":"TestM14SchemaDriftRejected","Output":"=== RUN   TestM14SchemaDriftRejected\n"}
{"Time":"2026-09-28T23:41:01.2341685+05:30","Action":"run","Package":"resonance/internal/storage","Test":"TestM14SchemaDriftRejected/DROP_INDEX_catalog_albums_browse_idx"}
{"Time":"2026-09-28T23:41:01.2341685+05:30","Action":"output","Package":"resonance/internal/storage","Test":"TestM14SchemaDriftRejected/DROP_INDEX_catalog_albums_browse_idx","Output":"=== RUN   TestM14SchemaDriftRejected/DROP_INDEX_catalog_albums_browse_idx\n"}
{"Time":"2026-09-28T23:41:01.2358837+05:30","Action":"output","Package":"resonance/internal/storage","Test":"TestM14SchemaDriftRejected/DROP_INDEX_catalog_albums_browse_idx","Output":"    grouping_integration_test.go:213: failed to connect to `user=resonance database=resonance_m17_test`: 127.0.0.1:55439 (127.0.0.1): dial error: dial tcp 127.0.0.1:55439: connectex: No connection could be made because the target machine actively refused it.\n"}
{"Time":"2026-09-28T23:41:01.2358837+05:30","Action":"output","Package":"resonance/internal/storage","Test":"TestM14SchemaDriftRejected/DROP_INDEX_catalog_albums_browse_idx","Output":"--- FAIL: TestM14SchemaDriftRejected/DROP_INDEX_catalog_albums_browse_idx (0.00s)\n"}
{"Time":"2026-09-28T23:41:01.2358837+05:30","Action":"fail","Package":"resonance/internal/storage","Test":"TestM14SchemaDriftRejected/DROP_INDEX_catalog_albums_browse_idx","Elapsed":0}
{"Time":"2026-09-28T23:41:01.2358837+05:30","Action":"run","Package":"resonance/internal/storage","Test":"TestM14SchemaDriftRejected/DROP_INDEX_catalog_albums_identity_idx;_CREATE_UNIQUE_INDEX_catalog_albums_identity_idx_ON_catalog_albums(root_id,evidence_scope)"}
{"Time":"2026-09-28T23:41:01.2358837+05:30","Action":"output","Package":"resonance/internal/storage","Test":"TestM14SchemaDriftRejected/DROP_INDEX_catalog_albums_identity_idx;_CREATE_UNIQUE_INDEX_catalog_albums_identity_idx_ON_catalog_albums(root_id,evidence_scope)","Output":"=== RUN   TestM14SchemaDriftRejected/DROP_INDEX_catalog_albums_identity_idx;_CREATE_UNIQUE_INDEX_catalog_albums_identity_idx_ON_catalog_albums(root_id,evidence_scope)\n"}
{"Time":"2026-09-28T23:41:01.2369603+05:30","Action":"output","Package":"resonance/internal/storage","Test":"TestM14SchemaDriftRejected/DROP_INDEX_catalog_albums_identity_idx;_CREATE_UNIQUE_INDEX_catalog_albums_identity_idx_ON_catalog_albums(root_id,evidence_scope)","Output":"    grouping_integration_test.go:213: failed to connect to `user=resonance database=resonance_m17_test`: 127.0.0.1:55439 (127.0.0.1): dial error: dial tcp 127.0.0.1:55439: connectex: No connection could be made because the target machine actively refused it.\n"}
{"Time":"2026-09-28T23:41:01.2369603+05:30","Action":"output","Package":"resonance/internal/storage","Test":"TestM14SchemaDriftRejected/DROP_INDEX_catalog_albums_identity_idx;_CREATE_UNIQUE_INDEX_catalog_albums_identity_idx_ON_catalog_albums(root_id,evidence_scope)","Output":"--- FAIL: TestM14SchemaDriftRejected/DROP_INDEX_catalog_albums_identity_idx;_CREATE_UNIQUE_INDEX_catalog_albums_identity_idx_ON_catalog_albums(root_id,evidence_scope) (0.00s)\n"}
{"Time":"2026-09-28T23:41:01.2369603+05:30","Action":"fail","Package":"resonance/internal/storage","Test":"TestM14SchemaDriftRejected/DROP_INDEX_catalog_albums_identity_idx;_CREATE_UNIQUE_INDEX_catalog_albums_identity_idx_ON_catalog_albums(root_id,evidence_scope)","Elapsed":0}
{"Time":"2026-09-28T23:41:01.2369603+05:30","Action":"run","Package":"resonance/internal/storage","Test":"TestM14SchemaDriftRejected/ALTER_TABLE_track_artist_memberships_DROP_CONSTRAINT_track_artist_memberships_role_check,_ADD_CONSTRAINT_track_artist_memberships_role_check_CHECK_(length(role)\u003e0)"}
{"Time":"2026-09-28T23:41:01.2369603+05:30","Action":"output","Package":"resonance/internal/storage","Test":"TestM14SchemaDriftRejected/ALTER_TABLE_track_artist_memberships_DROP_CONSTRAINT_track_artist_memberships_role_check,_ADD_CONSTRAINT_track_artist_memberships_role_check_CHECK_(length(role)\u003e0)","Output":"=== RUN   TestM14SchemaDriftRejected/ALTER_TABLE_track_artist_memberships_DROP_CONSTRAINT_track_artist_memberships_role_check,_ADD_CONSTRAINT_track_artist_memberships_role_check_CHECK_(length(role)\u003e0)\n"}
{"Time":"2026-09-28T23:41:01.2380555+05:30","Action":"output","Package":"resonance/internal/storage","Test":"TestM14SchemaDriftRejected/ALTER_TABLE_track_artist_memberships_DROP_CONSTRAINT_track_artist_memberships_role_check,_ADD_CONSTRAINT_track_artist_memberships_role_check_CHECK_(length(role)\u003e0)","Output":"    grouping_integration_test.go:213: failed to connect to `user=resonance database=resonance_m17_test`: 127.0.0.1:55439 (127.0.0.1): dial error: dial tcp 127.0.0.1:55439: connectex: No connection could be made because the target machine actively refused it.\n"}
{"Time":"2026-09-28T23:41:01.2380555+05:30","Action":"output","Package":"resonance/internal/storage","Test":"TestM14SchemaDriftRejected/ALTER_TABLE_track_artist_memberships_DROP_CONSTRAINT_track_artist_memberships_role_check,_ADD_CONSTRAINT_track_artist_memberships_role_check_CHECK_(length(role)\u003e0)","Output":"--- FAIL: TestM14SchemaDriftRejected/ALTER_TABLE_track_artist_memberships_DROP_CONSTRAINT_track_artist_memberships_role_check,_ADD_CONSTRAINT_track_artist_memberships_role_check_CHECK_(length(role)\u003e0) (0.00s)\n"}
{"Time":"2026-09-28T23:41:01.2380555+05:30","Action":"fail","Package":"resonance/internal/storage","Test":"TestM14SchemaDriftRejected/ALTER_TABLE_track_artist_memberships_DROP_CONSTRAINT_track_artist_memberships_role_check,_ADD_CONSTRAINT_track_artist_memberships_role_check_CHECK_(length(role)\u003e0)","Elapsed":0}
{"Time":"2026-09-28T23:41:01.2380555+05:30","Action":"output","Package":"resonance/internal/storage","Test":"TestM14SchemaDriftRejected","Output":"--- FAIL: TestM14SchemaDriftRejected (0.00s)\n"}
{"Time":"2026-09-28T23:41:01.2380555+05:30","Action":"fail","Package":"resonance/internal/storage","Test":"TestM14SchemaDriftRejected","Elapsed":0}
{"Time":"2026-09-28T23:41:01.2380555+05:30","Action":"run","Package":"resonance/internal/storage","Test":"TestM14SchemaFailureIsAtomicAndRetryable"}
{"Time":"2026-09-28T23:41:01.2380555+05:30","Action":"output","Package":"resonance/internal/storage","Test":"TestM14SchemaFailureIsAtomicAndRetryable","Output":"=== RUN   TestM14SchemaFailureIsAtomicAndRetryable\n"}
{"Time":"2026-09-28T23:41:01.2385989+05:30","Action":"output","Package":"resonance/internal/storage","Test":"TestM14SchemaFailureIsAtomicAndRetryable","Output":"    grouping_integration_test.go:229: failed to connect to `user=resonance database=resonance_m17_test`: 127.0.0.1:55439 (127.0.0.1): dial error: dial tcp 127.0.0.1:55439: connectex: No connection could be made because the target machine actively refused it.\n"}
{"Time":"2026-09-28T23:41:01.2385989+05:30","Action":"output","Package":"resonance/internal/storage","Test":"TestM14SchemaFailureIsAtomicAndRetryable","Output":"--- FAIL: TestM14SchemaFailureIsAtomicAndRetryable (0.00s)\n"}
{"Time":"2026-09-28T23:41:01.2385989+05:30","Action":"fail","Package":"resonance/internal/storage","Test":"TestM14SchemaFailureIsAtomicAndRetryable","Elapsed":0}
{"Time":"2026-09-28T23:41:01.2385989+05:30","Action":"run","Package":"resonance/internal/storage","Test":"TestArtistFolderEvidenceRequiresMatchingCredit"}
{"Time":"2026-09-28T23:41:01.2385989+05:30","Action":"output","Package":"resonance/internal/storage","Test":"TestArtistFolderEvidenceRequiresMatchingCredit","Output":"=== RUN   TestArtistFolderEvidenceRequiresMatchingCredit\n"}
{"Time":"2026-09-28T23:41:01.2385989+05:30","Action":"output","Package":"resonance/internal/storage","Test":"TestArtistFolderEvidenceRequiresMatchingCredit","Output":"--- PASS: TestArtistFolderEvidenceRequiresMatchingCredit (0.00s)\n"}
{"Time":"2026-09-28T23:41:01.2391343+05:30","Action":"pass","Package":"resonance/internal/storage","Test":"TestArtistFolderEvidenceRequiresMatchingCredit","Elapsed":0}
{"Time":"2026-09-28T23:41:01.2391343+05:30","Action":"run","Package":"resonance/internal/storage","Test":"TestPathsOverlap"}
{"Time":"2026-09-28T23:41:01.2391343+05:30","Action":"output","Package":"resonance/internal/storage","Test":"TestPathsOverlap","Output":"=== RUN   TestPathsOverlap\n"}
{"Time":"2026-09-28T23:41:01.2407325+05:30","Action":"output","Package":"resonance/internal/storage","Test":"TestPathsOverlap","Output":"--- PASS: TestPathsOverlap (0.00s)\n"}
{"Time":"2026-09-28T23:41:01.2407325+05:30","Action":"pass","Package":"resonance/internal/storage","Test":"TestPathsOverlap","Elapsed":0}
{"Time":"2026-09-28T23:41:01.2407325+05:30","Action":"run","Package":"resonance/internal/storage","Test":"TestLibraryRootJSONNeverContainsCanonicalPath"}
{"Time":"2026-09-28T23:41:01.2407325+05:30","Action":"output","Package":"resonance/internal/storage","Test":"TestLibraryRootJSONNeverContainsCanonicalPath","Output":"=== RUN   TestLibraryRootJSONNeverContainsCanonicalPath\n"}
{"Time":"2026-09-28T23:41:01.2407325+05:30","Action":"output","Package":"resonance/internal/storage","Test":"TestLibraryRootJSONNeverContainsCanonicalPath","Output":"--- PASS: TestLibraryRootJSONNeverContainsCanonicalPath (0.00s)\n"}
{"Time":"2026-09-28T23:41:01.2407325+05:30","Action":"pass","Package":"resonance/internal/storage","Test":"TestLibraryRootJSONNeverContainsCanonicalPath","Elapsed":0}
{"Time":"2026-09-28T23:41:01.2407325+05:30","Action":"run","Package":"resonance/internal/storage","Test":"TestTruncateTextPreservesUTF8"}
{"Time":"2026-09-28T23:41:01.2407325+05:30","Action":"output","Package":"resonance/internal/storage","Test":"TestTruncateTextPreservesUTF8","Output":"=== RUN   TestTruncateTextPreservesUTF8\n"}
{"Time":"2026-09-28T23:41:01.2407325+05:30","Action":"output","Package":"resonance/internal/storage","Test":"TestTruncateTextPreservesUTF8","Output":"--- PASS: TestTruncateTextPreservesUTF8 (0.00s)\n"}
{"Time":"2026-09-28T23:41:01.2407325+05:30","Action":"pass","Package":"resonance/internal/storage","Test":"TestTruncateTextPreservesUTF8","Elapsed":0}
{"Time":"2026-09-28T23:41:01.2407325+05:30","Action":"run","Package":"resonance/internal/storage","Test":"TestRootIDValidation"}
{"Time":"2026-09-28T23:41:01.2407325+05:30","Action":"output","Package":"resonance/internal/storage","Test":"TestRootIDValidation","Output":"=== RUN   TestRootIDValidation\n"}
{"Time":"2026-09-28T23:41:01.2407325+05:30","Action":"output","Package":"resonance/internal/storage","Test":"TestRootIDValidation","Output":"--- PASS: TestRootIDValidation (0.00s)\n"}
{"Time":"2026-09-28T23:41:01.2407325+05:30","Action":"pass","Package":"resonance/internal/storage","Test":"TestRootIDValidation","Elapsed":0}
{"Time":"2026-09-28T23:41:01.2407325+05:30","Action":"run","Package":"resonance/internal/storage","Test":"TestM17NaturalEndBackendTerminationAndRetry"}
{"Time":"2026-09-28T23:41:01.2407325+05:30","Action":"output","Package":"resonance/internal/storage","Test":"TestM17NaturalEndBackendTerminationAndRetry","Output":"=== RUN   TestM17NaturalEndBackendTerminationAndRetry\n"}
{"Time":"2026-09-28T23:41:01.241854+05:30","Action":"output","Package":"resonance/internal/storage","Test":"TestM17NaturalEndBackendTerminationAndRetry","Output":"    m17_session_crash_integration_test.go:13: failed to connect to `user=resonance database=resonance_m17_test`: 127.0.0.1:55439 (127.0.0.1): dial error: dial tcp 127.0.0.1:55439: connectex: No connection could be made because the target machine actively refused it.\n"}
{"Time":"2026-09-28T23:41:01.241854+05:30","Action":"output","Package":"resonance/internal/storage","Test":"TestM17NaturalEndBackendTerminationAndRetry","Output":"--- FAIL: TestM17NaturalEndBackendTerminationAndRetry (0.00s)\n"}
{"Time":"2026-09-28T23:41:01.241854+05:30","Action":"fail","Package":"resonance/internal/storage","Test":"TestM17NaturalEndBackendTerminationAndRetry","Elapsed":0}
{"Time":"2026-09-28T23:41:01.241854+05:30","Action":"run","Package":"resonance/internal/storage","Test":"TestM17PopulatedHistoricalUpgradeMatrix"}
{"Time":"2026-09-28T23:41:01.241854+05:30","Action":"output","Package":"resonance/internal/storage","Test":"TestM17PopulatedHistoricalUpgradeMatrix","Output":"=== RUN   TestM17PopulatedHistoricalUpgradeMatrix\n"}
{"Time":"2026-09-28T23:41:01.241854+05:30","Action":"run","Package":"resonance/internal/storage","Test":"TestM17PopulatedHistoricalUpgradeMatrix/v2_to_v8"}
{"Time":"2026-09-28T23:41:01.241854+05:30","Action":"output","Package":"resonance/internal/storage","Test":"TestM17PopulatedHistoricalUpgradeMatrix/v2_to_v8","Output":"=== RUN   TestM17PopulatedHistoricalUpgradeMatrix/v2_to_v8\n"}
{"Time":"2026-09-28T23:41:01.2423974+05:30","Action":"output","Package":"resonance/internal/storage","Test":"TestM17PopulatedHistoricalUpgradeMatrix/v2_to_v8","Output":"    m17_upgrade_integration_test.go:23: failed to connect to `user=resonance database=resonance_m17_test`: 127.0.0.1:55439 (127.0.0.1): dial error: dial tcp 127.0.0.1:55439: connectex: No connection could be made because the target machine actively refused it.\n"}
{"Time":"2026-09-28T23:41:01.2429369+05:30","Action":"output","Package":"resonance/internal/storage","Test":"TestM17PopulatedHistoricalUpgradeMatrix/v2_to_v8","Output":"--- FAIL: TestM17PopulatedHistoricalUpgradeMatrix/v2_to_v8 (0.00s)\n"}
{"Time":"2026-09-28T23:41:01.2429369+05:30","Action":"fail","Package":"resonance/internal/storage","Test":"TestM17PopulatedHistoricalUpgradeMatrix/v2_to_v8","Elapsed":0}
{"Time":"2026-09-28T23:41:01.2429369+05:30","Action":"run","Package":"resonance/internal/storage","Test":"TestM17PopulatedHistoricalUpgradeMatrix/v4_to_v8"}
{"Time":"2026-09-28T23:41:01.2429369+05:30","Action":"output","Package":"resonance/internal/storage","Test":"TestM17PopulatedHistoricalUpgradeMatrix/v4_to_v8","Output":"=== RUN   TestM17PopulatedHistoricalUpgradeMatrix/v4_to_v8\n"}
{"Time":"2026-09-28T23:41:01.243469+05:30","Action":"output","Package":"resonance/internal/storage","Test":"TestM17PopulatedHistoricalUpgradeMatrix/v4_to_v8","Output":"    m17_upgrade_integration_test.go:23: failed to connect to `user=resonance database=resonance_m17_test`: 127.0.0.1:55439 (127.0.0.1): dial error: dial tcp 127.0.0.1:55439: connectex: No connection could be made because the target machine actively refused it.\n"}
{"Time":"2026-09-28T23:41:01.243469+05:30","Action":"output","Package":"resonance/internal/storage","Test":"TestM17PopulatedHistoricalUpgradeMatrix/v4_to_v8","Output":"--- FAIL: TestM17PopulatedHistoricalUpgradeMatrix/v4_to_v8 (0.00s)\n"}
{"Time":"2026-09-28T23:41:01.243469+05:30","Action":"fail","Package":"resonance/internal/storage","Test":"TestM17PopulatedHistoricalUpgradeMatrix/v4_to_v8","Elapsed":0}
{"Time":"2026-09-28T23:41:01.243469+05:30","Action":"run","Package":"resonance/internal/storage","Test":"TestM17PopulatedHistoricalUpgradeMatrix/v5_to_v8"}
{"Time":"2026-09-28T23:41:01.243469+05:30","Action":"output","Package":"resonance/internal/storage","Test":"TestM17PopulatedHistoricalUpgradeMatrix/v5_to_v8","Output":"=== RUN   TestM17PopulatedHistoricalUpgradeMatrix/v5_to_v8\n"}
{"Time":"2026-09-28T23:41:01.2440181+05:30","Action":"output","Package":"resonance/internal/storage","Test":"TestM17PopulatedHistoricalUpgradeMatrix/v5_to_v8","Output":"    m17_upgrade_integration_test.go:23: failed to connect to `user=resonance database=resonance_m17_test`: 127.0.0.1:55439 (127.0.0.1): dial error: dial tcp 127.0.0.1:55439: connectex: No connection could be made because the target machine actively refused it.\n"}
{"Time":"2026-09-28T23:41:01.2440181+05:30","Action":"output","Package":"resonance/internal/storage","Test":"TestM17PopulatedHistoricalUpgradeMatrix/v5_to_v8","Output":"--- FAIL: TestM17PopulatedHistoricalUpgradeMatrix/v5_to_v8 (0.00s)\n"}
{"Time":"2026-09-28T23:41:01.2440181+05:30","Action":"fail","Package":"resonance/internal/storage","Test":"TestM17PopulatedHistoricalUpgradeMatrix/v5_to_v8","Elapsed":0}
{"Time":"2026-09-28T23:41:01.2440181+05:30","Action":"run","Package":"resonance/internal/storage","Test":"TestM17PopulatedHistoricalUpgradeMatrix/v6_to_v8"}
{"Time":"2026-09-28T23:41:01.2440181+05:30","Action":"output","Package":"resonance/internal/storage","Test":"TestM17PopulatedHistoricalUpgradeMatrix/v6_to_v8","Output":"=== RUN   TestM17PopulatedHistoricalUpgradeMatrix/v6_to_v8\n"}
{"Time":"2026-09-28T23:41:01.2451047+05:30","Action":"output","Package":"resonance/internal/storage","Test":"TestM17PopulatedHistoricalUpgradeMatrix/v6_to_v8","Output":"    m17_upgrade_integration_test.go:23: failed to connect to `user=resonance database=resonance_m17_test`: 127.0.0.1:55439 (127.0.0.1): dial error: dial tcp 127.0.0.1:55439: connectex: No connection could be made because the target machine actively refused it.\n"}
{"Time":"2026-09-28T23:41:01.2451047+05:30","Action":"output","Package":"resonance/internal/storage","Test":"TestM17PopulatedHistoricalUpgradeMatrix/v6_to_v8","Output":"--- FAIL: TestM17PopulatedHistoricalUpgradeMatrix/v6_to_v8 (0.00s)\n"}
{"Time":"2026-09-28T23:41:01.2451047+05:30","Action":"fail","Package":"resonance/internal/storage","Test":"TestM17PopulatedHistoricalUpgradeMatrix/v6_to_v8","Elapsed":0}
{"Time":"2026-09-28T23:41:01.2451047+05:30","Action":"run","Package":"resonance/internal/storage","Test":"TestM17PopulatedHistoricalUpgradeMatrix/v7_to_v8"}
{"Time":"2026-09-28T23:41:01.2451047+05:30","Action":"output","Package":"resonance/internal/storage","Test":"TestM17PopulatedHistoricalUpgradeMatrix/v7_to_v8","Output":"=== RUN   TestM17PopulatedHistoricalUpgradeMatrix/v7_to_v8\n"}
{"Time":"2026-09-28T23:41:01.245643+05:30","Action":"output","Package":"resonance/internal/storage","Test":"TestM17PopulatedHistoricalUpgradeMatrix/v7_to_v8","Output":"    m17_upgrade_integration_test.go:23: failed to connect to `user=resonance database=resonance_m17_test`: 127.0.0.1:55439 (127.0.0.1): dial error: dial tcp 127.0.0.1:55439: connectex: No connection could be made because the target machine actively refused it.\n"}
{"Time":"2026-09-28T23:41:01.245643+05:30","Action":"output","Package":"resonance/internal/storage","Test":"TestM17PopulatedHistoricalUpgradeMatrix/v7_to_v8","Output":"--- FAIL: TestM17PopulatedHistoricalUpgradeMatrix/v7_to_v8 (0.00s)\n"}
{"Time":"2026-09-28T23:41:01.245643+05:30","Action":"fail","Package":"resonance/internal/storage","Test":"TestM17PopulatedHistoricalUpgradeMatrix/v7_to_v8","Elapsed":0}
{"Time":"2026-09-28T23:41:01.245643+05:30","Action":"output","Package":"resonance/internal/storage","Test":"TestM17PopulatedHistoricalUpgradeMatrix","Output":"--- FAIL: TestM17PopulatedHistoricalUpgradeMatrix (0.00s)\n"}
{"Time":"2026-09-28T23:41:01.245643+05:30","Action":"fail","Package":"resonance/internal/storage","Test":"TestM17PopulatedHistoricalUpgradeMatrix","Elapsed":0}
{"Time":"2026-09-28T23:41:01.245643+05:30","Action":"run","Package":"resonance/internal/storage","Test":"TestM17MigrationBackendInterruptionRollbackAndRetry"}
{"Time":"2026-09-28T23:41:01.245643+05:30","Action":"output","Package":"resonance/internal/storage","Test":"TestM17MigrationBackendInterruptionRollbackAndRetry","Output":"=== RUN   TestM17MigrationBackendInterruptionRollbackAndRetry\n"}
{"Time":"2026-09-28T23:41:01.2461826+05:30","Action":"output","Package":"resonance/internal/storage","Test":"TestM17MigrationBackendInterruptionRollbackAndRetry","Output":"    m17_upgrade_integration_test.go:110: failed to connect to `user=resonance database=resonance_m17_test`: 127.0.0.1:55439 (127.0.0.1): dial error: dial tcp 127.0.0.1:55439: connectex: No connection could be made because the target machine actively refused it.\n"}
{"Time":"2026-09-28T23:41:01.2461826+05:30","Action":"output","Package":"resonance/internal/storage","Test":"TestM17MigrationBackendInterruptionRollbackAndRetry","Output":"--- FAIL: TestM17MigrationBackendInterruptionRollbackAndRetry (0.00s)\n"}
{"Time":"2026-09-28T23:41:01.2461826+05:30","Action":"fail","Package":"resonance/internal/storage","Test":"TestM17MigrationBackendInterruptionRollbackAndRetry","Elapsed":0}
{"Time":"2026-09-28T23:41:01.2461826+05:30","Action":"run","Package":"resonance/internal/storage","Test":"TestM17BackfillBackendInterruptionAndRetry"}
{"Time":"2026-09-28T23:41:01.2461826+05:30","Action":"output","Package":"resonance/internal/storage","Test":"TestM17BackfillBackendInterruptionAndRetry","Output":"=== RUN   TestM17BackfillBackendInterruptionAndRetry\n"}
{"Time":"2026-09-28T23:41:01.2472515+05:30","Action":"output","Package":"resonance/internal/storage","Test":"TestM17BackfillBackendInterruptionAndRetry","Output":"    m17_upgrade_integration_test.go:154: failed to connect to `user=resonance database=resonance_m17_test`: 127.0.0.1:55439 (127.0.0.1): dial error: dial tcp 127.0.0.1:55439: connectex: No connection could be made because the target machine actively refused it.\n"}
{"Time":"2026-09-28T23:41:01.2472515+05:30","Action":"output","Package":"resonance/internal/storage","Test":"TestM17BackfillBackendInterruptionAndRetry","Output":"--- FAIL: TestM17BackfillBackendInterruptionAndRetry (0.00s)\n"}
{"Time":"2026-09-28T23:41:01.2472515+05:30","Action":"fail","Package":"resonance/internal/storage","Test":"TestM17BackfillBackendInterruptionAndRetry","Elapsed":0}
{"Time":"2026-09-28T23:41:01.2472515+05:30","Action":"run","Package":"resonance/internal/storage","Test":"TestM17MigrationCLIAtTenThousandTracks"}
{"Time":"2026-09-28T23:41:01.2472515+05:30","Action":"output","Package":"resonance/internal/storage","Test":"TestM17MigrationCLIAtTenThousandTracks","Output":"=== RUN   TestM17MigrationCLIAtTenThousandTracks\n"}
{"Time":"2026-09-28T23:41:01.2483584+05:30","Action":"output","Package":"resonance/internal/storage","Test":"TestM17MigrationCLIAtTenThousandTracks","Output":"    m17_upgrade_integration_test.go:223: failed to connect to `user=resonance database=resonance_m17_test`: 127.0.0.1:55439 (127.0.0.1): dial error: dial tcp 127.0.0.1:55439: connectex: No connection could be made because the target machine actively refused it.\n"}
{"Time":"2026-09-28T23:41:01.2483584+05:30","Action":"output","Package":"resonance/internal/storage","Test":"TestM17MigrationCLIAtTenThousandTracks","Output":"--- FAIL: TestM17MigrationCLIAtTenThousandTracks (0.00s)\n"}
{"Time":"2026-09-28T23:41:01.2483584+05:30","Action":"fail","Package":"resonance/internal/storage","Test":"TestM17MigrationCLIAtTenThousandTracks","Elapsed":0}
{"Time":"2026-09-28T23:41:01.2483584+05:30","Action":"run","Package":"resonance/internal/storage","Test":"TestM17DamagedSchemaMatrix"}
{"Time":"2026-09-28T23:41:01.2483584+05:30","Action":"output","Package":"resonance/internal/storage","Test":"TestM17DamagedSchemaMatrix","Output":"=== RUN   TestM17DamagedSchemaMatrix\n"}
{"Time":"2026-09-28T23:41:01.2483584+05:30","Action":"run","Package":"resonance/internal/storage","Test":"TestM17DamagedSchemaMatrix/missing_receipt_index"}
{"Time":"2026-09-28T23:41:01.2483584+05:30","Action":"output","Package":"resonance/internal/storage","Test":"TestM17DamagedSchemaMatrix/missing_receipt_index","Output":"=== RUN   TestM17DamagedSchemaMatrix/missing_receipt_index\n"}
{"Time":"2026-09-28T23:41:01.2489195+05:30","Action":"output","Package":"resonance/internal/storage","Test":"TestM17DamagedSchemaMatrix/missing_receipt_index","Output":"    m17_upgrade_integration_test.go:283: failed to connect to `user=resonance database=resonance_m17_test`: 127.0.0.1:55439 (127.0.0.1): dial error: dial tcp 127.0.0.1:55439: connectex: No connection could be made because the target machine actively refused it.\n"}
{"Time":"2026-09-28T23:41:01.2489195+05:30","Action":"output","Package":"resonance/internal/storage","Test":"TestM17DamagedSchemaMatrix/missing_receipt_index","Output":"--- FAIL: TestM17DamagedSchemaMatrix/missing_receipt_index (0.00s)\n"}
{"Time":"2026-09-28T23:41:01.2489195+05:30","Action":"fail","Package":"resonance/internal/storage","Test":"TestM17DamagedSchemaMatrix/missing_receipt_index","Elapsed":0}
{"Time":"2026-09-28T23:41:01.2489195+05:30","Action":"run","Package":"resonance/internal/storage","Test":"TestM17DamagedSchemaMatrix/missing_queue_singleton"}
{"Time":"2026-09-28T23:41:01.2489195+05:30","Action":"output","Package":"resonance/internal/storage","Test":"TestM17DamagedSchemaMatrix/missing_queue_singleton","Output":"=== RUN   TestM17DamagedSchemaMatrix/missing_queue_singleton\n"}
{"Time":"2026-09-28T23:41:01.2499952+05:30","Action":"output","Package":"resonance/internal/storage","Test":"TestM17DamagedSchemaMatrix/missing_queue_singleton","Output":"    m17_upgrade_integration_test.go:283: failed to connect to `user=resonance database=resonance_m17_test`: 127.0.0.1:55439 (127.0.0.1): dial error: dial tcp 127.0.0.1:55439: connectex: No connection could be made because the target machine actively refused it.\n"}
{"Time":"2026-09-28T23:41:01.2499952+05:30","Action":"output","Package":"resonance/internal/storage","Test":"TestM17DamagedSchemaMatrix/missing_queue_singleton","Output":"--- FAIL: TestM17DamagedSchemaMatrix/missing_queue_singleton (0.00s)\n"}
{"Time":"2026-09-28T23:41:01.2499952+05:30","Action":"fail","Package":"resonance/internal/storage","Test":"TestM17DamagedSchemaMatrix/missing_queue_singleton","Elapsed":0}
{"Time":"2026-09-28T23:41:01.2499952+05:30","Action":"run","Package":"resonance/internal/storage","Test":"TestM17DamagedSchemaMatrix/wrong_ledger_checksum"}
{"Time":"2026-09-28T23:41:01.2499952+05:30","Action":"output","Package":"resonance/internal/storage","Test":"TestM17DamagedSchemaMatrix/wrong_ledger_checksum","Output":"=== RUN   TestM17DamagedSchemaMatrix/wrong_ledger_checksum\n"}
{"Time":"2026-09-28T23:41:01.2510699+05:30","Action":"output","Package":"resonance/internal/storage","Test":"TestM17DamagedSchemaMatrix/wrong_ledger_checksum","Output":"    m17_upgrade_integration_test.go:283: failed to connect to `user=resonance database=resonance_m17_test`: 127.0.0.1:55439 (127.0.0.1): dial error: dial tcp 127.0.0.1:55439: connectex: No connection could be made because the target machine actively refused it.\n"}
{"Time":"2026-09-28T23:41:01.2510699+05:30","Action":"output","Package":"resonance/internal/storage","Test":"TestM17DamagedSchemaMatrix/wrong_ledger_checksum","Output":"--- FAIL: TestM17DamagedSchemaMatrix/wrong_ledger_checksum (0.00s)\n"}
{"Time":"2026-09-28T23:41:01.2510699+05:30","Action":"fail","Package":"resonance/internal/storage","Test":"TestM17DamagedSchemaMatrix/wrong_ledger_checksum","Elapsed":0}
{"Time":"2026-09-28T23:41:01.2510699+05:30","Action":"run","Package":"resonance/internal/storage","Test":"TestM17DamagedSchemaMatrix/missing_root_fence"}
{"Time":"2026-09-28T23:41:01.2510699+05:30","Action":"output","Package":"resonance/internal/storage","Test":"TestM17DamagedSchemaMatrix/missing_root_fence","Output":"=== RUN   TestM17DamagedSchemaMatrix/missing_root_fence\n"}
{"Time":"2026-09-28T23:41:01.251607+05:30","Action":"output","Package":"resonance/internal/storage","Test":"TestM17DamagedSchemaMatrix/missing_root_fence","Output":"    m17_upgrade_integration_test.go:283: failed to connect to `user=resonance database=resonance_m17_test`: 127.0.0.1:55439 (127.0.0.1): dial error: dial tcp 127.0.0.1:55439: connectex: No connection could be made because the target machine actively refused it.\n"}
{"Time":"2026-09-28T23:41:01.251607+05:30","Action":"output","Package":"resonance/internal/storage","Test":"TestM17DamagedSchemaMatrix/missing_root_fence","Output":"--- FAIL: TestM17DamagedSchemaMatrix/missing_root_fence (0.00s)\n"}
{"Time":"2026-09-28T23:41:01.251607+05:30","Action":"fail","Package":"resonance/internal/storage","Test":"TestM17DamagedSchemaMatrix/missing_root_fence","Elapsed":0}
{"Time":"2026-09-28T23:41:01.251607+05:30","Action":"run","Package":"resonance/internal/storage","Test":"TestM17DamagedSchemaMatrix/incomplete_grouping"}
{"Time":"2026-09-28T23:41:01.251607+05:30","Action":"output","Package":"resonance/internal/storage","Test":"TestM17DamagedSchemaMatrix/incomplete_grouping","Output":"=== RUN   TestM17DamagedSchemaMatrix/incomplete_grouping\n"}
{"Time":"2026-09-28T23:41:01.252147+05:30","Action":"output","Package":"resonance/internal/storage","Test":"TestM17DamagedSchemaMatrix/incomplete_grouping","Output":"    m17_upgrade_integration_test.go:283: failed to connect to `user=resonance database=resonance_m17_test`: 127.0.0.1:55439 (127.0.0.1): dial error: dial tcp 127.0.0.1:55439: connectex: No connection could be made because the target machine actively refused it.\n"}
{"Time":"2026-09-28T23:41:01.252147+05:30","Action":"output","Package":"resonance/internal/storage","Test":"TestM17DamagedSchemaMatrix/incomplete_grouping","Output":"--- FAIL: TestM17DamagedSchemaMatrix/incomplete_grouping (0.00s)\n"}
{"Time":"2026-09-28T23:41:01.252147+05:30","Action":"fail","Package":"resonance/internal/storage","Test":"TestM17DamagedSchemaMatrix/incomplete_grouping","Elapsed":0}
{"Time":"2026-09-28T23:41:01.252147+05:30","Action":"output","Package":"resonance/internal/storage","Test":"TestM17DamagedSchemaMatrix","Output":"--- FAIL: TestM17DamagedSchemaMatrix (0.00s)\n"}
{"Time":"2026-09-28T23:41:01.252147+05:30","Action":"fail","Package":"resonance/internal/storage","Test":"TestM17DamagedSchemaMatrix","Elapsed":0}
{"Time":"2026-09-28T23:41:01.252147+05:30","Action":"run","Package":"resonance/internal/storage","Test":"TestMigrationOrderingAndChecksums"}
{"Time":"2026-09-28T23:41:01.252147+05:30","Action":"output","Package":"resonance/internal/storage","Test":"TestMigrationOrderingAndChecksums","Output":"=== RUN   TestMigrationOrderingAndChecksums\n"}
{"Time":"2026-09-28T23:41:01.252147+05:30","Action":"output","Package":"resonance/internal/storage","Test":"TestMigrationOrderingAndChecksums","Output":"--- PASS: TestMigrationOrderingAndChecksums (0.00s)\n"}
{"Time":"2026-09-28T23:41:01.2526767+05:30","Action":"pass","Package":"resonance/internal/storage","Test":"TestMigrationOrderingAndChecksums","Elapsed":0}
{"Time":"2026-09-28T23:41:01.2526767+05:30","Action":"run","Package":"resonance/internal/storage","Test":"TestReviewSchemaDrift"}
{"Time":"2026-09-28T23:41:01.2526767+05:30","Action":"output","Package":"resonance/internal/storage","Test":"TestReviewSchemaDrift","Output":"=== RUN   TestReviewSchemaDrift\n"}
{"Time":"2026-09-28T23:41:01.2526767+05:30","Action":"run","Package":"resonance/internal/storage","Test":"TestReviewSchemaDrift/ALTER_TABLE_tracks_DROP_COLUMN_title"}
{"Time":"2026-09-28T23:41:01.2526767+05:30","Action":"output","Package":"resonance/internal/storage","Test":"TestReviewSchemaDrift/ALTER_TABLE_tracks_DROP_COLUMN_title","Output":"=== RUN   TestReviewSchemaDrift/ALTER_TABLE_tracks_DROP_COLUMN_title\n"}
{"Time":"2026-09-28T23:41:01.2531968+05:30","Action":"output","Package":"resonance/internal/storage","Test":"TestReviewSchemaDrift/ALTER_TABLE_tracks_DROP_COLUMN_title","Output":"    review_integration_test.go:33: failed to connect to `user=resonance database=resonance_m17_test`: 127.0.0.1:55439 (127.0.0.1): dial error: dial tcp 127.0.0.1:55439: connectex: No connection could be made because the target machine actively refused it.\n"}
{"Time":"2026-09-28T23:41:01.2531968+05:30","Action":"output","Package":"resonance/internal/storage","Test":"TestReviewSchemaDrift/ALTER_TABLE_tracks_DROP_COLUMN_title","Output":"--- FAIL: TestReviewSchemaDrift/ALTER_TABLE_tracks_DROP_COLUMN_title (0.00s)\n"}
{"Time":"2026-09-28T23:41:01.2531968+05:30","Action":"fail","Package":"resonance/internal/storage","Test":"TestReviewSchemaDrift/ALTER_TABLE_tracks_DROP_COLUMN_title","Elapsed":0}
{"Time":"2026-09-28T23:41:01.2531968+05:30","Action":"run","Package":"resonance/internal/storage","Test":"TestReviewSchemaDrift/ALTER_TABLE_media_objects_DROP_CONSTRAINT_media_objects_hash_length"}
{"Time":"2026-09-28T23:41:01.2531968+05:30","Action":"output","Package":"resonance/internal/storage","Test":"TestReviewSchemaDrift/ALTER_TABLE_media_objects_DROP_CONSTRAINT_media_objects_hash_length","Output":"=== RUN   TestReviewSchemaDrift/ALTER_TABLE_media_objects_DROP_CONSTRAINT_media_objects_hash_length\n"}
{"Time":"2026-09-28T23:41:01.2537387+05:30","Action":"output","Package":"resonance/internal/storage","Test":"TestReviewSchemaDrift/ALTER_TABLE_media_objects_DROP_CONSTRAINT_media_objects_hash_length","Output":"    review_integration_test.go:33: failed to connect to `user=resonance database=resonance_m17_test`: 127.0.0.1:55439 (127.0.0.1): dial error: dial tcp 127.0.0.1:55439: connectex: No connection could be made because the target machine actively refused it.\n"}
{"Time":"2026-09-28T23:41:01.2537387+05:30","Action":"output","Package":"resonance/internal/storage","Test":"TestReviewSchemaDrift/ALTER_TABLE_media_objects_DROP_CONSTRAINT_media_objects_hash_length","Output":"--- FAIL: TestReviewSchemaDrift/ALTER_TABLE_media_objects_DROP_CONSTRAINT_media_objects_hash_length (0.00s)\n"}
{"Time":"2026-09-28T23:41:01.2537387+05:30","Action":"fail","Package":"resonance/internal/storage","Test":"TestReviewSchemaDrift/ALTER_TABLE_media_objects_DROP_CONSTRAINT_media_objects_hash_length","Elapsed":0}
{"Time":"2026-09-28T23:41:01.2537387+05:30","Action":"run","Package":"resonance/internal/storage","Test":"TestReviewSchemaDrift/DROP_INDEX_media_objects_track_id_idx"}
{"Time":"2026-09-28T23:41:01.2537387+05:30","Action":"output","Package":"resonance/internal/storage","Test":"TestReviewSchemaDrift/DROP_INDEX_media_objects_track_id_idx","Output":"=== RUN   TestReviewSchemaDrift/DROP_INDEX_media_objects_track_id_idx\n"}
{"Time":"2026-09-28T23:41:01.2547696+05:30","Action":"output","Package":"resonance/internal/storage","Test":"TestReviewSchemaDrift/DROP_INDEX_media_objects_track_id_idx","Output":"    review_integration_test.go:33: failed to connect to `user=resonance database=resonance_m17_test`: 127.0.0.1:55439 (127.0.0.1): dial error: dial tcp 127.0.0.1:55439: connectex: No connection could be made because the target machine actively refused it.\n"}
{"Time":"2026-09-28T23:41:01.2547696+05:30","Action":"output","Package":"resonance/internal/storage","Test":"TestReviewSchemaDrift/DROP_INDEX_media_objects_track_id_idx","Output":"--- FAIL: TestReviewSchemaDrift/DROP_INDEX_media_objects_track_id_idx (0.00s)\n"}
{"Time":"2026-09-28T23:41:01.2547696+05:30","Action":"fail","Package":"resonance/internal/storage","Test":"TestReviewSchemaDrift/DROP_INDEX_media_objects_track_id_idx","Elapsed":0}
{"Time":"2026-09-28T23:41:01.2547696+05:30","Action":"run","Package":"resonance/internal/storage","Test":"TestReviewSchemaDrift/ALTER_TABLE_media_locations_ALTER_COLUMN_local_path_DROP_NOT_NULL"}
{"Time":"2026-09-28T23:41:01.2547696+05:30","Action":"output","Package":"resonance/internal/storage","Test":"TestReviewSchemaDrift/ALTER_TABLE_media_locations_ALTER_COLUMN_local_path_DROP_NOT_NULL","Output":"=== RUN   TestReviewSchemaDrift/ALTER_TABLE_media_locations_ALTER_COLUMN_local_path_DROP_NOT_NULL\n"}
{"Time":"2026-09-28T23:41:01.2553188+05:30","Action":"output","Package":"resonance/internal/storage","Test":"TestReviewSchemaDrift/ALTER_TABLE_media_locations_ALTER_COLUMN_local_path_DROP_NOT_NULL","Output":"    review_integration_test.go:33: failed to connect to `user=resonance database=resonance_m17_test`: 127.0.0.1:55439 (127.0.0.1): dial error: dial tcp 127.0.0.1:55439: connectex: No connection could be made because the target machine actively refused it.\n"}
{"Time":"2026-09-28T23:41:01.2553188+05:30","Action":"output","Package":"resonance/internal/storage","Test":"TestReviewSchemaDrift/ALTER_TABLE_media_locations_ALTER_COLUMN_local_path_DROP_NOT_NULL","Output":"--- FAIL: TestReviewSchemaDrift/ALTER_TABLE_media_locations_ALTER_COLUMN_local_path_DROP_NOT_NULL (0.00s)\n"}
{"Time":"2026-09-28T23:41:01.2553188+05:30","Action":"fail","Package":"resonance/internal/storage","Test":"TestReviewSchemaDrift/ALTER_TABLE_media_locations_ALTER_COLUMN_local_path_DROP_NOT_NULL","Elapsed":0}
{"Time":"2026-09-28T23:41:01.2553188+05:30","Action":"run","Package":"resonance/internal/storage","Test":"TestReviewSchemaDrift/ALTER_TABLE_media_objects_DROP_CONSTRAINT_media_objects_track_id_fkey"}
{"Time":"2026-09-28T23:41:01.2553188+05:30","Action":"output","Package":"resonance/internal/storage","Test":"TestReviewSchemaDrift/ALTER_TABLE_media_objects_DROP_CONSTRAINT_media_objects_track_id_fkey","Output":"=== RUN   TestReviewSchemaDrift/ALTER_TABLE_media_objects_DROP_CONSTRAINT_media_objects_track_id_fkey\n"}
{"Time":"2026-09-28T23:41:01.2563777+05:30","Action":"output","Package":"resonance/internal/storage","Test":"TestReviewSchemaDrift/ALTER_TABLE_media_objects_DROP_CONSTRAINT_media_objects_track_id_fkey","Output":"    review_integration_test.go:33: failed to connect to `user=resonance database=resonance_m17_test`: 127.0.0.1:55439 (127.0.0.1): dial error: dial tcp 127.0.0.1:55439: connectex: No connection could be made because the target machine actively refused it.\n"}
{"Time":"2026-09-28T23:41:01.2563777+05:30","Action":"output","Package":"resonance/internal/storage","Test":"TestReviewSchemaDrift/ALTER_TABLE_media_objects_DROP_CONSTRAINT_media_objects_track_id_fkey","Output":"--- FAIL: TestReviewSchemaDrift/ALTER_TABLE_media_objects_DROP_CONSTRAINT_media_objects_track_id_fkey (0.00s)\n"}
{"Time":"2026-09-28T23:41:01.2563777+05:30","Action":"fail","Package":"resonance/internal/storage","Test":"TestReviewSchemaDrift/ALTER_TABLE_media_objects_DROP_CONSTRAINT_media_objects_track_id_fkey","Elapsed":0}
{"Time":"2026-09-28T23:41:01.2563777+05:30","Action":"run","Package":"resonance/internal/storage","Test":"TestReviewSchemaDrift/ALTER_TABLE_scan_errors_DROP_CONSTRAINT_scan_errors_code_check,_ADD_CONSTRAINT_scan_errors_code_check_CHECK_(length(code)_\u003e_0)"}
{"Time":"2026-09-28T23:41:01.2563777+05:30","Action":"output","Package":"resonance/internal/storage","Test":"TestReviewSchemaDrift/ALTER_TABLE_scan_errors_DROP_CONSTRAINT_scan_errors_code_check,_ADD_CONSTRAINT_scan_errors_code_check_CHECK_(length(code)_\u003e_0)","Output":"=== RUN   TestReviewSchemaDrift/ALTER_TABLE_scan_errors_DROP_CONSTRAINT_scan_errors_code_check,_ADD_CONSTRAINT_scan_errors_code_check_CHECK_(length(code)_\u003e_0)\n"}
{"Time":"2026-09-28T23:41:01.2569151+05:30","Action":"output","Package":"resonance/internal/storage","Test":"TestReviewSchemaDrift/ALTER_TABLE_scan_errors_DROP_CONSTRAINT_scan_errors_code_check,_ADD_CONSTRAINT_scan_errors_code_check_CHECK_(length(code)_\u003e_0)","Output":"    review_integration_test.go:33: failed to connect to `user=resonance database=resonance_m17_test`: 127.0.0.1:55439 (127.0.0.1): dial error: dial tcp 127.0.0.1:55439: connectex: No connection could be made because the target machine actively refused it.\n"}
{"Time":"2026-09-28T23:41:01.2569151+05:30","Action":"output","Package":"resonance/internal/storage","Test":"TestReviewSchemaDrift/ALTER_TABLE_scan_errors_DROP_CONSTRAINT_scan_errors_code_check,_ADD_CONSTRAINT_scan_errors_code_check_CHECK_(length(code)_\u003e_0)","Output":"--- FAIL: TestReviewSchemaDrift/ALTER_TABLE_scan_errors_DROP_CONSTRAINT_scan_errors_code_check,_ADD_CONSTRAINT_scan_errors_code_check_CHECK_(length(code)_\u003e_0) (0.00s)\n"}
{"Time":"2026-09-28T23:41:01.2569151+05:30","Action":"fail","Package":"resonance/internal/storage","Test":"TestReviewSchemaDrift/ALTER_TABLE_scan_errors_DROP_CONSTRAINT_scan_errors_code_check,_ADD_CONSTRAINT_scan_errors_code_check_CHECK_(length(code)_\u003e_0)","Elapsed":0}
{"Time":"2026-09-28T23:41:01.2569151+05:30","Action":"run","Package":"resonance/internal/storage","Test":"TestReviewSchemaDrift/ALTER_TABLE_library_roots_DROP_CONSTRAINT_library_roots_path_key_key,_ADD_CONSTRAINT_library_roots_path_key_key_UNIQUE_(canonical_path)"}
{"Time":"2026-09-28T23:41:01.2569151+05:30","Action":"output","Package":"resonance/internal/storage","Test":"TestReviewSchemaDrift/ALTER_TABLE_library_roots_DROP_CONSTRAINT_library_roots_path_key_key,_ADD_CONSTRAINT_library_roots_path_key_key_UNIQUE_(canonical_path)","Output":"=== RUN   TestReviewSchemaDrift/ALTER_TABLE_library_roots_DROP_CONSTRAINT_library_roots_path_key_key,_ADD_CONSTRAINT_library_roots_path_key_key_UNIQUE_(canonical_path)\n"}
{"Time":"2026-09-28T23:41:01.2580363+05:30","Action":"output","Package":"resonance/internal/storage","Test":"TestReviewSchemaDrift/ALTER_TABLE_library_roots_DROP_CONSTRAINT_library_roots_path_key_key,_ADD_CONSTRAINT_library_roots_path_key_key_UNIQUE_(canonical_path)","Output":"    review_integration_test.go:33: failed to connect to `user=resonance database=resonance_m17_test`: 127.0.0.1:55439 (127.0.0.1): dial error: dial tcp 127.0.0.1:55439: connectex: No connection could be made because the target machine actively refused it.\n"}
{"Time":"2026-09-28T23:41:01.2580363+05:30","Action":"output","Package":"resonance/internal/storage","Test":"TestReviewSchemaDrift/ALTER_TABLE_library_roots_DROP_CONSTRAINT_library_roots_path_key_key,_ADD_CONSTRAINT_library_roots_path_key_key_UNIQUE_(canonical_path)","Output":"--- FAIL: TestReviewSchemaDrift/ALTER_TABLE_library_roots_DROP_CONSTRAINT_library_roots_path_key_key,_ADD_CONSTRAINT_library_roots_path_key_key_UNIQUE_(canonical_path) (0.00s)\n"}
{"Time":"2026-09-28T23:41:01.2580363+05:30","Action":"fail","Package":"resonance/internal/storage","Test":"TestReviewSchemaDrift/ALTER_TABLE_library_roots_DROP_CONSTRAINT_library_roots_path_key_key,_ADD_CONSTRAINT_library_roots_path_key_key_UNIQUE_(canonical_path)","Elapsed":0}
{"Time":"2026-09-28T23:41:01.2580363+05:30","Action":"run","Package":"resonance/internal/storage","Test":"TestReviewSchemaDrift/ALTER_TABLE_media_locations_DROP_COLUMN_observed_mtime_ns"}
{"Time":"2026-09-28T23:41:01.2580363+05:30","Action":"output","Package":"resonance/internal/storage","Test":"TestReviewSchemaDrift/ALTER_TABLE_media_locations_DROP_COLUMN_observed_mtime_ns","Output":"=== RUN   TestReviewSchemaDrift/ALTER_TABLE_media_locations_DROP_COLUMN_observed_mtime_ns\n"}
{"Time":"2026-09-28T23:41:01.2585741+05:30","Action":"output","Package":"resonance/internal/storage","Test":"TestReviewSchemaDrift/ALTER_TABLE_media_locations_DROP_COLUMN_observed_mtime_ns","Output":"    review_integration_test.go:33: failed to connect to `user=resonance database=resonance_m17_test`: 127.0.0.1:55439 (127.0.0.1): dial error: dial tcp 127.0.0.1:55439: connectex: No connection could be made because the target machine actively refused it.\n"}
{"Time":"2026-09-28T23:41:01.2585741+05:30","Action":"output","Package":"resonance/internal/storage","Test":"TestReviewSchemaDrift/ALTER_TABLE_media_locations_DROP_COLUMN_observed_mtime_ns","Output":"--- FAIL: TestReviewSchemaDrift/ALTER_TABLE_media_locations_DROP_COLUMN_observed_mtime_ns (0.00s)\n"}
{"Time":"2026-09-28T23:41:01.2585741+05:30","Action":"fail","Package":"resonance/internal/storage","Test":"TestReviewSchemaDrift/ALTER_TABLE_media_locations_DROP_COLUMN_observed_mtime_ns","Elapsed":0}
{"Time":"2026-09-28T23:41:01.2585741+05:30","Action":"run","Package":"resonance/internal/storage","Test":"TestReviewSchemaDrift/ALTER_TABLE_media_locations_DROP_CONSTRAINT_media_locations_native_identity_check"}
{"Time":"2026-09-28T23:41:01.2585741+05:30","Action":"output","Package":"resonance/internal/storage","Test":"TestReviewSchemaDrift/ALTER_TABLE_media_locations_DROP_CONSTRAINT_media_locations_native_identity_check","Output":"=== RUN   TestReviewSchemaDrift/ALTER_TABLE_media_locations_DROP_CONSTRAINT_media_locations_native_identity_check\n"}
{"Time":"2026-09-28T23:41:01.2596343+05:30","Action":"output","Package":"resonance/internal/storage","Test":"TestReviewSchemaDrift/ALTER_TABLE_media_locations_DROP_CONSTRAINT_media_locations_native_identity_check","Output":"    review_integration_test.go:33: failed to connect to `user=resonance database=resonance_m17_test`: 127.0.0.1:55439 (127.0.0.1): dial error: dial tcp 127.0.0.1:55439: connectex: No connection could be made because the target machine actively refused it.\n"}
{"Time":"2026-09-28T23:41:01.2596343+05:30","Action":"output","Package":"resonance/internal/storage","Test":"TestReviewSchemaDrift/ALTER_TABLE_media_locations_DROP_CONSTRAINT_media_locations_native_identity_check","Output":"--- FAIL: TestReviewSchemaDrift/ALTER_TABLE_media_locations_DROP_CONSTRAINT_media_locations_native_identity_check (0.00s)\n"}
{"Time":"2026-09-28T23:41:01.2596343+05:30","Action":"fail","Package":"resonance/internal/storage","Test":"TestReviewSchemaDrift/ALTER_TABLE_media_locations_DROP_CONSTRAINT_media_locations_native_identity_check","Elapsed":0}
{"Time":"2026-09-28T23:41:01.2596343+05:30","Action":"run","Package":"resonance/internal/storage","Test":"TestReviewSchemaDrift/ALTER_TABLE_scan_runs_DROP_CONSTRAINT_scan_runs_counters_nonnegative"}
{"Time":"2026-09-28T23:41:01.2596343+05:30","Action":"output","Package":"resonance/internal/storage","Test":"TestReviewSchemaDrift/ALTER_TABLE_scan_runs_DROP_CONSTRAINT_scan_runs_counters_nonnegative","Output":"=== RUN   TestReviewSchemaDrift/ALTER_TABLE_scan_runs_DROP_CONSTRAINT_scan_runs_counters_nonnegative\n"}
{"Time":"2026-09-28T23:41:01.2601444+05:30","Action":"output","Package":"resonance/internal/storage","Test":"TestReviewSchemaDrift/ALTER_TABLE_scan_runs_DROP_CONSTRAINT_scan_runs_counters_nonnegative","Output":"    review_integration_test.go:33: failed to connect to `user=resonance database=resonance_m17_test`: 127.0.0.1:55439 (127.0.0.1): dial error: dial tcp 127.0.0.1:55439: connectex: No connection could be made because the target machine actively refused it.\n"}
{"Time":"2026-09-28T23:41:01.2601444+05:30","Action":"output","Package":"resonance/internal/storage","Test":"TestReviewSchemaDrift/ALTER_TABLE_scan_runs_DROP_CONSTRAINT_scan_runs_counters_nonnegative","Output":"--- FAIL: TestReviewSchemaDrift/ALTER_TABLE_scan_runs_DROP_CONSTRAINT_scan_runs_counters_nonnegative (0.00s)\n"}
{"Time":"2026-09-28T23:41:01.2601444+05:30","Action":"fail","Package":"resonance/internal/storage","Test":"TestReviewSchemaDrift/ALTER_TABLE_scan_runs_DROP_CONSTRAINT_scan_runs_counters_nonnegative","Elapsed":0}
{"Time":"2026-09-28T23:41:01.2601444+05:30","Action":"run","Package":"resonance/internal/storage","Test":"TestReviewSchemaDrift/ALTER_TABLE_scan_runs_DROP_CONSTRAINT_scan_runs_root_id_id_key_CASCADE"}
{"Time":"2026-09-28T23:41:01.2601444+05:30","Action":"output","Package":"resonance/internal/storage","Test":"TestReviewSchemaDrift/ALTER_TABLE_scan_runs_DROP_CONSTRAINT_scan_runs_root_id_id_key_CASCADE","Output":"=== RUN   TestReviewSchemaDrift/ALTER_TABLE_scan_runs_DROP_CONSTRAINT_scan_runs_root_id_id_key_CASCADE\n"}
{"Time":"2026-09-28T23:41:01.2601444+05:30","Action":"output","Package":"resonance/internal/storage","Test":"TestReviewSchemaDrift/ALTER_TABLE_scan_runs_DROP_CONSTRAINT_scan_runs_root_id_id_key_CASCADE","Output":"    review_integration_test.go:33: failed to connect to `user=resonance database=resonance_m17_test`: 127.0.0.1:55439 (127.0.0.1): dial error: dial tcp 127.0.0.1:55439: connectex: No connection could be made because the target machine actively refused it.\n"}
{"Time":"2026-09-28T23:41:01.2601444+05:30","Action":"output","Package":"resonance/internal/storage","Test":"TestReviewSchemaDrift/ALTER_TABLE_scan_runs_DROP_CONSTRAINT_scan_runs_root_id_id_key_CASCADE","Output":"--- FAIL: TestReviewSchemaDrift/ALTER_TABLE_scan_runs_DROP_CONSTRAINT_scan_runs_root_id_id_key_CASCADE (0.00s)\n"}
{"Time":"2026-09-28T23:41:01.2601444+05:30","Action":"fail","Package":"resonance/internal/storage","Test":"TestReviewSchemaDrift/ALTER_TABLE_scan_runs_DROP_CONSTRAINT_scan_runs_root_id_id_key_CASCADE","Elapsed":0}
{"Time":"2026-09-28T23:41:01.2601444+05:30","Action":"run","Package":"resonance/internal/storage","Test":"TestReviewSchemaDrift/ALTER_TABLE_library_roots_DROP_CONSTRAINT_library_roots_last_successful_scan_fkey"}
{"Time":"2026-09-28T23:41:01.2601444+05:30","Action":"output","Package":"resonance/internal/storage","Test":"TestReviewSchemaDrift/ALTER_TABLE_library_roots_DROP_CONSTRAINT_library_roots_last_successful_scan_fkey","Output":"=== RUN   TestReviewSchemaDrift/ALTER_TABLE_library_roots_DROP_CONSTRAINT_library_roots_last_successful_scan_fkey\n"}
{"Time":"2026-09-28T23:41:01.2611491+05:30","Action":"output","Package":"resonance/internal/storage","Test":"TestReviewSchemaDrift/ALTER_TABLE_library_roots_DROP_CONSTRAINT_library_roots_last_successful_scan_fkey","Output":"    review_integration_test.go:33: failed to connect to `user=resonance database=resonance_m17_test`: 127.0.0.1:55439 (127.0.0.1): dial error: dial tcp 127.0.0.1:55439: connectex: No connection could be made because the target machine actively refused it.\n"}
{"Time":"2026-09-28T23:41:01.2611491+05:30","Action":"output","Package":"resonance/internal/storage","Test":"TestReviewSchemaDrift/ALTER_TABLE_library_roots_DROP_CONSTRAINT_library_roots_last_successful_scan_fkey","Output":"--- FAIL: TestReviewSchemaDrift/ALTER_TABLE_library_roots_DROP_CONSTRAINT_library_roots_last_successful_scan_fkey (0.00s)\n"}
{"Time":"2026-09-28T23:41:01.2611491+05:30","Action":"fail","Package":"resonance/internal/storage","Test":"TestReviewSchemaDrift/ALTER_TABLE_library_roots_DROP_CONSTRAINT_library_roots_last_successful_scan_fkey","Elapsed":0}
{"Time":"2026-09-28T23:41:01.2611491+05:30","Action":"run","Package":"resonance/internal/storage","Test":"TestReviewSchemaDrift/ALTER_TABLE_tracks_DROP_CONSTRAINT_tracks_metadata_source_location_fkey"}
{"Time":"2026-09-28T23:41:01.2611491+05:30","Action":"output","Package":"resonance/internal/storage","Test":"TestReviewSchemaDrift/ALTER_TABLE_tracks_DROP_CONSTRAINT_tracks_metadata_source_location_fkey","Output":"=== RUN   TestReviewSchemaDrift/ALTER_TABLE_tracks_DROP_CONSTRAINT_tracks_metadata_source_location_fkey\n"}
{"Time":"2026-09-28T23:41:01.2616543+05:30","Action":"output","Package":"resonance/internal/storage","Test":"TestReviewSchemaDrift/ALTER_TABLE_tracks_DROP_CONSTRAINT_tracks_metadata_source_location_fkey","Output":"    review_integration_test.go:33: failed to connect to `user=resonance database=resonance_m17_test`: 127.0.0.1:55439 (127.0.0.1): dial error: dial tcp 127.0.0.1:55439: connectex: No connection could be made because the target machine actively refused it.\n"}
{"Time":"2026-09-28T23:41:01.2616543+05:30","Action":"output","Package":"resonance/internal/storage","Test":"TestReviewSchemaDrift/ALTER_TABLE_tracks_DROP_CONSTRAINT_tracks_metadata_source_location_fkey","Output":"--- FAIL: TestReviewSchemaDrift/ALTER_TABLE_tracks_DROP_CONSTRAINT_tracks_metadata_source_location_fkey (0.00s)\n"}
{"Time":"2026-09-28T23:41:01.2616543+05:30","Action":"fail","Package":"resonance/internal/storage","Test":"TestReviewSchemaDrift/ALTER_TABLE_tracks_DROP_CONSTRAINT_tracks_metadata_source_location_fkey","Elapsed":0}
{"Time":"2026-09-28T23:41:01.2616543+05:30","Action":"run","Package":"resonance/internal/storage","Test":"TestReviewSchemaDrift/DROP_INDEX_media_locations_active_root_relative_idx"}
{"Time":"2026-09-28T23:41:01.2616543+05:30","Action":"output","Package":"resonance/internal/storage","Test":"TestReviewSchemaDrift/DROP_INDEX_media_locations_active_root_relative_idx","Output":"=== RUN   TestReviewSchemaDrift/DROP_INDEX_media_locations_active_root_relative_idx\n"}
{"Time":"2026-09-28T23:41:01.2616543+05:30","Action":"output","Package":"resonance/internal/storage","Test":"TestReviewSchemaDrift/DROP_INDEX_media_locations_active_root_relative_idx","Output":"    review_integration_test.go:33: failed to connect to `user=resonance database=resonance_m17_test`: 127.0.0.1:55439 (127.0.0.1): dial error: dial tcp 127.0.0.1:55439: connectex: No connection could be made because the target machine actively refused it.\n"}
{"Time":"2026-09-28T23:41:01.2616543+05:30","Action":"output","Package":"resonance/internal/storage","Test":"TestReviewSchemaDrift/DROP_INDEX_media_locations_active_root_relative_idx","Output":"--- FAIL: TestReviewSchemaDrift/DROP_INDEX_media_locations_active_root_relative_idx (0.00s)\n"}
{"Time":"2026-09-28T23:41:01.2616543+05:30","Action":"fail","Package":"resonance/internal/storage","Test":"TestReviewSchemaDrift/DROP_INDEX_media_locations_active_root_relative_idx","Elapsed":0}
{"Time":"2026-09-28T23:41:01.2616543+05:30","Action":"run","Package":"resonance/internal/storage","Test":"TestReviewSchemaDrift/DROP_INDEX_media_locations_root_availability_idx"}
{"Time":"2026-09-28T23:41:01.2616543+05:30","Action":"output","Package":"resonance/internal/storage","Test":"TestReviewSchemaDrift/DROP_INDEX_media_locations_root_availability_idx","Output":"=== RUN   TestReviewSchemaDrift/DROP_INDEX_media_locations_root_availability_idx\n"}
{"Time":"2026-09-28T23:41:01.26266+05:30","Action":"output","Package":"resonance/internal/storage","Test":"TestReviewSchemaDrift/DROP_INDEX_media_locations_root_availability_idx","Output":"    review_integration_test.go:33: failed to connect to `user=resonance database=resonance_m17_test`: 127.0.0.1:55439 (127.0.0.1): dial error: dial tcp 127.0.0.1:55439: connectex: No connection could be made because the target machine actively refused it.\n"}
{"Time":"2026-09-28T23:41:01.26266+05:30","Action":"output","Package":"resonance/internal/storage","Test":"TestReviewSchemaDrift/DROP_INDEX_media_locations_root_availability_idx","Output":"--- FAIL: TestReviewSchemaDrift/DROP_INDEX_media_locations_root_availability_idx (0.00s)\n"}
{"Time":"2026-09-28T23:41:01.26266+05:30","Action":"fail","Package":"resonance/internal/storage","Test":"TestReviewSchemaDrift/DROP_INDEX_media_locations_root_availability_idx","Elapsed":0}
{"Time":"2026-09-28T23:41:01.26266+05:30","Action":"run","Package":"resonance/internal/storage","Test":"TestReviewSchemaDrift/DROP_INDEX_media_locations_native_lookup_idx"}
{"Time":"2026-09-28T23:41:01.26266+05:30","Action":"output","Package":"resonance/internal/storage","Test":"TestReviewSchemaDrift/DROP_INDEX_media_locations_native_lookup_idx","Output":"=== RUN   TestReviewSchemaDrift/DROP_INDEX_media_locations_native_lookup_idx\n"}
{"Time":"2026-09-28T23:41:01.2636699+05:30","Action":"output","Package":"resonance/internal/storage","Test":"TestReviewSchemaDrift/DROP_INDEX_media_locations_native_lookup_idx","Output":"    review_integration_test.go:33: failed to connect to `user=resonance database=resonance_m17_test`: 127.0.0.1:55439 (127.0.0.1): dial error: dial tcp 127.0.0.1:55439: connectex: No connection could be made because the target machine actively refused it.\n"}
{"Time":"2026-09-28T23:41:01.2636699+05:30","Action":"output","Package":"resonance/internal/storage","Test":"TestReviewSchemaDrift/DROP_INDEX_media_locations_native_lookup_idx","Output":"--- FAIL: TestReviewSchemaDrift/DROP_INDEX_media_locations_native_lookup_idx (0.00s)\n"}
{"Time":"2026-09-28T23:41:01.2636699+05:30","Action":"fail","Package":"resonance/internal/storage","Test":"TestReviewSchemaDrift/DROP_INDEX_media_locations_native_lookup_idx","Elapsed":0}
{"Time":"2026-09-28T23:41:01.2636699+05:30","Action":"output","Package":"resonance/internal/storage","Test":"TestReviewSchemaDrift","Output":"--- FAIL: TestReviewSchemaDrift (0.01s)\n"}
{"Time":"2026-09-28T23:41:01.2636699+05:30","Action":"fail","Package":"resonance/internal/storage","Test":"TestReviewSchemaDrift","Elapsed":0.01}
{"Time":"2026-09-28T23:41:01.2636699+05:30","Action":"run","Package":"resonance/internal/storage","Test":"TestReviewM12WrongSameNamedIndexIsRejected"}
{"Time":"2026-09-28T23:41:01.2636699+05:30","Action":"output","Package":"resonance/internal/storage","Test":"TestReviewM12WrongSameNamedIndexIsRejected","Output":"=== RUN   TestReviewM12WrongSameNamedIndexIsRejected\n"}
{"Time":"2026-09-28T23:41:01.2646679+05:30","Action":"output","Package":"resonance/internal/storage","Test":"TestReviewM12WrongSameNamedIndexIsRejected","Output":"    review_integration_test.go:49: failed to connect to `user=resonance database=resonance_m17_test`: 127.0.0.1:55439 (127.0.0.1): dial error: dial tcp 127.0.0.1:55439: connectex: No connection could be made because the target machine actively refused it.\n"}
{"Time":"2026-09-28T23:41:01.2646679+05:30","Action":"output","Package":"resonance/internal/storage","Test":"TestReviewM12WrongSameNamedIndexIsRejected","Output":"--- FAIL: TestReviewM12WrongSameNamedIndexIsRejected (0.00s)\n"}
{"Time":"2026-09-28T23:41:01.2646679+05:30","Action":"fail","Package":"resonance/internal/storage","Test":"TestReviewM12WrongSameNamedIndexIsRejected","Elapsed":0}
{"Time":"2026-09-28T23:41:01.2646679+05:30","Action":"run","Package":"resonance/internal/storage","Test":"TestReviewCanceledLockWaitAndPoolCleanup"}
{"Time":"2026-09-28T23:41:01.2646679+05:30","Action":"output","Package":"resonance/internal/storage","Test":"TestReviewCanceledLockWaitAndPoolCleanup","Output":"=== RUN   TestReviewCanceledLockWaitAndPoolCleanup\n"}
{"Time":"2026-09-28T23:41:01.2646679+05:30","Action":"output","Package":"resonance/internal/storage","Test":"TestReviewCanceledLockWaitAndPoolCleanup","Output":"    review_integration_test.go:66: failed to connect to `user=resonance database=resonance_m17_test`: 127.0.0.1:55439 (127.0.0.1): dial error: dial tcp 127.0.0.1:55439: connectex: No connection could be made because the target machine actively refused it.\n"}
{"Time":"2026-09-28T23:41:01.2646679+05:30","Action":"output","Package":"resonance/internal/storage","Test":"TestReviewCanceledLockWaitAndPoolCleanup","Output":"--- FAIL: TestReviewCanceledLockWaitAndPoolCleanup (0.00s)\n"}
{"Time":"2026-09-28T23:41:01.2646679+05:30","Action":"fail","Package":"resonance/internal/storage","Test":"TestReviewCanceledLockWaitAndPoolCleanup","Elapsed":0}
{"Time":"2026-09-28T23:41:01.2646679+05:30","Action":"run","Package":"resonance/internal/storage","Test":"TestReviewIdentityConstraints"}
{"Time":"2026-09-28T23:41:01.2646679+05:30","Action":"output","Package":"resonance/internal/storage","Test":"TestReviewIdentityConstraints","Output":"=== RUN   TestReviewIdentityConstraints\n"}
{"Time":"2026-09-28T23:41:01.2656646+05:30","Action":"output","Package":"resonance/internal/storage","Test":"TestReviewIdentityConstraints","Output":"    review_integration_test.go:98: failed to connect to `user=resonance database=resonance_m17_test`: 127.0.0.1:55439 (127.0.0.1): dial error: dial tcp 127.0.0.1:55439: connectex: No connection could be made because the target machine actively refused it.\n"}
{"Time":"2026-09-28T23:41:01.2656646+05:30","Action":"output","Package":"resonance/internal/storage","Test":"TestReviewIdentityConstraints","Output":"--- FAIL: TestReviewIdentityConstraints (0.00s)\n"}
{"Time":"2026-09-28T23:41:01.2656646+05:30","Action":"fail","Package":"resonance/internal/storage","Test":"TestReviewIdentityConstraints","Elapsed":0}
{"Time":"2026-09-28T23:41:01.2656646+05:30","Action":"run","Package":"resonance/internal/storage","Test":"TestReviewConcurrentMigrators"}
{"Time":"2026-09-28T23:41:01.2656646+05:30","Action":"output","Package":"resonance/internal/storage","Test":"TestReviewConcurrentMigrators","Output":"=== RUN   TestReviewConcurrentMigrators\n"}
{"Time":"2026-09-28T23:41:01.2661719+05:30","Action":"output","Package":"resonance/internal/storage","Test":"TestReviewConcurrentMigrators","Output":"    review_integration_test.go:125: failed to connect to `user=resonance database=resonance_m17_test`: 127.0.0.1:55439 (127.0.0.1): dial error: dial tcp 127.0.0.1:55439: connectex: No connection could be made because the target machine actively refused it.\n"}
{"Time":"2026-09-28T23:41:01.2661719+05:30","Action":"output","Package":"resonance/internal/storage","Test":"TestReviewConcurrentMigrators","Output":"--- FAIL: TestReviewConcurrentMigrators (0.00s)\n"}
{"Time":"2026-09-28T23:41:01.2661719+05:30","Action":"fail","Package":"resonance/internal/storage","Test":"TestReviewConcurrentMigrators","Elapsed":0}
{"Time":"2026-09-28T23:41:01.2661719+05:30","Action":"run","Package":"resonance/internal/storage","Test":"TestReviewReadinessDuringMigrationLock"}
{"Time":"2026-09-28T23:41:01.2661719+05:30","Action":"output","Package":"resonance/internal/storage","Test":"TestReviewReadinessDuringMigrationLock","Output":"=== RUN   TestReviewReadinessDuringMigrationLock\n"}
{"Time":"2026-09-28T23:41:01.2661719+05:30","Action":"output","Package":"resonance/internal/storage","Test":"TestReviewReadinessDuringMigrationLock","Output":"    review_integration_test.go:157: failed to connect to `user=resonance database=resonance_m17_test`: 127.0.0.1:55439 (127.0.0.1): dial error: dial tcp 127.0.0.1:55439: connectex: No connection could be made because the target machine actively refused it.\n"}
{"Time":"2026-09-28T23:41:01.2661719+05:30","Action":"output","Package":"resonance/internal/storage","Test":"TestReviewReadinessDuringMigrationLock","Output":"--- FAIL: TestReviewReadinessDuringMigrationLock (0.00s)\n"}
{"Time":"2026-09-28T23:41:01.2661719+05:30","Action":"fail","Package":"resonance/internal/storage","Test":"TestReviewReadinessDuringMigrationLock","Elapsed":0}
{"Time":"2026-09-28T23:41:01.2661719+05:30","Action":"run","Package":"resonance/internal/storage","Test":"TestReviewFailureAfterFirstDDLIsAtomic"}
{"Time":"2026-09-28T23:41:01.2661719+05:30","Action":"output","Package":"resonance/internal/storage","Test":"TestReviewFailureAfterFirstDDLIsAtomic","Output":"=== RUN   TestReviewFailureAfterFirstDDLIsAtomic\n"}
{"Time":"2026-09-28T23:41:01.2671731+05:30","Action":"output","Package":"resonance/internal/storage","Test":"TestReviewFailureAfterFirstDDLIsAtomic","Output":"    review_integration_test.go:179: failed to connect to `user=resonance database=resonance_m17_test`: 127.0.0.1:55439 (127.0.0.1): dial error: dial tcp 127.0.0.1:55439: connectex: No connection could be made because the target machine actively refused it.\n"}
{"Time":"2026-09-28T23:41:01.2671731+05:30","Action":"output","Package":"resonance/internal/storage","Test":"TestReviewFailureAfterFirstDDLIsAtomic","Output":"--- FAIL: TestReviewFailureAfterFirstDDLIsAtomic (0.00s)\n"}
{"Time":"2026-09-28T23:41:01.2671731+05:30","Action":"fail","Package":"resonance/internal/storage","Test":"TestReviewFailureAfterFirstDDLIsAtomic","Elapsed":0}
{"Time":"2026-09-28T23:41:01.2671731+05:30","Action":"run","Package":"resonance/internal/storage","Test":"TestReviewUnknownAndGappedVersions"}
{"Time":"2026-09-28T23:41:01.2671731+05:30","Action":"output","Package":"resonance/internal/storage","Test":"TestReviewUnknownAndGappedVersions","Output":"=== RUN   TestReviewUnknownAndGappedVersions\n"}
{"Time":"2026-09-28T23:41:01.2671731+05:30","Action":"run","Package":"resonance/internal/storage","Test":"TestReviewUnknownAndGappedVersions/UPDATE_schema_migrations_SET_version=99_WHERE_version=2"}
{"Time":"2026-09-28T23:41:01.2671731+05:30","Action":"output","Package":"resonance/internal/storage","Test":"TestReviewUnknownAndGappedVersions/UPDATE_schema_migrations_SET_version=99_WHERE_version=2","Output":"=== RUN   TestReviewUnknownAndGappedVersions/UPDATE_schema_migrations_SET_version=99_WHERE_version=2\n"}
{"Time":"2026-09-28T23:41:01.2671731+05:30","Action":"output","Package":"resonance/internal/storage","Test":"TestReviewUnknownAndGappedVersions/UPDATE_schema_migrations_SET_version=99_WHERE_version=2","Output":"    review_integration_test.go:211: failed to connect to `user=resonance database=resonance_m17_test`: 127.0.0.1:55439 (127.0.0.1): dial error: dial tcp 127.0.0.1:55439: connectex: No connection could be made because the target machine actively refused it.\n"}
{"Time":"2026-09-28T23:41:01.2671731+05:30","Action":"output","Package":"resonance/internal/storage","Test":"TestReviewUnknownAndGappedVersions/UPDATE_schema_migrations_SET_version=99_WHERE_version=2","Output":"--- FAIL: TestReviewUnknownAndGappedVersions/UPDATE_schema_migrations_SET_version=99_WHERE_version=2 (0.00s)\n"}
{"Time":"2026-09-28T23:41:01.2671731+05:30","Action":"fail","Package":"resonance/internal/storage","Test":"TestReviewUnknownAndGappedVersions/UPDATE_schema_migrations_SET_version=99_WHERE_version=2","Elapsed":0}
{"Time":"2026-09-28T23:41:01.2671731+05:30","Action":"run","Package":"resonance/internal/storage","Test":"TestReviewUnknownAndGappedVersions/DELETE_FROM_schema_migrations_WHERE_version=1"}
{"Time":"2026-09-28T23:41:01.2671731+05:30","Action":"output","Package":"resonance/internal/storage","Test":"TestReviewUnknownAndGappedVersions/DELETE_FROM_schema_migrations_WHERE_version=1","Output":"=== RUN   TestReviewUnknownAndGappedVersions/DELETE_FROM_schema_migrations_WHERE_version=1\n"}
{"Time":"2026-09-28T23:41:01.2681778+05:30","Action":"output","Package":"resonance/internal/storage","Test":"TestReviewUnknownAndGappedVersions/DELETE_FROM_schema_migrations_WHERE_version=1","Output":"    review_integration_test.go:211: failed to connect to `user=resonance database=resonance_m17_test`: 127.0.0.1:55439 (127.0.0.1): dial error: dial tcp 127.0.0.1:55439: connectex: No connection could be made because the target machine actively refused it.\n"}
{"Time":"2026-09-28T23:41:01.2681778+05:30","Action":"output","Package":"resonance/internal/storage","Test":"TestReviewUnknownAndGappedVersions/DELETE_FROM_schema_migrations_WHERE_version=1","Output":"--- FAIL: TestReviewUnknownAndGappedVersions/DELETE_FROM_schema_migrations_WHERE_version=1 (0.00s)\n"}
{"Time":"2026-09-28T23:41:01.2681778+05:30","Action":"fail","Package":"resonance/internal/storage","Test":"TestReviewUnknownAndGappedVersions/DELETE_FROM_schema_migrations_WHERE_version=1","Elapsed":0}
{"Time":"2026-09-28T23:41:01.2681778+05:30","Action":"run","Package":"resonance/internal/storage","Test":"TestReviewUnknownAndGappedVersions/UPDATE_schema_migrations_SET_name='changed'_WHERE_version=1"}
{"Time":"2026-09-28T23:41:01.2681778+05:30","Action":"output","Package":"resonance/internal/storage","Test":"TestReviewUnknownAndGappedVersions/UPDATE_schema_migrations_SET_name='changed'_WHERE_version=1","Output":"=== RUN   TestReviewUnknownAndGappedVersions/UPDATE_schema_migrations_SET_name='changed'_WHERE_version=1\n"}
{"Time":"2026-09-28T23:41:01.2681778+05:30","Action":"output","Package":"resonance/internal/storage","Test":"TestReviewUnknownAndGappedVersions/UPDATE_schema_migrations_SET_name='changed'_WHERE_version=1","Output":"    review_integration_test.go:211: failed to connect to `user=resonance database=resonance_m17_test`: 127.0.0.1:55439 (127.0.0.1): dial error: dial tcp 127.0.0.1:55439: connectex: No connection could be made because the target machine actively refused it.\n"}
{"Time":"2026-09-28T23:41:01.2681778+05:30","Action":"output","Package":"resonance/internal/storage","Test":"TestReviewUnknownAndGappedVersions/UPDATE_schema_migrations_SET_name='changed'_WHERE_version=1","Output":"--- FAIL: TestReviewUnknownAndGappedVersions/UPDATE_schema_migrations_SET_name='changed'_WHERE_version=1 (0.00s)\n"}
{"Time":"2026-09-28T23:41:01.2681778+05:30","Action":"fail","Package":"resonance/internal/storage","Test":"TestReviewUnknownAndGappedVersions/UPDATE_schema_migrations_SET_name='changed'_WHERE_version=1","Elapsed":0}
{"Time":"2026-09-28T23:41:01.2681778+05:30","Action":"output","Package":"resonance/internal/storage","Test":"TestReviewUnknownAndGappedVersions","Output":"--- FAIL: TestReviewUnknownAndGappedVersions (0.00s)\n"}
{"Time":"2026-09-28T23:41:01.2681778+05:30","Action":"fail","Package":"resonance/internal/storage","Test":"TestReviewUnknownAndGappedVersions","Elapsed":0}
{"Time":"2026-09-28T23:41:01.2681778+05:30","Action":"run","Package":"resonance/internal/storage","Test":"TestEmptyMigrationAndIdempotence"}
{"Time":"2026-09-28T23:41:01.2681778+05:30","Action":"output","Package":"resonance/internal/storage","Test":"TestEmptyMigrationAndIdempotence","Output":"=== RUN   TestEmptyMigrationAndIdempotence\n"}
{"Time":"2026-09-28T23:41:01.2691756+05:30","Action":"output","Package":"resonance/internal/storage","Test":"TestEmptyMigrationAndIdempotence","Output":"    storage_integration_test.go:69: failed to connect to `user=resonance database=resonance_m17_test`: 127.0.0.1:55439 (127.0.0.1): dial error: dial tcp 127.0.0.1:55439: connectex: No connection could be made because the target machine actively refused it.\n"}
{"Time":"2026-09-28T23:41:01.2691756+05:30","Action":"output","Package":"resonance/internal/storage","Test":"TestEmptyMigrationAndIdempotence","Output":"--- FAIL: TestEmptyMigrationAndIdempotence (0.00s)\n"}
{"Time":"2026-09-28T23:41:01.2691756+05:30","Action":"fail","Package":"resonance/internal/storage","Test":"TestEmptyMigrationAndIdempotence","Elapsed":0}
{"Time":"2026-09-28T23:41:01.2691756+05:30","Action":"run","Package":"resonance/internal/storage","Test":"TestPendingMigrationIsNotReady"}
{"Time":"2026-09-28T23:41:01.2691756+05:30","Action":"output","Package":"resonance/internal/storage","Test":"TestPendingMigrationIsNotReady","Output":"=== RUN   TestPendingMigrationIsNotReady\n"}
{"Time":"2026-09-28T23:41:01.2701749+05:30","Action":"output","Package":"resonance/internal/storage","Test":"TestPendingMigrationIsNotReady","Output":"    storage_integration_test.go:87: failed to connect to `user=resonance database=resonance_m17_test`: 127.0.0.1:55439 (127.0.0.1): dial error: dial tcp 127.0.0.1:55439: connectex: No connection could be made because the target machine actively refused it.\n"}
{"Time":"2026-09-28T23:41:01.2701749+05:30","Action":"output","Package":"resonance/internal/storage","Test":"TestPendingMigrationIsNotReady","Output":"--- FAIL: TestPendingMigrationIsNotReady (0.00s)\n"}
{"Time":"2026-09-28T23:41:01.2701749+05:30","Action":"fail","Package":"resonance/internal/storage","Test":"TestPendingMigrationIsNotReady","Elapsed":0}
{"Time":"2026-09-28T23:41:01.2701749+05:30","Action":"run","Package":"resonance/internal/storage","Test":"TestPopulatedMigrationPreservesIdentities"}
{"Time":"2026-09-28T23:41:01.2701749+05:30","Action":"output","Package":"resonance/internal/storage","Test":"TestPopulatedMigrationPreservesIdentities","Output":"=== RUN   TestPopulatedMigrationPreservesIdentities\n"}
{"Time":"2026-09-28T23:41:01.2701749+05:30","Action":"output","Package":"resonance/internal/storage","Test":"TestPopulatedMigrationPreservesIdentities","Output":"    storage_integration_test.go:104: failed to connect to `user=resonance database=resonance_m17_test`: 127.0.0.1:55439 (127.0.0.1): dial error: dial tcp 127.0.0.1:55439: connectex: No connection could be made because the target machine actively refused it.\n"}
{"Time":"2026-09-28T23:41:01.2701749+05:30","Action":"output","Package":"resonance/internal/storage","Test":"TestPopulatedMigrationPreservesIdentities","Output":"--- FAIL: TestPopulatedMigrationPreservesIdentities (0.00s)\n"}
{"Time":"2026-09-28T23:41:01.2701749+05:30","Action":"fail","Package":"resonance/internal/storage","Test":"TestPopulatedMigrationPreservesIdentities","Elapsed":0}
{"Time":"2026-09-28T23:41:01.2701749+05:30","Action":"run","Package":"resonance/internal/storage","Test":"TestM12MigrationOnPopulatedCore"}
{"Time":"2026-09-28T23:41:01.2701749+05:30","Action":"output","Package":"resonance/internal/storage","Test":"TestM12MigrationOnPopulatedCore","Output":"=== RUN   TestM12MigrationOnPopulatedCore\n"}
{"Time":"2026-09-28T23:41:01.2711751+05:30","Action":"output","Package":"resonance/internal/storage","Test":"TestM12MigrationOnPopulatedCore","Output":"    storage_integration_test.go:144: failed to connect to `user=resonance database=resonance_m17_test`: 127.0.0.1:55439 (127.0.0.1): dial error: dial tcp 127.0.0.1:55439: connectex: No connection could be made because the target machine actively refused it.\n"}
{"Time":"2026-09-28T23:41:01.2711751+05:30","Action":"output","Package":"resonance/internal/storage","Test":"TestM12MigrationOnPopulatedCore","Output":"--- FAIL: TestM12MigrationOnPopulatedCore (0.00s)\n"}
{"Time":"2026-09-28T23:41:01.2711751+05:30","Action":"fail","Package":"resonance/internal/storage","Test":"TestM12MigrationOnPopulatedCore","Elapsed":0}
{"Time":"2026-09-28T23:41:01.2711751+05:30","Action":"run","Package":"resonance/internal/storage","Test":"TestM16PopulatedSevenToEightMigrationRequiresRootVerification"}
{"Time":"2026-09-28T23:41:01.2711751+05:30","Action":"output","Package":"resonance/internal/storage","Test":"TestM16PopulatedSevenToEightMigrationRequiresRootVerification","Output":"=== RUN   TestM16PopulatedSevenToEightMigrationRequiresRootVerification\n"}
{"Time":"2026-09-28T23:41:01.2724777+05:30","Action":"output","Package":"resonance/internal/storage","Test":"TestM16PopulatedSevenToEightMigrationRequiresRootVerification","Output":"    storage_integration_test.go:170: failed to connect to `user=resonance database=resonance_m17_test`: 127.0.0.1:55439 (127.0.0.1): dial error: dial tcp 127.0.0.1:55439: connectex: No connection could be made because the target machine actively refused it.\n"}
{"Time":"2026-09-28T23:41:01.2724777+05:30","Action":"output","Package":"resonance/internal/storage","Test":"TestM16PopulatedSevenToEightMigrationRequiresRootVerification","Output":"--- FAIL: TestM16PopulatedSevenToEightMigrationRequiresRootVerification (0.00s)\n"}
{"Time":"2026-09-28T23:41:01.2724777+05:30","Action":"fail","Package":"resonance/internal/storage","Test":"TestM16PopulatedSevenToEightMigrationRequiresRootVerification","Elapsed":0}
{"Time":"2026-09-28T23:41:01.2724777+05:30","Action":"run","Package":"resonance/internal/storage","Test":"TestM16RootVerificationEnableMismatchAndExplicitRebind"}
{"Time":"2026-09-28T23:41:01.2724777+05:30","Action":"output","Package":"resonance/internal/storage","Test":"TestM16RootVerificationEnableMismatchAndExplicitRebind","Output":"=== RUN   TestM16RootVerificationEnableMismatchAndExplicitRebind\n"}
{"Time":"2026-09-28T23:41:01.2734772+05:30","Action":"output","Package":"resonance/internal/storage","Test":"TestM16RootVerificationEnableMismatchAndExplicitRebind","Output":"    storage_integration_test.go:214: failed to connect to `user=resonance database=resonance_m17_test`: 127.0.0.1:55439 (127.0.0.1): dial error: dial tcp 127.0.0.1:55439: connectex: No connection could be made because the target machine actively refused it.\n"}
{"Time":"2026-09-28T23:41:01.2734772+05:30","Action":"output","Package":"resonance/internal/storage","Test":"TestM16RootVerificationEnableMismatchAndExplicitRebind","Output":"--- FAIL: TestM16RootVerificationEnableMismatchAndExplicitRebind (0.00s)\n"}
{"Time":"2026-09-28T23:41:01.2734772+05:30","Action":"fail","Package":"resonance/internal/storage","Test":"TestM16RootVerificationEnableMismatchAndExplicitRebind","Elapsed":0}
{"Time":"2026-09-28T23:41:01.2734772+05:30","Action":"run","Package":"resonance/internal/storage","Test":"TestM16EmptySevenToEightMigration"}
{"Time":"2026-09-28T23:41:01.2734772+05:30","Action":"output","Package":"resonance/internal/storage","Test":"TestM16EmptySevenToEightMigration","Output":"=== RUN   TestM16EmptySevenToEightMigration\n"}
{"Time":"2026-09-28T23:41:01.2744749+05:30","Action":"output","Package":"resonance/internal/storage","Test":"TestM16EmptySevenToEightMigration","Output":"    storage_integration_test.go:266: failed to connect to `user=resonance database=resonance_m17_test`: 127.0.0.1:55439 (127.0.0.1): dial error: dial tcp 127.0.0.1:55439: connectex: No connection could be made because the target machine actively refused it.\n"}
{"Time":"2026-09-28T23:41:01.2744749+05:30","Action":"output","Package":"resonance/internal/storage","Test":"TestM16EmptySevenToEightMigration","Output":"--- FAIL: TestM16EmptySevenToEightMigration (0.00s)\n"}
{"Time":"2026-09-28T23:41:01.2744749+05:30","Action":"fail","Package":"resonance/internal/storage","Test":"TestM16EmptySevenToEightMigration","Elapsed":0}
{"Time":"2026-09-28T23:41:01.2744749+05:30","Action":"run","Package":"resonance/internal/storage","Test":"TestM16MigrationRollbackAndRetryAfterPartialDDL"}
{"Time":"2026-09-28T23:41:01.2744749+05:30","Action":"output","Package":"resonance/internal/storage","Test":"TestM16MigrationRollbackAndRetryAfterPartialDDL","Output":"=== RUN   TestM16MigrationRollbackAndRetryAfterPartialDDL\n"}
{"Time":"2026-09-28T23:41:01.2744749+05:30","Action":"output","Package":"resonance/internal/storage","Test":"TestM16MigrationRollbackAndRetryAfterPartialDDL","Output":"    storage_integration_test.go:290: failed to connect to `user=resonance database=resonance_m17_test`: 127.0.0.1:55439 (127.0.0.1): dial error: dial tcp 127.0.0.1:55439: connectex: No connection could be made because the target machine actively refused it.\n"}
{"Time":"2026-09-28T23:41:01.2744749+05:30","Action":"output","Package":"resonance/internal/storage","Test":"TestM16MigrationRollbackAndRetryAfterPartialDDL","Output":"--- FAIL: TestM16MigrationRollbackAndRetryAfterPartialDDL (0.00s)\n"}
{"Time":"2026-09-28T23:41:01.2744749+05:30","Action":"fail","Package":"resonance/internal/storage","Test":"TestM16MigrationRollbackAndRetryAfterPartialDDL","Elapsed":0}
{"Time":"2026-09-28T23:41:01.2744749+05:30","Action":"run","Package":"resonance/internal/storage","Test":"TestM16SchemaContractRejectsRootFenceDrift"}
{"Time":"2026-09-28T23:41:01.2744749+05:30","Action":"output","Package":"resonance/internal/storage","Test":"TestM16SchemaContractRejectsRootFenceDrift","Output":"=== RUN   TestM16SchemaContractRejectsRootFenceDrift\n"}
{"Time":"2026-09-28T23:41:01.2759853+05:30","Action":"output","Package":"resonance/internal/storage","Test":"TestM16SchemaContractRejectsRootFenceDrift","Output":"    storage_integration_test.go:323: failed to connect to `user=resonance database=resonance_m17_test`: 127.0.0.1:55439 (127.0.0.1): dial error: dial tcp 127.0.0.1:55439: connectex: No connection could be made because the target machine actively refused it.\n"}
{"Time":"2026-09-28T23:41:01.2759853+05:30","Action":"output","Package":"resonance/internal/storage","Test":"TestM16SchemaContractRejectsRootFenceDrift","Output":"--- FAIL: TestM16SchemaContractRejectsRootFenceDrift (0.00s)\n"}
{"Time":"2026-09-28T23:41:01.2759853+05:30","Action":"fail","Package":"resonance/internal/storage","Test":"TestM16SchemaContractRejectsRootFenceDrift","Elapsed":0}
{"Time":"2026-09-28T23:41:01.2759853+05:30","Action":"run","Package":"resonance/internal/storage","Test":"TestM12GroupingCorrectionPreservesObservedMetadata"}
{"Time":"2026-09-28T23:41:01.2759853+05:30","Action":"output","Package":"resonance/internal/storage","Test":"TestM12GroupingCorrectionPreservesObservedMetadata","Output":"=== RUN   TestM12GroupingCorrectionPreservesObservedMetadata\n"}
{"Time":"2026-09-28T23:41:01.276995+05:30","Action":"output","Package":"resonance/internal/storage","Test":"TestM12GroupingCorrectionPreservesObservedMetadata","Output":"    storage_integration_test.go:337: failed to connect to `user=resonance database=resonance_m17_test`: 127.0.0.1:55439 (127.0.0.1): dial error: dial tcp 127.0.0.1:55439: connectex: No connection could be made because the target machine actively refused it.\n"}
{"Time":"2026-09-28T23:41:01.276995+05:30","Action":"output","Package":"resonance/internal/storage","Test":"TestM12GroupingCorrectionPreservesObservedMetadata","Output":"--- FAIL: TestM12GroupingCorrectionPreservesObservedMetadata (0.00s)\n"}
{"Time":"2026-09-28T23:41:01.276995+05:30","Action":"fail","Package":"resonance/internal/storage","Test":"TestM12GroupingCorrectionPreservesObservedMetadata","Elapsed":0}
{"Time":"2026-09-28T23:41:01.276995+05:30","Action":"run","Package":"resonance/internal/storage","Test":"TestM13MigrationBackfillsObservationAndMetadataSource"}
{"Time":"2026-09-28T23:41:01.276995+05:30","Action":"output","Package":"resonance/internal/storage","Test":"TestM13MigrationBackfillsObservationAndMetadataSource","Output":"=== RUN   TestM13MigrationBackfillsObservationAndMetadataSource\n"}
{"Time":"2026-09-28T23:41:01.2779957+05:30","Action":"output","Package":"resonance/internal/storage","Test":"TestM13MigrationBackfillsObservationAndMetadataSource","Output":"    storage_integration_test.go:364: failed to connect to `user=resonance database=resonance_m17_test`: 127.0.0.1:55439 (127.0.0.1): dial error: dial tcp 127.0.0.1:55439: connectex: No connection could be made because the target machine actively refused it.\n"}
{"Time":"2026-09-28T23:41:01.2779957+05:30","Action":"output","Package":"resonance/internal/storage","Test":"TestM13MigrationBackfillsObservationAndMetadataSource","Output":"--- FAIL: TestM13MigrationBackfillsObservationAndMetadataSource (0.00s)\n"}
{"Time":"2026-09-28T23:41:01.2779957+05:30","Action":"fail","Package":"resonance/internal/storage","Test":"TestM13MigrationBackfillsObservationAndMetadataSource","Elapsed":0}
{"Time":"2026-09-28T23:41:01.2779957+05:30","Action":"run","Package":"resonance/internal/storage","Test":"TestM13MigrationFailureIsAtomicAndRecoverable"}
{"Time":"2026-09-28T23:41:01.2779957+05:30","Action":"output","Package":"resonance/internal/storage","Test":"TestM13MigrationFailureIsAtomicAndRecoverable","Output":"=== RUN   TestM13MigrationFailureIsAtomicAndRecoverable\n"}
{"Time":"2026-09-28T23:41:01.2779957+05:30","Action":"output","Package":"resonance/internal/storage","Test":"TestM13MigrationFailureIsAtomicAndRecoverable","Output":"    storage_integration_test.go:412: failed to connect to `user=resonance database=resonance_m17_test`: 127.0.0.1:55439 (127.0.0.1): dial error: dial tcp 127.0.0.1:55439: connectex: No connection could be made because the target machine actively refused it.\n"}
{"Time":"2026-09-28T23:41:01.2779957+05:30","Action":"output","Package":"resonance/internal/storage","Test":"TestM13MigrationFailureIsAtomicAndRecoverable","Output":"--- FAIL: TestM13MigrationFailureIsAtomicAndRecoverable (0.00s)\n"}
{"Time":"2026-09-28T23:41:01.2779957+05:30","Action":"fail","Package":"resonance/internal/storage","Test":"TestM13MigrationFailureIsAtomicAndRecoverable","Elapsed":0}
{"Time":"2026-09-28T23:41:01.2789977+05:30","Action":"run","Package":"resonance/internal/storage","Test":"TestMigrationFailureIsAtomicAndRecoverable"}
{"Time":"2026-09-28T23:41:01.2789977+05:30","Action":"output","Package":"resonance/internal/storage","Test":"TestMigrationFailureIsAtomicAndRecoverable","Output":"=== RUN   TestMigrationFailureIsAtomicAndRecoverable\n"}
{"Time":"2026-09-28T23:41:01.2789977+05:30","Action":"output","Package":"resonance/internal/storage","Test":"TestMigrationFailureIsAtomicAndRecoverable","Output":"    storage_integration_test.go:442: failed to connect to `user=resonance database=resonance_m17_test`: 127.0.0.1:55439 (127.0.0.1): dial error: dial tcp 127.0.0.1:55439: connectex: No connection could be made because the target machine actively refused it.\n"}
{"Time":"2026-09-28T23:41:01.2789977+05:30","Action":"output","Package":"resonance/internal/storage","Test":"TestMigrationFailureIsAtomicAndRecoverable","Output":"--- FAIL: TestMigrationFailureIsAtomicAndRecoverable (0.00s)\n"}
{"Time":"2026-09-28T23:41:01.2789977+05:30","Action":"fail","Package":"resonance/internal/storage","Test":"TestMigrationFailureIsAtomicAndRecoverable","Elapsed":0}
{"Time":"2026-09-28T23:41:01.2789977+05:30","Action":"run","Package":"resonance/internal/storage","Test":"TestIncompatibleSchemaRejected"}
{"Time":"2026-09-28T23:41:01.2789977+05:30","Action":"output","Package":"resonance/internal/storage","Test":"TestIncompatibleSchemaRejected","Output":"=== RUN   TestIncompatibleSchemaRejected\n"}
{"Time":"2026-09-28T23:41:01.2799968+05:30","Action":"output","Package":"resonance/internal/storage","Test":"TestIncompatibleSchemaRejected","Output":"    storage_integration_test.go:467: failed to connect to `user=resonance database=resonance_m17_test`: 127.0.0.1:55439 (127.0.0.1): dial error: dial tcp 127.0.0.1:55439: connectex: No connection could be made because the target machine actively refused it.\n"}
{"Time":"2026-09-28T23:41:01.2799968+05:30","Action":"output","Package":"resonance/internal/storage","Test":"TestIncompatibleSchemaRejected","Output":"--- FAIL: TestIncompatibleSchemaRejected (0.00s)\n"}
{"Time":"2026-09-28T23:41:01.2799968+05:30","Action":"fail","Package":"resonance/internal/storage","Test":"TestIncompatibleSchemaRejected","Elapsed":0}
{"Time":"2026-09-28T23:41:01.2799968+05:30","Action":"run","Package":"resonance/internal/storage","Test":"TestMissingCoreTableIsNotReady"}
{"Time":"2026-09-28T23:41:01.2799968+05:30","Action":"output","Package":"resonance/internal/storage","Test":"TestMissingCoreTableIsNotReady","Output":"=== RUN   TestMissingCoreTableIsNotReady\n"}
{"Time":"2026-09-28T23:41:01.2799968+05:30","Action":"output","Package":"resonance/internal/storage","Test":"TestMissingCoreTableIsNotReady","Output":"    storage_integration_test.go:484: failed to connect to `user=resonance database=resonance_m17_test`: 127.0.0.1:55439 (127.0.0.1): dial error: dial tcp 127.0.0.1:55439: connectex: No connection could be made because the target machine actively refused it.\n"}
{"Time":"2026-09-28T23:41:01.2799968+05:30","Action":"output","Package":"resonance/internal/storage","Test":"TestMissingCoreTableIsNotReady","Output":"--- FAIL: TestMissingCoreTableIsNotReady (0.00s)\n"}
{"Time":"2026-09-28T23:41:01.2799968+05:30","Action":"fail","Package":"resonance/internal/storage","Test":"TestMissingCoreTableIsNotReady","Elapsed":0}
{"Time":"2026-09-28T23:41:01.2799968+05:30","Action":"run","Package":"resonance/internal/storage","Test":"TestConnectionRecovery"}
{"Time":"2026-09-28T23:41:01.2799968+05:30","Action":"output","Package":"resonance/internal/storage","Test":"TestConnectionRecovery","Output":"=== RUN   TestConnectionRecovery\n"}
{"Time":"2026-09-28T23:41:01.2815042+05:30","Action":"output","Package":"resonance/internal/storage","Test":"TestConnectionRecovery","Output":"    storage_integration_test.go:498: failed to connect to `user=resonance database=resonance_m17_test`: 127.0.0.1:55439 (127.0.0.1): dial error: dial tcp 127.0.0.1:55439: connectex: No connection could be made because the target machine actively refused it.\n"}
{"Time":"2026-09-28T23:41:01.2815042+05:30","Action":"output","Package":"resonance/internal/storage","Test":"TestConnectionRecovery","Output":"--- FAIL: TestConnectionRecovery (0.00s)\n"}
{"Time":"2026-09-28T23:41:01.2815042+05:30","Action":"fail","Package":"resonance/internal/storage","Test":"TestConnectionRecovery","Elapsed":0}
{"Time":"2026-09-28T23:41:01.2815042+05:30","Action":"run","Package":"resonance/internal/storage","Test":"TestNoDatabaseURL"}
{"Time":"2026-09-28T23:41:01.2815042+05:30","Action":"output","Package":"resonance/internal/storage","Test":"TestNoDatabaseURL","Output":"=== RUN   TestNoDatabaseURL\n"}
{"Time":"2026-09-28T23:41:01.2820543+05:30","Action":"output","Package":"resonance/internal/storage","Test":"TestNoDatabaseURL","Output":"--- PASS: TestNoDatabaseURL (0.00s)\n"}
{"Time":"2026-09-28T23:41:01.2820543+05:30","Action":"pass","Package":"resonance/internal/storage","Test":"TestNoDatabaseURL","Elapsed":0}
{"Time":"2026-09-28T23:41:01.2820543+05:30","Action":"run","Package":"resonance/internal/storage","Test":"TestM15BenchmarkEvidence"}
{"Time":"2026-09-28T23:41:01.2820543+05:30","Action":"output","Package":"resonance/internal/storage","Test":"TestM15BenchmarkEvidence","Output":"=== RUN   TestM15BenchmarkEvidence\n"}
{"Time":"2026-09-28T23:41:01.2820543+05:30","Action":"output","Package":"resonance/internal/storage","Test":"TestM15BenchmarkEvidence","Output":"    user_benchmark_integration_test.go:38: set RESONANCE_M15_BENCHMARK_OUTPUT for explicit evidence run\n"}
{"Time":"2026-09-28T23:41:01.2820543+05:30","Action":"output","Package":"resonance/internal/storage","Test":"TestM15BenchmarkEvidence","Output":"--- SKIP: TestM15BenchmarkEvidence (0.00s)\n"}
{"Time":"2026-09-28T23:41:01.2820543+05:30","Action":"skip","Package":"resonance/internal/storage","Test":"TestM15BenchmarkEvidence","Elapsed":0}
{"Time":"2026-09-28T23:41:01.2820543+05:30","Action":"run","Package":"resonance/internal/storage","Test":"TestM15PopulatedUpgradeAndExactContract"}
{"Time":"2026-09-28T23:41:01.2820543+05:30","Action":"output","Package":"resonance/internal/storage","Test":"TestM15PopulatedUpgradeAndExactContract","Output":"=== RUN   TestM15PopulatedUpgradeAndExactContract\n"}
{"Time":"2026-09-28T23:41:01.2826147+05:30","Action":"output","Package":"resonance/internal/storage","Test":"TestM15PopulatedUpgradeAndExactContract","Output":"    user_library_integration_test.go:41: failed to connect to `user=resonance database=resonance_m17_test`: 127.0.0.1:55439 (127.0.0.1): dial error: dial tcp 127.0.0.1:55439: connectex: No connection could be made because the target machine actively refused it.\n"}
{"Time":"2026-09-28T23:41:01.2826147+05:30","Action":"output","Package":"resonance/internal/storage","Test":"TestM15PopulatedUpgradeAndExactContract","Output":"--- FAIL: TestM15PopulatedUpgradeAndExactContract (0.00s)\n"}
{"Time":"2026-09-28T23:41:01.2826147+05:30","Action":"fail","Package":"resonance/internal/storage","Test":"TestM15PopulatedUpgradeAndExactContract","Elapsed":0}
{"Time":"2026-09-28T23:41:01.2826147+05:30","Action":"run","Package":"resonance/internal/storage","Test":"TestM15MigrationFailureRetryAndConstraintDrift"}
{"Time":"2026-09-28T23:41:01.2826147+05:30","Action":"output","Package":"resonance/internal/storage","Test":"TestM15MigrationFailureRetryAndConstraintDrift","Output":"=== RUN   TestM15MigrationFailureRetryAndConstraintDrift\n"}
{"Time":"2026-09-28T23:41:01.2831581+05:30","Action":"output","Package":"resonance/internal/storage","Test":"TestM15MigrationFailureRetryAndConstraintDrift","Output":"    user_library_integration_test.go:90: failed to connect to `user=resonance database=resonance_m17_test`: 127.0.0.1:55439 (127.0.0.1): dial error: dial tcp 127.0.0.1:55439: connectex: No connection could be made because the target machine actively refused it.\n"}
{"Time":"2026-09-28T23:41:01.2831581+05:30","Action":"output","Package":"resonance/internal/storage","Test":"TestM15MigrationFailureRetryAndConstraintDrift","Output":"--- FAIL: TestM15MigrationFailureRetryAndConstraintDrift (0.00s)\n"}
{"Time":"2026-09-28T23:41:01.2831581+05:30","Action":"fail","Package":"resonance/internal/storage","Test":"TestM15MigrationFailureRetryAndConstraintDrift","Elapsed":0}
{"Time":"2026-09-28T23:41:01.2831581+05:30","Action":"run","Package":"resonance/internal/storage","Test":"TestM15QueueReceiptsAtomicEndedAndPlaylist"}
{"Time":"2026-09-28T23:41:01.2831581+05:30","Action":"output","Package":"resonance/internal/storage","Test":"TestM15QueueReceiptsAtomicEndedAndPlaylist","Output":"=== RUN   TestM15QueueReceiptsAtomicEndedAndPlaylist\n"}
{"Time":"2026-09-28T23:41:01.2837052+05:30","Action":"output","Package":"resonance/internal/storage","Test":"TestM15QueueReceiptsAtomicEndedAndPlaylist","Output":"    user_library_integration_test.go:127: failed to connect to `user=resonance database=resonance_m17_test`: 127.0.0.1:55439 (127.0.0.1): dial error: dial tcp 127.0.0.1:55439: connectex: No connection could be made because the target machine actively refused it.\n"}
{"Time":"2026-09-28T23:41:01.2837052+05:30","Action":"output","Package":"resonance/internal/storage","Test":"TestM15QueueReceiptsAtomicEndedAndPlaylist","Output":"--- FAIL: TestM15QueueReceiptsAtomicEndedAndPlaylist (0.00s)\n"}
{"Time":"2026-09-28T23:41:01.2837052+05:30","Action":"fail","Package":"resonance/internal/storage","Test":"TestM15QueueReceiptsAtomicEndedAndPlaylist","Elapsed":0}
{"Time":"2026-09-28T23:41:01.2837052+05:30","Action":"run","Package":"resonance/internal/storage","Test":"TestM15ConcurrentReceiptsAndCompareAndSwap"}
{"Time":"2026-09-28T23:41:01.2837052+05:30","Action":"output","Package":"resonance/internal/storage","Test":"TestM15ConcurrentReceiptsAndCompareAndSwap","Output":"=== RUN   TestM15ConcurrentReceiptsAndCompareAndSwap\n"}
{"Time":"2026-09-28T23:41:01.28424+05:30","Action":"output","Package":"resonance/internal/storage","Test":"TestM15ConcurrentReceiptsAndCompareAndSwap","Output":"    user_library_integration_test.go:366: failed to connect to `user=resonance database=resonance_m17_test`: 127.0.0.1:55439 (127.0.0.1): dial error: dial tcp 127.0.0.1:55439: connectex: No connection could be made because the target machine actively refused it.\n"}
{"Time":"2026-09-28T23:41:01.28424+05:30","Action":"output","Package":"resonance/internal/storage","Test":"TestM15ConcurrentReceiptsAndCompareAndSwap","Output":"--- FAIL: TestM15ConcurrentReceiptsAndCompareAndSwap (0.00s)\n"}
{"Time":"2026-09-28T23:41:01.28424+05:30","Action":"fail","Package":"resonance/internal/storage","Test":"TestM15ConcurrentReceiptsAndCompareAndSwap","Elapsed":0}
{"Time":"2026-09-28T23:41:01.28424+05:30","Action":"run","Package":"resonance/internal/storage","Test":"TestM15HistoryThresholdsReportsAndReceiptExpiry"}
{"Time":"2026-09-28T23:41:01.28424+05:30","Action":"output","Package":"resonance/internal/storage","Test":"TestM15HistoryThresholdsReportsAndReceiptExpiry","Output":"=== RUN   TestM15HistoryThresholdsReportsAndReceiptExpiry\n"}
{"Time":"2026-09-28T23:41:01.2847689+05:30","Action":"output","Package":"resonance/internal/storage","Test":"TestM15HistoryThresholdsReportsAndReceiptExpiry","Output":"    user_library_integration_test.go:531: failed to connect to `user=resonance database=resonance_m17_test`: 127.0.0.1:55439 (127.0.0.1): dial error: dial tcp 127.0.0.1:55439: connectex: No connection could be made because the target machine actively refused it.\n"}
{"Time":"2026-09-28T23:41:01.2847689+05:30","Action":"output","Package":"resonance/internal/storage","Test":"TestM15HistoryThresholdsReportsAndReceiptExpiry","Output":"--- FAIL: TestM15HistoryThresholdsReportsAndReceiptExpiry (0.00s)\n"}
{"Time":"2026-09-28T23:41:01.2847689+05:30","Action":"fail","Package":"resonance/internal/storage","Test":"TestM15HistoryThresholdsReportsAndReceiptExpiry","Elapsed":0}
{"Time":"2026-09-28T23:41:01.2847689+05:30","Action":"run","Package":"resonance/internal/storage","Test":"TestM15UnavailableSkipAndRestartPersistence"}
{"Time":"2026-09-28T23:41:01.2847689+05:30","Action":"output","Package":"resonance/internal/storage","Test":"TestM15UnavailableSkipAndRestartPersistence","Output":"=== RUN   TestM15UnavailableSkipAndRestartPersistence\n"}
{"Time":"2026-09-28T23:41:01.2853004+05:30","Action":"output","Package":"resonance/internal/storage","Test":"TestM15UnavailableSkipAndRestartPersistence","Output":"    user_library_integration_test.go:649: failed to connect to `user=resonance database=resonance_m17_test`: 127.0.0.1:55439 (127.0.0.1): dial error: dial tcp 127.0.0.1:55439: connectex: No connection could be made because the target machine actively refused it.\n"}
{"Time":"2026-09-28T23:41:01.2853004+05:30","Action":"output","Package":"resonance/internal/storage","Test":"TestM15UnavailableSkipAndRestartPersistence","Output":"--- FAIL: TestM15UnavailableSkipAndRestartPersistence (0.00s)\n"}
{"Time":"2026-09-28T23:41:01.2853004+05:30","Action":"fail","Package":"resonance/internal/storage","Test":"TestM15UnavailableSkipAndRestartPersistence","Elapsed":0}
{"Time":"2026-09-28T23:41:01.2853004+05:30","Action":"run","Package":"resonance/internal/storage","Test":"TestM15BoundedQueueAndPlaylist"}
{"Time":"2026-09-28T23:41:01.2853004+05:30","Action":"output","Package":"resonance/internal/storage","Test":"TestM15BoundedQueueAndPlaylist","Output":"=== RUN   TestM15BoundedQueueAndPlaylist\n"}
{"Time":"2026-09-28T23:41:01.2863393+05:30","Action":"output","Package":"resonance/internal/storage","Test":"TestM15BoundedQueueAndPlaylist","Output":"    user_library_integration_test.go:819: failed to connect to `user=resonance database=resonance_m17_test`: 127.0.0.1:55439 (127.0.0.1): dial error: dial tcp 127.0.0.1:55439: connectex: No connection could be made because the target machine actively refused it.\n"}
{"Time":"2026-09-28T23:41:01.2863393+05:30","Action":"output","Package":"resonance/internal/storage","Test":"TestM15BoundedQueueAndPlaylist","Output":"--- FAIL: TestM15BoundedQueueAndPlaylist (0.00s)\n"}
{"Time":"2026-09-28T23:41:01.2863393+05:30","Action":"fail","Package":"resonance/internal/storage","Test":"TestM15BoundedQueueAndPlaylist","Elapsed":0}
{"Time":"2026-09-28T23:41:01.2863393+05:30","Action":"output","Package":"resonance/internal/storage","Output":"FAIL\n"}
{"Time":"2026-09-28T23:41:01.2912943+05:30","Action":"output","Package":"resonance/internal/storage","Output":"FAIL\tresonance/internal/storage\t0.109s\n"}
{"Time":"2026-09-28T23:41:01.2912943+05:30","Action":"fail","Package":"resonance/internal/storage","Elapsed":0.11}
